s1_id,target_id,country,source,v3_rank,v3_score,model_score
S1-100018681,S3-577692982,India,S3,54,0.7061,1.0000
S1-100080133,S2-757246975,US,S2,1,1.0000,1.0000
S1-100080133,S2-239458386,US,S2,2,1.0000,1.0000
S1-100097088,S3-288694311,US,S3,1,1.0000,1.0000
S1-100097088,S3-54786152,US,S3,2,0.7382,0.9998
S1-100200459,S3-989744528,India,S3,1,0.8667,0.5848
S1-100200459,S3-243949530,India,S3,2,0.8667,0.5848
S1-100200459,S2-23408368,India,S2,3,0.8667,0.1825
S1-100200459,S2-114173018,India,S2,4,0.8667,0.2311
S1-10047415,S2-724152979,US,S2,1,0.9000,0.9991
S1-10047415,S2-701820576,US,S2,2,0.9000,1.0000
S1-10047415,S3-950298054,US,S3,11,0.5120,0.9569
S1-100517307,S3-936502397,US,S3,1,1.0000,0.9998
S1-100517307,S2-327492002,US,S2,3,0.8212,0.9996
S1-10060098,S3-982790094,US,S3,1,1.0000,1.0000
S1-10060098,S2-370123146,US,S2,2,0.9000,0.9979
S1-10060098,S2-744419107,US,S2,3,0.7667,0.9992
S1-10060098,S3-48209400,US,S3,4,0.7396,0.9605
S1-10060098,S3-884533774,US,S3,6,0.6476,0.9960
S1-10060098,S2-526195150,US,S2,7,0.5762,0.9892
S1-100650547,S2-404888937,India,S2,1,1.0000,0.9990
S1-100650547,S3-172873998,India,S3,2,0.7667,0.7184
S1-100698162,S3-521898810,India,S3,1,1.0000,1.0000
S1-100698162,S2-701103505,India,S2,2,1.0000,0.9998
S1-10071224,S3-584066483,US,S3,1,0.8667,0.9964
S1-10071224,S2-71133733,US,S2,2,0.7667,0.3790
S1-10071224,S2-507759778,US,S2,4,0.7667,0.7656
S1-10071224,S3-889061536,US,S3,5,0.6847,0.9731
S1-100725527,S3-265896733,US,S3,1,1.0000,1.0000
S1-100725527,S3-878135346,US,S3,2,0.8000,0.9998
S1-100730294,S2-119330211,US,S2,1,1.0000,1.0000
S1-100730294,S2-119152237,US,S2,2,1.0000,1.0000
S1-100730294,S2-497962260,US,S2,3,0.9000,0.9999
S1-100766861,S2-950098201,US,S2,1,0.8967,0.9999
S1-100766861,S2-727222045,US,S2,2,0.8917,0.9996
S1-100766861,S2-685270205,US,S2,3,0.8917,0.9996
S1-100766861,S3-92967635,US,S3,11,0.6256,0.9951
S1-100766966,S3-221131847,India,S3,1,1.0000,0.9979
S1-100766966,S2-872365614,India,S2,2,1.0000,0.9996
S1-100766966,S2-18145524,India,S2,3,1.0000,0.9996
S1-100766966,S3-387455714,India,S3,22,0.6238,0.9981
S1-100826062,S2-594114242,US,S2,1,1.0000,1.0000
S1-100826062,S3-186884249,US,S3,2,0.8090,0.9995
S1-100826062,S2-360548375,US,S2,3,0.7862,0.9998
S1-100826062,S3-92804215,US,S3,4,0.7667,0.9801
S1-100845882,S2-483537761,India,S2,1,1.0000,0.9987
S1-100845882,S2-499587446,India,S2,3,0.7667,0.9353
S1-100845882,S2-509115453,India,S2,5,0.7396,0.9988
S1-101018227,S3-832496299,India,S3,2,0.9000,0.9999
S1-101018227,S3-147171463,India,S3,986,0.7515,0.9978
S1-101037109,S2-914619479,US,S2,1,0.9000,0.9563
S1-101037109,S2-448480840,US,S2,2,0.9000,0.9998
S1-101079505,S2-730336350,US,S2,1,1.0000,0.9997
S1-101079505,S3-656253134,US,S3,2,0.9000,1.0000
S1-101079505,S2-565361666,US,S2,3,0.7985,0.9986
S1-101153630,S3-225074129,India,S3,1,1.0000,0.9998
S1-101153630,S3-695455660,India,S3,2,0.9000,0.9559
S1-101153630,S3-183832822,India,S3,3,0.9000,0.9999
S1-101153630,S3-880249053,India,S3,62,0.6738,0.9646
S1-101198918,S3-779651672,India,S3,1,1.0000,1.0000
S1-101198918,S3-428490505,India,S3,2,1.0000,0.9985
S1-101198918,S2-983944737,India,S2,3,0.9000,0.9635
S1-101198918,S2-677805588,India,S2,4,0.9000,0.9820
S1-10122638,S2-549159863,US,S2,1,1.0000,1.0000
S1-10122638,S2-199918248,US,S2,2,1.0000,0.9999
S1-101242918,S3-289979191,India,S3,1,0.8667,0.9978
S1-101242918,S2-907035737,India,S2,2,0.8667,0.9988
S1-101326835,S2-687640016,US,S2,1,0.9000,0.9999
S1-101350784,S2-688725897,US,S2,1,1.0000,1.0000
S1-101350784,S3-362375712,US,S3,5,0.7667,0.7429
S1-101350784,S2-373634878,US,S2,7,0.7667,0.9998
S1-101483878,S3-523021522,US,S3,1,1.0000,1.0000
S1-101483878,S2-573022329,US,S2,8,0.7667,0.9996
S1-101495358,S3-761345301,US,S3,1,1.0000,0.9996
S1-101495358,S3-159614312,US,S3,2,1.0000,1.0000
S1-101495358,S2-363240701,US,S2,3,1.0000,0.9997
S1-101495358,S2-49525787,US,S2,5,0.7667,0.9998
S1-101578159,S3-605126647,US,S3,1,1.0000,1.0000
S1-101578159,S3-742367982,US,S3,9,0.7667,0.7666
S1-101600459,S2-141941838,US,S2,24,0.7410,0.9989
S1-101605044,S3-414098578,US,S3,1,0.8619,0.9996
S1-101605044,S3-391015203,US,S3,2,0.8619,0.9997
S1-101605044,S3-662739034,US,S3,3,0.7748,0.9995
S1-101606467,S3-733281037,India,S3,1,0.9111,0.9997
S1-101683087,S2-794073113,US,S2,1,0.8083,0.9982
S1-101683087,S3-540009018,US,S3,19,0.7667,0.3958
S1-101683087,S3-415585697,US,S3,27,0.7667,0.9983
S1-101851756,S2-809147956,US,S2,1,1.0000,0.9997
S1-101851756,S3-730710749,US,S3,2,0.7667,0.3631
S1-101851756,S2-397988065,US,S2,3,0.6932,0.9884
S1-101872960,S3-96869985,India,S3,1,1.0000,0.9999
S1-101872960,S2-297281939,India,S2,24,0.7970,0.9995
S1-102014991,S2-830123664,India,S2,1,0.8667,0.9999
S1-102014991,S3-298787209,India,S3,2,0.7667,0.9993
S1-102047830,S3-592278018,India,S3,2,0.8667,0.7147
S1-102047830,S2-39263638,India,S2,3,0.8667,0.5097
S1-102088895,S2-450431100,US,S2,1,1.0000,0.9995
S1-102088895,S2-315545916,US,S2,2,1.0000,1.0000
S1-102088895,S2-69234347,US,S2,5,0.7667,0.7910
S1-102102658,S3-788607725,US,S3,1,0.9167,0.9997
S1-102102658,S3-863764355,US,S3,2,0.8895,0.9996
S1-102141839,S2-248093798,US,S2,1,1.0000,0.9998
S1-102141839,S3-444619731,US,S3,76,0.7667,0.5828
S1-102305540,S3-686472986,US,S3,1,1.0000,1.0000
S1-102305540,S2-698074213,US,S2,2,1.0000,1.0000
S1-102305540,S3-393849162,US,S3,4,0.5333,0.9964
S1-102459114,S2-829819118,US,S2,1,1.0000,0.9997
S1-102459114,S3-851589809,US,S3,3,0.8619,0.9992
S1-102459114,S2-776052951,US,S2,4,0.8436,0.9997
S1-102459114,S2-229331056,US,S2,5,0.7812,0.9997
S1-102463404,S3-349170798,US,S3,1,1.0000,1.0000
S1-102463404,S3-197786517,US,S3,2,1.0000,0.9992
S1-102463404,S2-686385902,US,S2,3,1.0000,1.0000
S1-102463404,S2-35866071,US,S2,4,1.0000,0.9986
S1-102463404,S2-231829947,US,S2,5,1.0000,0.9993
S1-102488928,S3-180062378,India,S3,1,0.8667,0.4864
S1-102532009,S3-811624182,US,S3,1,0.8798,0.9997
S1-102532009,S2-573919150,US,S2,2,0.8054,0.9986
S1-102602191,S3-844297134,US,S3,1,1.0000,1.0000
S1-102602191,S3-282882313,US,S3,2,1.0000,1.0000
S1-102660717,S3-60958663,India,S3,1,0.8667,0.5917
S1-102660717,S3-477222794,India,S3,2,0.8667,0.6427
S1-102660717,S2-469705938,India,S2,4,0.8667,0.9868
S1-102755020,S3-832375655,India,S3,4,0.7667,0.5621
S1-102755020,S3-633686432,India,S3,5,0.7667,0.9963
S1-102755623,S2-853440077,US,S2,1,1.0000,0.9998
S1-102755623,S3-763695606,US,S3,4,0.7667,0.3091
S1-102756425,S3-731705255,US,S3,1,1.0000,1.0000
S1-102756425,S3-139369691,US,S3,2,1.0000,1.0000
S1-102756425,S2-389909956,US,S2,3,1.0000,0.9996
S1-102756425,S3-376216595,US,S3,4,0.8619,0.9996
S1-102756425,S2-681161311,US,S2,5,0.8619,0.9996
S1-10284455,S2-159674262,India,S2,1,1.0000,1.0000
S1-10284455,S3-819532554,India,S3,3,0.7667,0.5268
S1-10284455,S2-248110251,India,S2,4,0.7667,0.9300
S1-102946976,S3-21716106,US,S3,1,1.0000,1.0000
S1-102946976,S3-176522287,US,S3,2,1.0000,0.9997
S1-102946976,S2-642223749,US,S2,3,1.0000,1.0000
S1-102946976,S3-412473967,US,S3,4,0.9000,0.9990
S1-102946976,S3-893114149,US,S3,5,0.8179,0.9994
S1-102953666,S3-860367368,India,S3,1,1.0000,0.9997
S1-102953666,S3-673243525,India,S3,2,1.0000,1.0000
S1-102953666,S3-112287266,India,S3,3,1.0000,0.9970
S1-102953666,S2-402239333,India,S2,4,1.0000,0.9993
S1-102953666,S3-319400038,India,S3,12,0.6556,0.9999
S1-102954774,S2-349797715,US,S2,1,1.0000,1.0000
S1-103087058,S2-14547230,India,S2,1,1.0000,0.9994
S1-103087058,S3-369144697,India,S3,2,0.9000,0.9559
S1-103087058,S2-1426554,India,S2,3,0.8333,0.9987
S1-103087058,S2-242779053,India,S2,4,0.8018,0.9996
S1-103093522,S3-348673567,India,S3,1,1.0000,0.9999
S1-103093522,S3-184236444,India,S3,2,1.0000,0.9971
S1-103093522,S3-170164156,India,S3,3,1.0000,0.9999
S1-103093522,S2-688546001,India,S2,4,1.0000,1.0000
S1-103093522,S2-347165937,India,S2,5,1.0000,0.9993
S1-103093522,S2-292179475,India,S2,9,0.7250,0.9994
S1-103093522,S2-256119758,India,S2,10,0.5455,0.9561
S1-103096069,S2-974754567,India,S2,1,1.0000,0.9981
S1-103131511,S3-769670156,India,S3,1,0.8667,0.6665
S1-103131511,S3-380756724,India,S3,2,0.8667,0.9825
S1-103258476,S3-949668937,India,S3,1,1.0000,0.9988
S1-103258476,S3-87436460,India,S3,2,1.0000,0.9988
S1-103258476,S2-976808361,India,S2,3,1.0000,0.9997
S1-103510838,S3-68178011,US,S3,1,0.9000,1.0000
S1-103510838,S2-325723793,US,S2,6,0.6795,0.9982
S1-103510838,S3-107462283,US,S3,11,0.6407,0.9979
S1-103517846,S2-536122648,India,S2,1,1.0000,0.9939
S1-103517846,S3-119115915,India,S3,2,0.7667,0.9985
S1-103598483,S2-922797001,India,S2,1,1.0000,0.9999
S1-103598483,S2-191080166,India,S2,2,1.0000,0.9962
S1-103598483,S3-603872668,India,S3,3,0.7667,0.9934
S1-103598483,S2-100365227,India,S2,4,0.7667,0.9981
S1-103598483,S3-877118847,India,S3,6,0.6275,0.9993
S1-103874204,S3-609700496,US,S3,1,1.0000,1.0000
S1-10394120,S2-99283607,US,S2,1,0.7667,0.9784
S1-10394120,S2-576992951,US,S2,2,0.5944,0.8754
S1-103957554,S2-518062555,India,S2,1,1.0000,0.9999
S1-103957554,S3-488658547,India,S3,5,0.9000,0.9996
S1-104043109,S3-570802237,India,S3,1,1.0000,0.9998
S1-104043109,S2-684741952,India,S2,2,0.8952,0.9994
S1-104046627,S3-807615199,India,S3,1,1.0000,0.9996
S1-104046627,S2-450562180,India,S2,2,0.7667,0.6581
S1-104099123,S3-566463855,India,S3,1,0.8667,0.6043
S1-104099123,S2-626380047,India,S2,14,0.7667,0.9399
S1-104215935,S2-339644570,US,S2,3,1.0000,0.9995
S1-104215935,S2-331236265,US,S2,4,1.0000,0.9995
S1-104215935,S3-326587698,US,S3,84,0.7667,0.9796
S1-104251384,S3-671658127,India,S3,1,1.0000,1.0000
S1-104251384,S2-158087214,India,S2,2,1.0000,0.9981
S1-104251384,S2-267049244,India,S2,3,0.8333,0.9872
S1-104283082,S2-843729388,US,S2,1,1.0000,0.9997
S1-104283082,S2-238270322,US,S2,2,0.9198,0.9999
S1-104283082,S3-447457968,US,S3,3,0.9000,0.9999
S1-104283082,S3-251670461,US,S3,24,0.7197,0.9968
S1-104307827,S3-372544144,US,S3,1,0.9067,0.9999
S1-104307827,S3-585157253,US,S3,3,0.8143,0.9987
S1-104447985,S3-492100305,US,S3,1,1.0000,1.0000
S1-104447985,S2-84912591,US,S2,2,0.6923,0.9824
S1-104722086,S2-609056339,India,S2,1,1.0000,1.0000
S1-104722086,S2-345052383,India,S2,2,1.0000,0.9979
S1-104722086,S3-762349518,India,S3,3,0.9000,0.9981
S1-104722086,S3-969046610,India,S3,5,0.7982,1.0000
S1-104822240,S3-519060455,India,S3,1,1.0000,0.9990
S1-104822240,S3-453544208,India,S3,2,1.0000,1.0000
S1-104822240,S2-160226782,India,S2,3,0.6882,0.9986
S1-104858709,S3-649587227,India,S3,1,1.0000,0.9964
S1-105180646,S3-33182738,US,S3,1,0.9000,0.9892
S1-105180646,S3-148951169,US,S3,2,0.9000,0.9997
S1-105211811,S2-436681799,India,S2,1,1.0000,0.9990
S1-105211811,S3-452733732,India,S3,2,0.9500,1.0000
S1-105211811,S3-217127049,India,S3,4,0.6476,0.9992
S1-105238418,S3-999645189,US,S3,1,1.0000,0.9996
S1-105238418,S3-688326209,US,S3,2,1.0000,1.0000
S1-105241970,S3-493861055,US,S3,1,1.0000,1.0000
S1-105241970,S2-755319401,US,S2,2572,0.7333,0.9976
S1-105317471,S2-85497792,US,S2,1,0.8917,0.9995
S1-105317471,S3-186031162,US,S3,2,0.8667,0.9995
S1-10534661,S3-975019899,India,S3,1,0.9000,0.9982
S1-10534661,S3-702038996,India,S3,19,0.7007,0.9980
S1-105355220,S3-370543746,India,S3,1,0.7667,0.9993
S1-105355220,S2-651757183,India,S2,5,0.6296,0.9986
S1-105417727,S3-85304528,India,S3,2,0.7667,0.4902
S1-105417727,S3-494487189,India,S3,5,0.7667,0.4902
S1-105417727,S2-325406524,India,S2,16,0.7667,0.6329
S1-105472965,S2-119432295,India,S2,1,0.8396,0.9999
S1-105472965,S2-462808751,India,S2,2,0.7847,0.9997
S1-105500921,S3-194606196,US,S3,1,0.9111,0.9994
S1-105500921,S2-974646796,US,S2,2,0.7667,0.9967
S1-105500921,S2-554093116,US,S2,4,0.7667,0.8440
S1-105500921,S3-248296345,US,S3,6,0.7624,0.9998
S1-10556800,S3-858288793,India,S3,1,0.8667,0.9994
S1-10556800,S2-913316031,India,S2,2,0.8667,0.9999
S1-105593862,S3-960940930,India,S3,1,1.0000,0.9997
S1-105593862,S3-109713298,India,S3,2,1.0000,1.0000
S1-105593862,S3-969624479,India,S3,12,0.6652,0.9986
S1-105664208,S3-822286268,US,S3,1,1.0000,0.9998
S1-105664208,S3-127613650,US,S3,2,1.0000,1.0000
S1-105664208,S2-694230780,US,S2,3,0.9000,0.9907
S1-105721210,S3-302330280,US,S3,1,1.0000,1.0000
S1-105721210,S3-749723961,US,S3,2,0.7333,0.9997
S1-105721210,S2-304341181,US,S2,6,0.5377,0.9815
S1-10572738,S3-985450023,India,S3,1,1.0000,0.9967
S1-10572738,S3-649498045,India,S3,2,1.0000,0.9979
S1-10572738,S2-778520066,India,S2,3,1.0000,0.9986
S1-105735152,S2-247517102,India,S2,1,1.0000,0.9992
S1-105735152,S2-212617788,India,S2,2,1.0000,1.0000
S1-105735152,S3-262028196,India,S3,4,0.7246,0.9930
S1-105735152,S3-809744941,India,S3,6,0.6146,0.9850
S1-105755934,S3-799504354,India,S3,1,1.0000,0.9990
S1-105755934,S2-928809331,India,S2,2,1.0000,0.9998
S1-105793145,S3-977937403,US,S3,1,0.9000,1.0000
S1-105793145,S2-241819699,US,S2,2092,0.7667,0.2384
S1-105844178,S2-887305420,US,S2,1,1.0000,1.0000
S1-105844178,S3-270936889,US,S3,2,0.8440,0.8852
S1-105864899,S3-190956781,US,S3,1,1.0000,0.9998
S1-105864899,S2-466607754,US,S2,2,1.0000,1.0000
S1-105864899,S2-137876657,US,S2,3,1.0000,0.9997
S1-105864899,S3-882871175,US,S3,4,0.7061,0.9999
S1-105886196,S2-781446352,US,S2,1,0.7802,0.9959
S1-105886196,S3-367383703,US,S3,2,0.7556,0.9975
S1-105910064,S3-216231810,India,S3,1,1.0000,0.9989
S1-105910064,S2-901804021,India,S2,2,1.0000,0.9993
S1-105910064,S3-570243743,India,S3,3,0.7667,0.9991
S1-105926894,S3-116308003,India,S3,1,1.0000,1.0000
S1-105926894,S2-926803270,India,S2,2,0.9000,0.9999
S1-105926894,S3-348647018,India,S3,3,0.8048,0.9999
S1-105926894,S2-319220235,India,S2,26,0.6877,0.9636
S1-105961172,S3-548458169,India,S3,1,1.0000,0.9948
S1-106042341,S3-47821817,US,S3,1,1.0000,0.9999
S1-106042341,S2-541361934,US,S2,2,0.9000,1.0000
S1-106042341,S3-568201520,US,S3,3,0.7667,0.9982
S1-106042341,S2-382762621,US,S2,4,0.7667,0.3002
S1-106044690,S3-108187572,India,S3,1,1.0000,0.9999
S1-106044690,S2-860983981,India,S2,2,1.0000,0.9987
S1-106044690,S2-334776312,India,S2,3,1.0000,0.9987
S1-106185963,S2-737532914,US,S2,1,1.0000,1.0000
S1-106185963,S2-714709317,US,S2,2,1.0000,0.9999
S1-106185963,S2-201430529,US,S2,4,0.6457,0.9987
S1-106198648,S2-300826291,US,S2,1,1.0000,0.9996
S1-106286897,S3-936351461,India,S3,1,1.0000,0.9988
S1-10632750,S3-90476230,India,S3,1,0.8667,0.9994
S1-10632750,S3-572068871,India,S3,2,0.8667,0.9861
S1-10632889,S2-925197089,US,S2,1,1.0000,1.0000
S1-10632889,S2-722373992,US,S2,2,1.0000,0.9997
S1-10632889,S3-143278119,US,S3,53,0.7667,0.3498
S1-10632889,S2-232033601,US,S2,122,0.6016,0.9918
S1-106339722,S3-974896288,India,S3,1,0.8667,0.9996
S1-106339722,S2-920053998,India,S2,4,0.7667,0.9990
S1-106339722,S2-615149521,India,S2,5,0.7667,0.7117
S1-106391908,S3-983942101,US,S3,1,1.0000,1.0000
S1-106391908,S3-477859264,US,S3,2,1.0000,1.0000
S1-106391908,S3-241221926,US,S3,3,1.0000,1.0000
S1-106391908,S2-88164921,US,S2,4,1.0000,1.0000
S1-106391908,S2-456521640,US,S2,5,1.0000,0.9998
S1-106460867,S2-405911248,US,S2,1,1.0000,1.0000
S1-106460867,S3-917800318,US,S3,2,0.8480,0.9996
S1-106485740,S3-474763066,India,S3,1,1.0000,0.9988
S1-106485740,S3-297337616,India,S3,2,1.0000,0.9997
S1-106485740,S3-625318659,India,S3,3,0.7738,0.9416
S1-106485740,S2-592165437,India,S2,4,0.7467,0.9988
S1-106506077,S3-675435305,US,S3,21,0.7667,0.9996
S1-106610435,S3-322860622,US,S3,1,1.0000,1.0000
S1-106610435,S2-80327019,US,S2,3,0.7667,0.9999
S1-106610435,S3-641650401,US,S3,4,0.5333,0.9758
S1-106657482,S3-300462074,India,S3,1,0.9000,0.9870
S1-106657482,S2-733054632,India,S2,9,0.8255,0.9966
S1-106732634,S3-150947106,US,S3,1,1.0000,0.9999
S1-106732634,S2-483976508,US,S2,2,1.0000,1.0000
S1-106732634,S3-628066327,US,S3,3,0.7822,0.9992
S1-106771351,S2-255062662,US,S2,1,1.0000,0.9996
S1-106771351,S3-339124,US,S3,2,0.8281,0.9982
S1-106771351,S3-755044599,US,S3,213,0.7576,0.9985
S1-106821921,S3-462742377,US,S3,1,1.0000,1.0000
S1-106821921,S2-867661945,US,S2,2,1.0000,1.0000
S1-106821921,S2-424785527,US,S2,3,1.0000,1.0000
S1-106880469,S3-768353541,US,S3,1,1.0000,0.9995
S1-106880469,S2-613245248,US,S2,2,1.0000,1.0000
S1-106880469,S3-939942342,US,S3,5,0.7970,0.9979
S1-106880469,S3-4061121,US,S3,322,0.7667,0.9330
S1-106900590,S2-737569025,India,S2,1,0.7923,0.9998
S1-106900590,S3-828684134,India,S3,15,0.7667,0.6995
S1-106943379,S3-436752952,US,S3,1,0.9000,0.9917
S1-106943379,S3-379731384,US,S3,2,0.7823,0.9990
S1-107051258,S3-533575701,India,S3,1,0.7667,1.0000
S1-107092151,S3-695652111,US,S3,1,1.0000,1.0000
S1-107092151,S2-233917816,US,S2,2,0.9167,0.9993
S1-107092151,S2-130784040,US,S2,3,0.9167,0.9997
S1-107092151,S3-988021327,US,S3,4,0.8795,0.9994
S1-107092151,S3-221133392,US,S3,5,0.8255,0.9983
S1-107092151,S3-740963824,US,S3,6,0.8200,0.9999
S1-107092151,S3-216342485,US,S3,7,0.7601,0.9989
S1-107130711,S3-162711848,India,S3,1,1.0000,0.9999
S1-107130711,S2-412052272,India,S2,17,0.7363,0.9916
S1-107130711,S3-558755717,India,S3,18,0.6710,0.9784
S1-107156382,S2-464640005,US,S2,1,0.8163,0.9987
S1-10716377,S3-279007083,US,S3,150,0.7580,0.9986
S1-10716377,S2-442263011,US,S2,151,0.7565,0.9997
S1-107187441,S3-440962185,US,S3,1,1.0000,0.9991
S1-107187441,S2-993660448,US,S2,2,1.0000,0.9996
S1-107187441,S2-207872981,US,S2,3,0.8037,0.9998
S1-107213639,S2-476801348,India,S2,45,0.7667,0.4727
S1-107244914,S3-406372236,US,S3,1,1.0000,0.9999
S1-107244914,S3-193921116,US,S3,2,1.0000,1.0000
S1-107244914,S2-33525519,US,S2,3,1.0000,0.9994
S1-107244914,S2-108713713,US,S2,4,0.8111,0.9956
S1-107542281,S3-935379766,US,S3,1,1.0000,0.9998
S1-107597023,S2-484345989,India,S2,4,0.7667,0.7472
S1-107597023,S3-410817672,India,S3,7,0.7164,0.9998
S1-107597023,S3-533445640,India,S3,51,0.5414,0.7414
S1-107599339,S3-262768517,India,S3,1,1.0000,1.0000
S1-107667521,S2-430303238,US,S2,10,0.4914,0.9407
S1-107679526,S3-643389391,US,S3,2,0.7667,0.9738
S1-107679526,S2-828214508,US,S2,5,0.7667,0.5617
S1-107679526,S2-24322354,US,S2,10,0.7667,0.9984
S1-107704366,S3-145605916,US,S3,1,1.0000,0.9998
S1-107704366,S2-606737425,US,S2,2,1.0000,1.0000
S1-107704366,S2-232919120,US,S2,3,1.0000,1.0000
S1-107751986,S3-842024626,India,S3,1,1.0000,1.0000
S1-107751986,S2-623349801,India,S2,2,1.0000,0.9998
S1-107751986,S3-757723247,India,S3,230,0.5833,0.9951
S1-107807486,S3-663807296,India,S3,1,0.7667,0.5384
S1-107891475,S3-991308218,India,S3,44,0.6706,1.0000
S1-108002948,S2-122133662,India,S2,1,0.9067,0.9999
S1-108002948,S3-872814718,India,S3,3,0.8667,0.7549
S1-108002948,S3-454976672,India,S3,5,0.7733,0.8924
S1-108002948,S3-77354761,India,S3,6,0.7667,0.9957
S1-108002948,S2-227766681,India,S2,10,0.7667,0.8421
S1-108133931,S3-863875799,India,S3,1,1.0000,0.9996
S1-108133931,S3-380092759,India,S3,2,1.0000,0.9995
S1-108133931,S3-886299296,India,S3,3,0.9000,0.9998
S1-108133931,S2-791403300,India,S2,4,0.8527,0.9998
S1-108133931,S3-454040896,India,S3,21,0.6205,0.8497
S1-108184689,S3-832086310,US,S3,1,0.9667,0.9996
S1-108184689,S3-474319692,US,S3,2,0.8228,0.9991
S1-108184689,S2-601891084,US,S2,3,0.7910,0.9935
S1-108184689,S3-417703609,US,S3,4,0.7738,0.9979
S1-108184689,S2-479826936,US,S2,9,0.7131,0.9968
S1-108186121,S3-774142692,US,S3,1,0.9090,0.9997
S1-108186121,S3-502493366,US,S3,2,0.9000,0.9999
S1-108186121,S3-459787762,US,S3,3,0.8589,0.9994
S1-108186121,S3-31096060,US,S3,4,0.8256,0.9981
S1-108186121,S2-137901799,US,S2,6,0.7256,0.9955
S1-1081910,S2-338065394,US,S2,1,1.0000,0.9997
S1-1081910,S3-166509205,US,S3,4,0.7321,0.9987
S1-108224089,S3-987952467,US,S3,1,0.9000,0.9999
S1-108224089,S2-742040132,US,S2,2,0.9000,0.9935
S1-108224089,S3-843818813,US,S3,5,0.7583,0.9629
S1-108250409,S2-365845839,India,S2,1,1.0000,0.9998
S1-108250409,S2-346128181,India,S2,2,1.0000,0.9993
S1-108250409,S3-382018045,India,S3,3,0.7889,0.9971
S1-108317473,S2-926787294,US,S2,1,1.0000,0.9997
S1-108317473,S2-37119177,US,S2,2,1.0000,1.0000
S1-108338527,S3-703077669,US,S3,1,1.0000,0.9998
S1-108338527,S2-850699683,US,S2,2,1.0000,1.0000
S1-108461443,S3-631465714,US,S3,1,1.0000,1.0000
S1-108461443,S3-419798748,US,S3,5,0.7667,0.8019
S1-108542308,S3-983695896,US,S3,1,1.0000,1.0000
S1-108542308,S3-93383012,US,S3,2,1.0000,0.9994
S1-108542308,S3-85123583,US,S3,13,0.7667,0.5275
S1-108593437,S3-241678666,India,S3,1,1.0000,1.0000
S1-108593437,S3-359591931,India,S3,364,0.5476,0.9962
S1-108681071,S3-318265993,India,S3,1,1.0000,1.0000
S1-108681071,S3-697562801,India,S3,2,0.7377,1.0000
S1-108681071,S3-814555,India,S3,3,0.7083,0.9980
S1-108682466,S3-505788893,US,S3,2,1.0000,0.9996
S1-108682466,S3-574200288,US,S3,2591,0.7312,0.9997
S1-10871097,S3-757951197,US,S3,1,1.0000,1.0000
S1-10871097,S3-671974833,US,S3,2,1.0000,0.9997
S1-10881899,S2-803699439,India,S2,4,0.9000,0.9610
S1-10881899,S2-433405121,India,S2,1117,0.6275,0.8757
S1-10881899,S3-817543326,India,S3,1118,0.6256,0.9963
S1-108916740,S2-900975485,US,S2,3,0.8667,0.9033
S1-108916740,S3-607804176,US,S3,5,0.7795,0.9999
S1-108916740,S3-615194774,US,S3,71,0.7396,0.9815
S1-108952823,S3-282354958,US,S3,1,1.0000,1.0000
S1-108952823,S2-594349190,US,S2,2,1.0000,0.9997
S1-108952823,S2-466453788,US,S2,3,0.4946,0.9877
S1-10898514,S3-314825474,US,S3,1,0.8589,0.9998
S1-10898514,S2-276145594,US,S2,2,0.7692,0.9971
S1-108993484,S2-814898018,US,S2,1,0.6697,0.9984
S1-109011304,S2-450952383,US,S2,1,1.0000,1.0000
S1-109011304,S3-266147185,US,S3,2,0.7667,0.3026
S1-109030746,S3-354533664,US,S3,1,1.0000,1.0000
S1-109030746,S2-386759703,US,S2,2,1.0000,0.9997
S1-109030746,S3-309420468,US,S3,4,0.7471,0.9975
S1-109030746,S2-668479219,US,S2,5,0.6667,0.9989
S1-109154060,S3-882348288,US,S3,1,1.0000,0.9996
S1-109154060,S3-860756585,US,S3,2,1.0000,1.0000
S1-109154060,S3-663075139,US,S3,3,1.0000,1.0000
S1-109154060,S2-301821191,US,S2,4,0.7667,0.9999
S1-109154060,S3-83847721,US,S3,7,0.7275,0.9999
S1-109160539,S3-767396505,US,S3,1,1.0000,1.0000
S1-109233892,S3-33530590,US,S3,1,1.0000,0.9998
S1-109233892,S3-276136216,US,S3,2,1.0000,0.9997
S1-109233892,S2-119331876,US,S2,3,0.7667,0.3171
S1-109244438,S3-250721659,US,S3,4,0.7444,0.9989
S1-109258380,S2-461546665,US,S2,1,0.8952,0.9996
S1-109258380,S2-3385858,US,S2,2,0.8544,0.9990
S1-109258380,S3-305627000,US,S3,3,0.8037,0.9951
S1-109258380,S3-968312185,US,S3,4,0.7714,0.9982
S1-109375972,S3-795030749,US,S3,1,0.8544,0.9990
S1-109375972,S3-803659387,US,S3,2,0.8436,0.9993
S1-109375972,S2-940266848,US,S2,4,0.7667,0.9989
S1-109426787,S2-485482724,US,S2,1,1.0000,0.9992
S1-109426787,S2-865492223,US,S2,11,0.7667,0.5748
S1-109499073,S3-243250449,India,S3,1,1.0000,1.0000
S1-109499073,S2-860396468,India,S2,2,1.0000,0.9998
S1-109499073,S2-578241367,India,S2,11,0.7788,0.9997
S1-109533093,S3-565137765,US,S3,1,1.0000,1.0000
S1-109533093,S2-151256309,US,S2,2,0.8667,0.9876
S1-109533093,S2-501945233,US,S2,3,0.7917,0.9757
S1-109533093,S2-255549246,US,S2,90,0.7048,0.8590
S1-109533093,S3-671328291,US,S3,100,0.6583,0.9968
S1-109533093,S3-326724880,US,S3,101,0.6433,0.9969
S1-10955033,S2-902582203,India,S2,24,0.8667,0.7459
S1-10955033,S3-839791850,India,S3,66,0.7667,0.9798
S1-109584953,S3-415776722,India,S3,1,1.0000,0.9982
S1-109584953,S3-295811747,India,S3,2,0.7726,0.9999
S1-109626822,S3-187013088,India,S3,1,1.0000,0.9999
S1-109626822,S2-476361772,India,S2,2,1.0000,0.9984
S1-109626822,S2-836410214,India,S2,1326,0.7559,0.9898
S1-109690024,S3-349514967,US,S3,1,0.8140,0.9977
S1-109690024,S2-478132720,US,S2,2,0.7667,0.9994
S1-109690024,S2-376731434,US,S2,3,0.7544,0.9978
S1-109690024,S2-523196647,US,S2,4,0.6491,0.6591
S1-109690024,S3-871049015,US,S3,5,0.6436,0.9997
S1-109690024,S3-199123575,US,S3,15,0.4048,0.9974
S1-109749191,S3-400965640,US,S3,1,1.0000,1.0000
S1-109749191,S2-14077279,US,S2,2,1.0000,1.0000
S1-109749191,S2-995549072,US,S2,3,0.8647,0.9997
S1-109796492,S3-892457755,India,S3,2,0.8667,0.7362
S1-109796492,S2-906195336,India,S2,13,0.8667,0.2784
S1-109796492,S2-729715303,India,S2,15,0.8667,0.9393
S1-109842205,S3-556622216,US,S3,1,1.0000,1.0000
S1-109842205,S2-749984739,US,S2,2,1.0000,1.0000
S1-109842205,S3-373083216,US,S3,3,0.7306,0.9999
S1-109842205,S3-826666468,US,S3,4,0.7083,0.9918
S1-109890180,S3-812001008,US,S3,1,1.0000,0.9996
S1-1099384,S3-266058852,US,S3,1,1.0000,0.9996
S1-1099384,S3-21628607,US,S3,2,1.0000,1.0000
S1-1099384,S2-868391739,US,S2,3,1.0000,0.9998
S1-1099384,S3-636875484,US,S3,4,0.7667,0.7245
S1-1099384,S2-253911115,US,S2,8,0.7333,0.9990
S1-109953256,S3-560467275,US,S3,1,1.0000,1.0000
S1-109953256,S2-794431292,US,S2,2,0.7647,0.9978
S1-110104570,S3-875965376,US,S3,1,1.0000,1.0000
S1-110104570,S2-908889659,US,S2,2,1.0000,0.9996
S1-110104570,S2-330105025,US,S2,3,1.0000,0.9996
S1-110138358,S2-117309506,US,S2,1,1.0000,1.0000
S1-110138358,S2-935746016,US,S2,2,0.8396,0.9997
S1-110138358,S3-984565261,US,S3,3,0.7667,0.2596
S1-110148845,S3-986736575,US,S3,1,1.0000,0.9998
S1-110148845,S3-540438585,US,S3,2,1.0000,0.9998
S1-110148845,S3-202082674,US,S3,3,1.0000,1.0000
S1-110148845,S3-197635898,US,S3,4,1.0000,0.9999
S1-110148845,S2-64474597,US,S2,5,0.9000,0.9982
S1-110148845,S2-408863720,US,S2,6,0.9000,1.0000
S1-110168471,S2-742637068,India,S2,1,1.0000,0.9954
S1-110168471,S2-273145555,India,S2,2,1.0000,1.0000
S1-110168471,S3-765915729,India,S3,69,0.7048,0.8305
S1-110226140,S2-738485702,India,S2,1,1.0000,1.0000
S1-110226140,S2-785574772,India,S2,5,0.8396,0.9991
S1-110270431,S2-580593030,India,S2,1,1.0000,1.0000
S1-110270431,S3-231183460,India,S3,2,0.9333,0.9960
S1-110270431,S2-349625267,India,S2,3,0.7923,0.9961
S1-110270431,S2-655204028,India,S2,4,0.7377,0.9984
S1-110270431,S3-827313221,India,S3,5,0.6860,0.9978
S1-110270431,S3-624690211,India,S3,9,0.6000,0.9496
S1-110278411,S3-902292465,India,S3,1,0.8667,0.6322
S1-110278411,S2-560233779,India,S2,2,0.8667,0.9988
S1-110317331,S3-822601601,US,S3,1,1.0000,0.9995
S1-110317331,S2-474899960,US,S2,2,0.7992,0.9973
S1-110317331,S3-24704136,US,S3,3,0.7748,0.9982
S1-110348308,S2-587862390,US,S2,1,1.0000,0.9999
S1-110357561,S3-981962855,US,S3,1,1.0000,1.0000
S1-110357561,S3-902510611,US,S3,2,0.8287,0.9849
S1-11037762,S2-218601106,US,S2,1,1.0000,0.9998
S1-11037762,S3-237039185,US,S3,2,0.8589,0.9998
S1-110378812,S2-767867083,India,S2,3,0.8667,0.9697
S1-110378812,S2-185204955,India,S2,4,0.8667,0.9996
S1-110417760,S2-94315740,US,S2,1,1.0000,0.9995
S1-110417760,S2-9323509,US,S2,2,1.0000,1.0000
S1-110417760,S2-916671967,US,S2,3,1.0000,0.9995
S1-110417760,S3-821633002,US,S3,6,0.7333,0.9990
S1-110504289,S3-921322774,India,S3,1,0.8667,0.7759
S1-110547629,S3-69396363,US,S3,1,1.0000,1.0000
S1-110547629,S3-17755885,US,S3,2,1.0000,0.9992
S1-110547629,S2-571867787,US,S2,7,0.5308,0.9561
S1-110591800,S3-858194723,India,S3,1,1.0000,0.9996
S1-110591800,S3-809604794,India,S3,45,0.7594,0.9561
S1-110591800,S3-454702884,India,S3,46,0.7594,0.9980
S1-110626050,S3-746314039,India,S3,1,0.9500,0.9998
S1-110631060,S3-39330011,US,S3,1,1.0000,1.0000
S1-110631060,S2-632561251,US,S2,2,1.0000,1.0000
S1-110631060,S3-773301243,US,S3,116,0.7159,1.0000
S1-110631060,S2-651977545,US,S2,117,0.6036,0.9971
S1-110723911,S3-995416588,India,S3,1,1.0000,0.9990
S1-110723911,S3-526633288,India,S3,3,0.8451,0.9970
S1-110728935,S3-632732432,US,S3,1,0.8527,0.9995
S1-110728935,S2-256467125,US,S2,11,0.7667,0.7014
S1-110728935,S3-440453258,US,S3,13,0.7471,0.9980
S1-110728935,S3-546745777,US,S3,14,0.7190,1.0000
S1-110728935,S2-936341295,US,S2,15,0.6667,0.9910
S1-110728935,S2-720201968,US,S2,24,0.5667,0.9961
S1-110764543,S2-179114722,US,S2,1,1.0000,0.9988
S1-110764543,S3-595376365,US,S3,2,0.7907,0.9977
S1-110764543,S2-762064002,US,S2,3,0.7667,0.9995
S1-110797268,S3-244809703,India,S3,1,1.0000,1.0000
S1-110797268,S2-995855063,India,S2,2,1.0000,0.9994
S1-110828887,S3-983258758,India,S3,34,0.7576,0.9973
S1-110828887,S3-528939813,India,S3,62,0.6667,0.9928
S1-110828887,S2-610379675,India,S2,1168,0.5225,0.9972
S1-110838065,S3-829273635,India,S3,1,1.0000,0.9998
S1-110838065,S2-345272685,India,S2,2,1.0000,0.9987
S1-11090427,S2-788278913,US,S2,1,1.0000,0.9993
S1-11090427,S2-923237291,US,S2,2,0.8708,0.9990
S1-11090427,S3-340518041,US,S3,3,0.7515,0.9999
S1-11090427,S2-115717245,US,S2,4,0.6515,0.9838
S1-110934438,S3-507303282,US,S3,1,1.0000,1.0000
S1-110934438,S2-670764514,US,S2,2,1.0000,0.9997
S1-110934438,S2-369412419,US,S2,3,0.8619,0.9999
S1-110934438,S3-497747413,US,S3,4,0.7146,0.9985
S1-110951498,S3-179349929,India,S3,1,0.9000,0.9924
S1-110951498,S2-250424545,India,S2,2,0.7589,0.9986
S1-110951498,S3-256017576,India,S3,3,0.7451,0.9967
S1-110996727,S3-563201389,US,S3,1,0.7812,0.9992
S1-111001014,S2-302221761,US,S2,2,0.7490,0.9960
S1-111191371,S3-401843141,India,S3,1,1.0000,0.9992
S1-111191371,S2-450419815,India,S2,2,0.9200,0.9997
S1-111191371,S2-284557349,India,S2,3,0.9200,0.8597
S1-111191371,S2-971620293,India,S2,6,0.6776,0.9890
S1-111206568,S2-238425915,India,S2,1,0.8778,0.9993
S1-111206568,S3-652409267,India,S3,2,0.8281,0.9863
S1-111279990,S3-722133475,India,S3,1,1.0000,0.9993
S1-111279990,S3-66558307,India,S3,29,0.5333,0.5300
S1-111378102,S2-530788967,US,S2,1,1.0000,0.9997
S1-111378102,S2-182592394,US,S2,2,1.0000,0.9997
S1-111404875,S3-252391899,US,S3,1,1.0000,0.9996
S1-111404875,S2-515238925,US,S2,2,1.0000,1.0000
S1-111404875,S3-442314291,US,S3,179,0.7250,0.9999
S1-111540307,S3-32595130,India,S3,1,0.8333,0.9973
S1-111540307,S3-826232415,India,S3,2,0.7667,0.9930
S1-111606206,S3-35725933,US,S3,1,1.0000,0.9986
S1-111606206,S2-538840417,US,S2,77,0.7667,0.9994
S1-111606206,S3-117595987,US,S3,105,0.7396,0.9981
S1-111699782,S3-723775239,India,S3,1,0.9000,0.9997
S1-111699782,S3-641911703,India,S3,2,0.7667,0.9973
S1-111699782,S2-427667319,India,S2,20,0.6933,0.9991
S1-11174621,S3-885391071,India,S3,1,1.0000,0.9948
S1-11174621,S2-107116981,India,S2,2,0.8544,0.9983
S1-11174621,S3-129768278,India,S3,4,0.8054,0.8878
S1-11174621,S3-501862300,India,S3,50,0.7157,0.9981
S1-111761639,S2-201345150,India,S2,1,1.0000,1.0000
S1-111761639,S3-877334171,India,S3,2,0.9333,0.9441
S1-111761639,S2-553737821,India,S2,5,0.7970,0.9989
S1-111761639,S3-171953282,India,S3,8,0.7476,0.9906
S1-111761639,S2-299580638,India,S2,9,0.7296,0.9993
S1-111765584,S3-293368565,US,S3,1,1.0000,1.0000
S1-111765584,S2-39885576,US,S2,2,0.7857,0.9019
S1-111765584,S2-261937335,US,S2,3,0.6922,0.1314
S1-111907289,S3-318596979,US,S3,1,0.7667,0.6229
S1-111907289,S2-154994699,US,S2,3,0.7667,0.9970
S1-112032854,S3-27865415,India,S3,1,1.0000,0.9986
S1-112032854,S3-808909556,India,S3,3,0.7667,0.9027
S1-11203751,S2-732298648,US,S2,1,1.0000,1.0000
S1-11203751,S3-167972767,US,S3,2,0.9000,0.9845
S1-112051625,S2-35391334,US,S2,1,1.0000,1.0000
S1-112051625,S3-932745979,US,S3,2,0.8862,0.9995
S1-112170911,S3-183721111,India,S3,1,1.0000,0.9991
S1-1121819,S3-599281593,US,S3,1,1.0000,0.9997
S1-1121819,S2-415117964,US,S2,14,0.7667,0.9981
S1-112188369,S3-866584923,India,S3,1,0.9333,0.9999
S1-112188369,S3-404340940,India,S3,2,0.9333,1.0000
S1-112188369,S2-30670107,India,S2,3,0.9333,1.0000
S1-112193760,S2-786942469,US,S2,1,1.0000,0.9996
S1-112193760,S2-16294958,US,S2,9,0.7471,0.9974
S1-112193760,S3-756332971,US,S3,14,0.5897,0.9851
S1-112242872,S3-656777107,India,S3,1,1.0000,0.9999
S1-112242872,S2-447703887,India,S2,162,0.5747,0.9967
S1-112243301,S2-984228432,US,S2,1,1.0000,1.0000
S1-112265175,S2-527282365,US,S2,1,1.0000,1.0000
S1-112265175,S2-459741269,US,S2,2,0.8897,0.9995
S1-112364087,S3-52775267,US,S3,1,1.0000,0.9998
S1-112364087,S3-818737179,US,S3,2,0.9231,0.9999
S1-112364087,S2-682096211,US,S2,4,0.7000,0.9985
S1-112379136,S2-223674519,US,S2,1,1.0000,1.0000
S1-112379136,S2-405549861,US,S2,1556,0.7667,0.9998
S1-112379136,S2-378609999,US,S2,1585,0.7667,0.7666
S1-112379136,S2-327101956,US,S2,1633,0.7667,0.9894
S1-112418870,S3-687405594,US,S3,1,1.0000,1.0000
S1-112418870,S2-173284916,US,S2,2,1.0000,1.0000
S1-112418870,S3-541362110,US,S3,37,0.7491,0.9968
S1-112455629,S3-485116834,US,S3,1,1.0000,0.9997
S1-112455629,S2-456682680,US,S2,2,1.0000,1.0000
S1-112492995,S2-919181020,US,S2,1,1.0000,0.9987
S1-112492995,S3-457669172,US,S3,2,0.9000,0.9998
S1-112492995,S3-170404457,US,S3,4,0.7667,0.7646
S1-112514482,S3-187776690,US,S3,1,1.0000,1.0000
S1-112514482,S3-707223457,US,S3,2,0.8619,0.9998
S1-112517359,S3-235615158,US,S3,1,1.0000,1.0000
S1-112517359,S3-767484697,US,S3,2,0.7262,0.9985
S1-11268870,S3-722169338,US,S3,1,1.0000,0.9998
S1-11268870,S3-564956656,US,S3,2,1.0000,0.9999
S1-11268870,S2-221954472,US,S2,3,1.0000,0.9999
S1-112689886,S3-140452942,India,S3,1,1.0000,0.9982
S1-112689886,S2-822813708,India,S2,2,1.0000,0.9986
S1-112689886,S2-264932068,India,S2,4,0.7762,0.9960
S1-112698887,S3-183740477,India,S3,1,1.0000,1.0000
S1-112698887,S2-814110934,India,S2,103,0.7527,0.9993
S1-112698887,S2-49117955,India,S2,105,0.7515,0.9972
S1-112744602,S3-889171352,India,S3,1,1.0000,0.9997
S1-112744602,S3-64836231,India,S3,30,0.5118,0.9977
S1-112784882,S3-992791877,India,S3,1,0.8667,0.9357
S1-112784882,S3-210620003,India,S3,5,0.8667,0.9388
S1-112784882,S2-71174940,India,S2,6,0.8667,0.9953
S1-112789917,S3-78155301,US,S3,1,1.0000,1.0000
S1-112789917,S3-73465572,US,S3,2,1.0000,0.9995
S1-112789917,S2-490659102,US,S2,3,0.7396,0.9690
S1-112789917,S2-736388557,US,S2,5,0.6942,0.9875
S1-112789917,S3-17005575,US,S3,7,0.6000,0.9695
S1-112810693,S2-808833421,US,S2,1,1.0000,0.9989
S1-112810693,S2-187402227,US,S2,2,1.0000,0.9993
S1-112810693,S2-524403175,US,S2,276,0.7667,0.9993
S1-112909466,S3-542921367,US,S3,1,1.0000,0.9997
S1-112909466,S2-853535727,US,S2,2,1.0000,0.9997
S1-113024880,S2-631145464,US,S2,2,0.7662,0.9965
S1-113030441,S3-214021760,US,S3,1,1.0000,1.0000
S1-113030441,S2-789021130,US,S2,2,1.0000,0.9998
S1-113030441,S3-59546636,US,S3,3,0.7954,0.9999
S1-1130991,S3-983123070,India,S3,1,1.0000,0.9959
S1-1130991,S3-70874420,India,S3,2,1.0000,1.0000
S1-1130991,S2-82840221,India,S2,3,1.0000,0.9985
S1-1130991,S3-365567610,India,S3,19,0.6061,0.9813
S1-113106759,S3-734473086,US,S3,1,1.0000,1.0000
S1-113106759,S3-135969108,US,S3,2,1.0000,1.0000
S1-113106759,S2-617438911,US,S2,117,0.6762,0.9835
S1-113186728,S3-860396199,US,S3,2,0.8619,0.9990
S1-113186728,S3-870665933,US,S3,3,0.8519,0.9975
S1-113186728,S3-142797658,US,S3,4,0.7606,0.9999
S1-113186728,S2-930169110,US,S2,7,0.7083,0.9902
S1-113259493,S2-69644383,US,S2,1,1.0000,0.9998
S1-113259493,S2-485000265,US,S2,2,1.0000,0.9996
S1-113356121,S2-271769652,India,S2,1,1.0000,1.0000
S1-113356121,S3-383742957,India,S3,3,0.7667,0.9999
S1-113392038,S3-959972180,US,S3,1,0.9000,0.9999
S1-113392038,S3-493172416,US,S3,8,0.6833,0.9999
S1-113392038,S2-205849533,US,S2,9,0.6159,0.9987
S1-113416286,S3-658427919,India,S3,1,1.0000,0.9997
S1-113416286,S3-595253918,India,S3,2,1.0000,0.9982
S1-113416286,S3-238250099,India,S3,3,1.0000,0.9962
S1-113416286,S2-30098720,India,S2,4,0.9000,0.9999
S1-113416286,S2-941481468,India,S2,11,0.7163,0.8673
S1-11341673,S2-222265858,US,S2,1,1.0000,1.0000
S1-113451656,S2-672893600,India,S2,2,0.7250,0.9991
S1-113506910,S3-907203935,India,S3,7,0.7000,0.9789
S1-113576150,S3-317305058,US,S3,1,0.8667,0.9988
S1-113576150,S3-552350984,US,S3,2,0.7803,1.0000
S1-113576150,S2-18194248,US,S2,3,0.6658,0.9977
S1-113629566,S3-708964279,India,S3,21,0.7667,0.4968
S1-113664894,S3-915418990,India,S3,1,0.8667,0.9995
S1-113664894,S3-3947432,India,S3,2,0.8667,0.9893
S1-113734404,S2-362528513,India,S2,1,1.0000,1.0000
S1-113734404,S3-807580506,India,S3,2,0.9000,0.7884
S1-113734404,S3-691619456,India,S3,3,0.9000,0.9998
S1-113734404,S2-949170403,India,S2,4,0.8807,0.9998
S1-113734404,S3-909205671,India,S3,5,0.7667,0.9027
S1-113734404,S3-842741624,India,S3,10,0.7436,0.9942
S1-113760515,S2-430606578,India,S2,1,1.0000,0.9998
S1-113760515,S2-552397474,India,S2,8,0.5692,0.5065
S1-113760515,S3-471175009,India,S3,26,0.4714,0.8850
S1-113800067,S2-179397375,India,S2,1,1.0000,0.9982
S1-113892423,S3-669028209,India,S3,1,1.0000,0.9993
S1-113892423,S3-239570934,India,S3,2,1.0000,0.9730
S1-113892423,S2-121402092,India,S2,3,0.9000,0.9922
S1-113892423,S3-570678048,India,S3,78,0.5619,0.9825
S1-113892423,S2-199011947,India,S2,190,0.4072,0.8775
S1-113900037,S3-1856812,US,S3,1,0.9190,0.9997
S1-113900037,S2-366367450,US,S2,7,0.6619,0.9955
S1-113900037,S2-892148512,US,S2,8,0.6451,0.9304
S1-113900037,S3-746100579,US,S3,9,0.5569,0.9933
S1-11396806,S2-643370750,US,S2,1,1.0000,1.0000
S1-11396806,S3-81149245,US,S3,2,0.9000,0.9988
S1-113977274,S2-147605152,US,S2,1,1.0000,0.9980
S1-113977274,S3-524304539,US,S3,4,0.7667,0.3307
S1-113977274,S3-502502329,US,S3,5,0.7667,0.9981
S1-114052866,S2-77704127,India,S2,1,0.9322,0.9995
S1-114052866,S3-940827041,India,S3,2,0.9000,0.9999
S1-114052866,S3-434039724,India,S3,3,0.7923,0.9866
S1-114052866,S3-456483468,India,S3,18,0.5375,0.7814
S1-114061162,S3-46693985,US,S3,1,1.0000,1.0000
S1-114061162,S2-998600557,US,S2,2,0.8057,0.9994
S1-114061162,S2-814641769,US,S2,4,0.6848,0.9197
S1-114167235,S3-194580347,US,S3,1,1.0000,1.0000
S1-114167235,S2-980628011,US,S2,3,0.7410,0.9986
S1-114167235,S2-797672838,US,S2,4,0.7044,0.9987
S1-114178515,S3-334680322,India,S3,1,1.0000,0.9984
S1-114178515,S3-485533611,India,S3,2,0.7667,0.7047
S1-114185148,S3-14448781,India,S3,1,1.0000,0.9987
S1-114185148,S2-901770144,India,S2,2,0.8236,0.9975
S1-114187605,S3-643395643,US,S3,1,1.0000,0.9993
S1-114187605,S2-975077097,US,S2,2,1.0000,0.9993
S1-114187605,S2-875209845,US,S2,3,1.0000,1.0000
S1-114187605,S2-667084995,US,S2,4,0.7752,0.9995
S1-114246728,S3-861436534,India,S3,1,0.8778,0.9991
S1-114246728,S2-477720024,India,S2,3,0.6667,0.9987
S1-114250479,S3-559169575,US,S3,1,1.0000,0.9991
S1-114250479,S2-502641992,US,S2,2,1.0000,1.0000
S1-114250479,S2-35171531,US,S2,111,0.7000,0.9998
S1-11427065,S3-687522608,US,S3,1,1.0000,1.0000
S1-11427065,S2-532916550,US,S2,2,1.0000,1.0000
S1-11427065,S2-899960246,US,S2,3,0.8619,0.9993
S1-11427065,S2-439965603,US,S2,4,0.7667,0.8071
S1-11427065,S3-55482433,US,S3,5,0.7351,0.9993
S1-114296239,S3-82059921,India,S3,1,1.0000,1.0000
S1-114296239,S2-743113982,India,S2,2,1.0000,1.0000
S1-114296239,S3-243739784,India,S3,3,0.8708,0.9992
S1-114296239,S2-349485571,India,S2,4,0.7842,0.9998
S1-114338836,S2-431441775,US,S2,1,1.0000,0.9991
S1-114338836,S3-580869600,US,S3,79,0.6641,0.9973
S1-114338836,S3-48304117,US,S3,80,0.6641,0.9993
S1-114338836,S3-218529436,US,S3,81,0.6556,0.9993
S1-114382076,S3-201751883,India,S3,1,0.9000,0.9721
S1-114382076,S2-61587816,India,S2,2,0.6812,0.9965
S1-114543947,S3-504948068,US,S3,1,0.7863,0.9990
S1-114619846,S3-731570663,US,S3,1,1.0000,1.0000
S1-114619846,S3-341962086,US,S3,2,1.0000,1.0000
S1-114619846,S2-810246474,US,S2,3,0.9000,1.0000
S1-114619846,S3-742649312,US,S3,299,0.6926,0.9991
S1-114756425,S3-984525875,US,S3,1,1.0000,0.9999
S1-114756425,S2-544244308,US,S2,23,0.7667,0.2864
S1-114756425,S2-769038948,US,S2,28,0.7333,0.9677
S1-114756425,S2-108489250,US,S2,29,0.7333,0.9610
S1-114767239,S3-389351465,US,S3,1,1.0000,1.0000
S1-114767239,S2-133940964,US,S2,2,1.0000,0.9997
S1-114767239,S3-270089263,US,S3,3,0.8451,0.9988
S1-114767239,S2-417287796,US,S2,4,0.8451,0.9995
S1-11479076,S3-915883175,US,S3,1,1.0000,0.9995
S1-11479076,S2-170096465,US,S2,2,1.0000,1.0000
S1-114846137,S3-770872499,India,S3,1,0.9333,0.9887
S1-114846137,S2-669296926,India,S2,2,0.7190,0.9955
S1-114846137,S2-787448477,India,S2,10,0.6333,0.9972
S1-114846137,S3-258754046,India,S3,11,0.6180,0.9968
S1-114903706,S2-821027458,US,S2,1,1.0000,1.0000
S1-114903706,S2-140341573,US,S2,2,1.0000,1.0000
S1-114903706,S3-984820483,US,S3,3,0.9000,0.9999
S1-114903706,S3-282747736,US,S3,4,0.9000,1.0000
S1-114903706,S3-262259934,US,S3,5,0.8172,0.9986
S1-114903706,S2-426566796,US,S2,103,0.7667,0.8256
S1-114914100,S3-748763869,US,S3,1,1.0000,0.9997
S1-115119052,S3-870085302,US,S3,1,1.0000,1.0000
S1-115119052,S3-31457534,US,S3,2,1.0000,0.9997
S1-115130539,S3-880816411,US,S3,1,1.0000,0.9946
S1-115130539,S3-835008907,US,S3,2,1.0000,1.0000
S1-115130539,S2-658714483,US,S2,3,0.9000,0.9999
S1-115130539,S2-192282287,US,S2,4,0.7692,0.9928
S1-115130539,S2-412975527,US,S2,105,0.6026,0.9495
S1-11513108,S3-345303935,India,S3,1,0.8667,0.6614
S1-115180582,S2-228372933,India,S2,1,1.0000,0.9991
S1-115180582,S3-42654562,India,S3,2,0.9000,0.9751
S1-115180582,S2-909240954,India,S2,5,0.7667,0.6329
S1-115180582,S3-998338706,India,S3,241,0.5000,0.2752
S1-115303715,S2-810037187,US,S2,1,1.0000,0.9999
S1-115303715,S3-921875546,US,S3,2,0.7222,1.0000
S1-115312593,S2-682838593,India,S2,1,1.0000,0.9983
S1-115312593,S2-126314776,India,S2,2,1.0000,0.9996
S1-115312593,S2-927769366,India,S2,62,0.7377,0.9997
S1-11531904,S3-641438571,US,S3,1,1.0000,1.0000
S1-11531904,S2-375604212,US,S2,2,1.0000,0.9997
S1-11531904,S2-675697226,US,S2,13,0.7496,0.9994
S1-11531904,S3-866222073,US,S3,14,0.7111,1.0000
S1-115322416,S3-152242917,US,S3,1,1.0000,0.9991
S1-115322416,S2-267797343,US,S2,2,1.0000,1.0000
S1-115324341,S3-907395229,US,S3,1,1.0000,1.0000
S1-115324341,S2-807290617,US,S2,2,1.0000,1.0000
S1-115324341,S2-615680737,US,S2,3,1.0000,0.9999
S1-115365543,S2-969679388,US,S2,1,1.0000,1.0000
S1-115365543,S3-311008590,US,S3,2,0.8667,0.9997
S1-115365543,S3-82358280,US,S3,3,0.7667,0.9955
S1-115494989,S2-799398150,India,S2,1,1.0000,0.9960
S1-115494989,S3-469235235,India,S3,4,0.7333,0.9994
S1-115494989,S2-794193746,India,S2,6,0.6377,0.9921
S1-115494989,S3-804730515,India,S3,8,0.5833,0.9949
S1-115512202,S3-362700718,US,S3,1,1.0000,0.9999
S1-115512202,S2-271141603,US,S2,2,1.0000,1.0000
S1-115512202,S3-891156176,US,S3,30,0.7667,0.9980
S1-115532491,S3-782019777,India,S3,1,1.0000,0.9999
S1-115532491,S3-409564924,India,S3,2,1.0000,0.9999
S1-115532491,S3-140021467,India,S3,3,1.0000,0.9999
S1-115532491,S2-54315860,India,S2,4,1.0000,0.9988
S1-115532491,S2-316297054,India,S2,5,1.0000,1.0000
S1-115532491,S2-387125511,India,S2,83,0.6942,0.9935
S1-115697800,S3-156550241,US,S3,1,1.0000,0.9998
S1-115697800,S2-699600604,US,S2,2,1.0000,0.9917
S1-115697800,S2-19080798,US,S2,3,1.0000,1.0000
S1-115697800,S2-445467135,US,S2,5,0.8298,0.9991
S1-115764773,S2-539126814,US,S2,1,1.0000,0.9999
S1-115764773,S2-385988818,US,S2,2,1.0000,0.9999
S1-115764773,S2-971791621,US,S2,3,0.7594,0.9994
S1-115809176,S3-170841792,US,S3,4,0.9000,0.9992
S1-115809176,S2-153243693,US,S2,7,0.9000,0.9999
S1-115809176,S3-338206937,US,S3,8,0.8500,0.4957
S1-115902425,S3-98954571,US,S3,1,1.0000,0.9999
S1-115902425,S2-677996044,US,S2,2,0.8273,0.9998
S1-115913387,S2-719477835,US,S2,1,1.0000,1.0000
S1-115913387,S2-837122925,US,S2,2,0.8589,0.9998
S1-115913387,S2-926735272,US,S2,3,0.6619,0.9621
S1-115920104,S3-309479229,US,S3,1,1.0000,0.9998
S1-115920104,S2-793706812,US,S2,2,0.9167,0.9990
S1-115920104,S2-996691021,US,S2,3,0.8752,0.9995
S1-115920104,S3-419353561,US,S3,4,0.7970,0.9903
S1-115920104,S2-936386700,US,S2,5,0.7917,0.9980
S1-115920104,S2-358407149,US,S2,6,0.7917,0.9972
S1-115920104,S3-156289839,US,S3,7,0.6837,0.9889
S1-11599065,S3-701717202,US,S3,1,0.9190,0.9979
S1-11599065,S2-892295972,US,S2,2,0.8958,0.9997
S1-11599065,S3-647549805,US,S3,3,0.8123,0.9981
S1-11599065,S2-223822801,US,S2,4,0.7958,0.9982
S1-11599065,S3-390987861,US,S3,5,0.7667,0.9995
S1-11599642,S2-252084127,India,S2,5,0.8564,0.9998
S1-11599642,S3-161524650,India,S3,11,0.8179,0.9993
S1-11599642,S2-754632672,India,S2,51,0.7296,0.9993
S1-116030989,S3-641763050,US,S3,1,1.0000,0.9999
S1-116030989,S2-130118491,US,S2,119,0.7333,0.9521
S1-116030989,S3-954080794,US,S3,120,0.6333,0.9986
S1-116055552,S3-189627809,India,S3,1,0.9333,0.9999
S1-116055552,S3-319772183,India,S3,660,0.7667,0.2881
S1-116113380,S2-316969854,US,S2,3,1.0000,1.0000
S1-116167857,S3-422834389,US,S3,1,0.6652,0.9987
S1-116216109,S3-742460743,India,S3,4,0.8667,0.6517
S1-116216109,S3-394523044,India,S3,7,0.8667,0.9997
S1-116265452,S3-568772079,India,S3,1,1.0000,0.9992
S1-116265452,S2-732220696,India,S2,2,1.0000,1.0000
S1-116265452,S2-456507668,India,S2,929,0.7667,0.6349
S1-116273746,S3-910590959,India,S3,1,0.8667,0.9990
S1-116273746,S3-64070631,India,S3,2,0.8667,0.8727
S1-116273746,S2-387373507,India,S2,3,0.8667,0.9925
S1-116273746,S2-367179718,India,S2,4,0.8667,0.9938
S1-116286889,S3-619214625,US,S3,1,0.8652,0.9997
S1-116286889,S3-545910765,US,S3,2,0.8556,0.9995
S1-116286889,S3-660551098,US,S3,3,0.7667,0.7888
S1-116286889,S2-753739151,US,S2,5,0.7569,0.9994
S1-116311206,S2-425168226,US,S2,1,1.0000,0.9998
S1-116311206,S3-188892102,US,S3,2,0.9333,0.9974
S1-116311206,S3-40556396,US,S3,3,0.8667,0.7209
S1-116311206,S2-767309120,US,S2,4,0.8667,0.9969
S1-116319884,S2-204796754,US,S2,1,1.0000,0.9999
S1-116319884,S3-90655888,US,S3,2,0.9014,0.9998
S1-116319884,S2-46786816,US,S2,3,0.7847,0.9996
S1-116319884,S3-780237071,US,S3,4,0.7580,0.9992
S1-116319884,S3-862314538,US,S3,5,0.7562,0.9999
S1-11641325,S3-32072478,US,S3,1,1.0000,1.0000
S1-11641325,S2-409129782,US,S2,2,1.0000,0.9984
S1-1165491,S3-669244947,US,S3,1,1.0000,0.9996
S1-1165491,S2-617831071,US,S2,2,1.0000,1.0000
S1-1165491,S2-45633177,US,S2,3,1.0000,1.0000
S1-116643047,S3-297074578,India,S3,1,1.0000,0.9999
S1-116643047,S2-631332418,India,S2,2,1.0000,0.9999
S1-116643047,S3-643387655,India,S3,3,0.8471,0.9966
S1-116657443,S2-972823460,India,S2,1,0.9000,0.9856
S1-116657443,S3-190117075,India,S3,2,0.8952,0.9996
S1-116657443,S3-874138321,India,S3,3,0.8246,0.9998
S1-116657443,S3-219024157,India,S3,4,0.7782,1.0000
S1-116744754,S3-641434117,US,S3,1,0.7733,0.9999
S1-116744754,S3-908114596,US,S3,8,0.7667,0.5748
S1-116744754,S2-455531484,US,S2,145,0.7278,0.9982
S1-116969160,S2-823676245,India,S2,1,0.8667,0.9864
S1-117067587,S2-730695879,US,S2,1,0.9000,1.0000
S1-117067587,S3-23724338,US,S3,117,0.7117,0.9768
S1-117067587,S3-528380972,US,S3,118,0.7076,0.9903
S1-117073327,S2-634276011,US,S2,1,0.8500,0.7247
S1-117073327,S3-620423397,US,S3,3,0.6942,0.9998
S1-117103906,S3-806314422,US,S3,1,1.0000,0.9996
S1-117103906,S3-404565860,US,S3,2,1.0000,1.0000
S1-117103906,S2-975138332,US,S2,9,0.7667,0.9188
S1-117111664,S2-276524263,US,S2,1,1.0000,1.0000
S1-11711515,S3-384206374,US,S3,1,1.0000,0.9997
S1-117128053,S3-989663207,US,S3,1,1.0000,1.0000
S1-117128053,S2-668303202,US,S2,2,1.0000,1.0000
S1-117128053,S2-550936600,US,S2,3,1.0000,1.0000
S1-117128053,S2-510209504,US,S2,4,0.7797,0.9985
S1-117195896,S3-473952280,India,S3,1,1.0000,0.9990
S1-117252456,S2-413839573,US,S2,1,1.0000,1.0000
S1-117252456,S3-62803847,US,S3,299,0.6000,0.9998
S1-117259523,S2-237641822,India,S2,1,0.9000,0.9998
S1-117259523,S3-791343163,India,S3,2,0.7333,0.9078
S1-117283343,S3-819746873,US,S3,1,1.0000,0.9999
S1-117283343,S2-388578629,US,S2,7,0.7889,0.9998
S1-117283343,S3-134964881,US,S3,17,0.7185,0.9982
S1-117306361,S2-214524932,India,S2,1,1.0000,1.0000
S1-117306361,S3-983033067,India,S3,2,0.9333,0.9888
S1-117306361,S3-210933392,India,S3,3,0.9333,0.9868
S1-117306361,S2-249893410,India,S2,4,0.8451,0.9996
S1-117428411,S2-532139277,India,S2,1,1.0000,1.0000
S1-117428411,S3-508053040,India,S3,50,0.7527,0.9997
S1-117428411,S3-962114216,India,S3,254,0.5208,0.9057
S1-117576871,S2-885792532,US,S2,1,1.0000,1.0000
S1-117576871,S2-697730941,US,S2,2,1.0000,1.0000
S1-117576871,S2-426999832,US,S2,3,0.7875,0.9998
S1-117591130,S3-82082010,India,S3,17,0.7667,0.9995
S1-117608130,S3-643524374,India,S3,1,0.9000,0.9565
S1-117608130,S3-306192300,India,S3,2,0.9000,0.9691
S1-117608130,S2-11702396,India,S2,3,0.9000,0.9674
S1-117608130,S2-639747992,India,S2,4,0.8172,0.9857
S1-117608781,S3-584387359,US,S3,1,0.7667,0.3745
S1-117657109,S3-574773827,US,S3,1,1.0000,0.9997
S1-117657109,S2-932151680,US,S2,2,1.0000,1.0000
S1-117657109,S2-756339996,US,S2,3,1.0000,1.0000
S1-117678308,S3-55349886,India,S3,2,0.7667,0.9582
S1-117678308,S2-847171919,India,S2,9,0.6863,0.9869
S1-117718790,S3-631526226,US,S3,4,0.3667,0.6929
S1-117720563,S3-933353183,US,S3,1,1.0000,1.0000
S1-117730950,S3-413052289,US,S3,1,1.0000,1.0000
S1-117730950,S3-862440101,US,S3,2,0.8381,0.9996
S1-117730950,S3-152900223,US,S3,3,0.8014,0.9996
S1-117730950,S2-4145286,US,S2,4,0.7667,0.2808
S1-117793924,S2-616100862,US,S2,1,0.9000,0.9991
S1-117793924,S2-306271845,US,S2,2,0.9000,1.0000
S1-117793924,S3-439096841,US,S3,3,0.8667,0.9966
S1-117793924,S3-344579111,US,S3,4,0.8212,0.9993
S1-117793924,S3-991802021,US,S3,5,0.8037,0.9997
S1-117793924,S3-196686465,US,S3,6,0.7971,0.9975
S1-117793924,S2-506122420,US,S2,7,0.6909,0.9988
S1-117793924,S3-343758632,US,S3,8,0.6879,0.9982
S1-117866449,S2-452066736,US,S2,1,0.9000,0.9992
S1-117866449,S3-96124384,US,S3,2,0.8480,0.9988
S1-117866449,S3-531724772,US,S3,3,0.7145,0.9980
S1-117915938,S3-592380563,India,S3,1,1.0000,0.9981
S1-117923301,S2-999076934,US,S2,1,0.9231,0.9999
S1-117923301,S2-88298727,US,S2,2,0.9042,0.9995
S1-117923301,S3-98588121,US,S3,3,0.7833,0.9994
S1-1179293,S3-843055799,US,S3,1,1.0000,1.0000
S1-1179293,S3-215571668,US,S3,2,1.0000,1.0000
S1-1179293,S2-789253230,US,S2,3,1.0000,1.0000
S1-1179293,S2-727449968,US,S2,4,1.0000,1.0000
S1-1179293,S2-398121343,US,S2,5,1.0000,0.9998
S1-1179293,S3-686464384,US,S3,6,0.7667,0.5275
S1-118105386,S2-633311383,US,S2,1,1.0000,1.0000
S1-118105386,S2-4981063,US,S2,2,0.8923,0.9997
S1-118105386,S2-915422571,US,S2,3,0.8673,0.9997
S1-118105386,S3-772629992,US,S3,4,0.8296,0.9997
S1-118105386,S2-513253678,US,S2,6,0.7007,0.9982
S1-118185294,S3-388516733,US,S3,1,1.0000,1.0000
S1-118185294,S2-728339646,US,S2,2,1.0000,0.9997
S1-118185294,S2-31376178,US,S2,3,0.7692,0.9996
S1-118185294,S2-682523642,US,S2,6,0.7190,0.9982
S1-118185294,S3-248147775,US,S3,8,0.5952,0.9527
S1-118190062,S3-596712085,US,S3,1,1.0000,1.0000
S1-118190062,S2-342387311,US,S2,2,0.8243,0.9990
S1-118318793,S3-822119446,US,S3,1,1.0000,1.0000
S1-118318793,S3-283280427,US,S3,2,0.8303,0.9982
S1-118384427,S3-142091912,US,S3,1,1.0000,0.9999
S1-118384427,S2-715249441,US,S2,2,0.7847,0.9956
S1-118384427,S3-395930210,US,S3,3,0.7000,0.9962
S1-118717227,S3-458960307,US,S3,1,1.0000,1.0000
S1-118717227,S2-925909933,US,S2,322,0.7667,0.9970
S1-118758981,S3-479873653,US,S3,1,1.0000,1.0000
S1-118758981,S2-437252491,US,S2,2,1.0000,0.9995
S1-118758981,S2-313333619,US,S2,3,1.0000,1.0000
S1-118783323,S3-453542790,US,S3,1,1.0000,1.0000
S1-118783323,S3-428646314,US,S3,2,1.0000,0.9991
S1-118783323,S2-556525824,US,S2,3,0.9333,0.9998
S1-118783323,S2-862719078,US,S2,5,0.7513,0.9993
S1-118861751,S2-969142811,US,S2,1,1.0000,1.0000
S1-118861751,S2-968146272,US,S2,2,1.0000,1.0000
S1-118861751,S3-45036149,US,S3,13,0.6704,0.8803
S1-118970554,S3-94023349,US,S3,1,1.0000,1.0000
S1-118970554,S3-301761044,US,S3,2,1.0000,0.9988
S1-118970554,S2-833867348,US,S2,3,1.0000,0.9989
S1-118970554,S2-375833193,US,S2,5,0.7812,0.9994
S1-119061997,S3-839742533,India,S3,1,1.0000,1.0000
S1-119061997,S3-29517272,India,S3,2,1.0000,0.9997
S1-119061997,S2-843688247,India,S2,3,1.0000,1.0000
S1-119061997,S2-568657668,India,S2,4,1.0000,1.0000
S1-119061997,S3-392134171,India,S3,38,0.6980,0.9992
S1-11908780,S2-80340655,US,S2,1,1.0000,0.9993
S1-11908780,S3-789476524,US,S3,2,0.7667,0.7999
S1-11908780,S2-274722494,US,S2,8,0.7629,0.9996
S1-119140699,S2-292722399,US,S2,1,1.0000,1.0000
S1-119140699,S3-981301575,US,S3,2,0.9333,0.9990
S1-119140699,S2-312884244,US,S2,17,0.6527,0.9881
S1-119140699,S3-482699625,US,S3,18,0.5667,0.9851
S1-119178307,S3-965854236,US,S3,1,1.0000,0.9997
S1-119178307,S3-901512754,US,S3,2,0.9000,0.9999
S1-119178307,S3-766256970,US,S3,3,0.8167,1.0000
S1-119178307,S3-971663748,US,S3,4,0.7467,0.9982
S1-119178307,S3-595585921,US,S3,5,0.7236,0.9801
S1-119232377,S3-632907322,US,S3,1,1.0000,1.0000
S1-119232377,S3-170086106,US,S3,2,0.8860,0.9998
S1-119232377,S3-695830329,US,S3,3,0.6128,0.9996
S1-119263851,S2-362742858,US,S2,1,0.8246,0.9980
S1-119263851,S3-280903851,US,S3,20,0.5529,0.9415
S1-119279759,S3-637782474,India,S3,1,1.0000,0.9989
S1-119279759,S3-291261163,India,S3,2,1.0000,0.9989
S1-119279759,S2-524387008,India,S2,3,1.0000,0.9999
S1-119279759,S2-437259297,India,S2,4,1.0000,0.9998
S1-119279759,S2-391269162,India,S2,6,0.7544,0.9996
S1-119316695,S3-733273030,India,S3,1,1.0000,0.9999
S1-119316695,S2-422271731,India,S2,2,1.0000,0.9897
S1-119316695,S3-511354823,India,S3,31,0.7667,0.9567
S1-119349291,S2-156704500,US,S2,1,1.0000,1.0000
S1-119349291,S3-663130225,US,S3,3,0.7667,0.5334
S1-119468418,S3-989789954,US,S3,1,1.0000,0.9999
S1-119468418,S3-629733650,US,S3,2,1.0000,0.9996
S1-119468418,S3-142343772,US,S3,101,0.6667,0.9966
S1-119468418,S2-846467479,US,S2,102,0.6471,0.9860
S1-119485959,S3-811444838,India,S3,1,0.8667,0.9992
S1-119485959,S3-624742629,India,S3,2,0.8667,0.5588
S1-119499895,S3-74907350,India,S3,1,1.0000,0.9989
S1-119499895,S3-200387384,India,S3,5,0.6611,0.7213
S1-119656673,S3-562096084,India,S3,1,0.8583,0.9991
S1-119656673,S3-800634924,India,S3,2,0.7771,0.9962
S1-119668696,S3-864590507,US,S3,1,1.0000,1.0000
S1-119668696,S3-584959688,US,S3,2,1.0000,0.9995
S1-119668696,S2-60057804,US,S2,3,1.0000,0.9998
S1-119701350,S2-992743158,US,S2,1,1.0000,1.0000
S1-119701350,S3-177019557,US,S3,2,0.7754,0.9998
S1-119701350,S3-416857472,US,S3,4,0.7179,0.9757
S1-119865340,S2-683978389,India,S2,1,0.9000,0.9665
S1-119865340,S3-637117186,India,S3,2,0.7667,0.4621
S1-119898198,S2-6842166,India,S2,1,1.0000,0.9989
S1-119898198,S3-708759538,India,S3,2,0.9333,1.0000
S1-119898198,S3-906985495,India,S3,3,0.8667,0.9987
S1-119898198,S2-133575890,India,S2,5,0.6782,0.9994
S1-119898198,S3-765106851,India,S3,6,0.6710,0.8921
S1-119967530,S3-62173377,US,S3,1,1.0000,1.0000
S1-119967530,S2-36384511,US,S2,2,1.0000,0.9997
S1-119967530,S2-67744329,US,S2,3,0.7370,0.9971
S1-120088339,S2-437022761,US,S2,1,0.8667,0.9402
S1-120088339,S3-686663415,US,S3,31,0.7667,0.2895
S1-120088339,S2-354727250,US,S2,232,0.7167,0.9667
S1-120155964,S3-352355612,US,S3,1,0.7667,0.8756
S1-120155964,S2-216735865,US,S2,2,0.7156,0.9979
S1-120170858,S2-652766991,US,S2,1,0.9000,0.9947
S1-120170858,S3-203872360,US,S3,2,0.8054,0.9995
S1-120170858,S2-838665752,US,S2,8,0.7333,0.9956
S1-120170858,S2-619918591,US,S2,13,0.5863,0.9063
S1-120282293,S3-827616162,US,S3,1,0.7667,0.7421
S1-120282293,S3-401885260,US,S3,2,0.5733,0.9777
S1-120302510,S3-518723944,US,S3,1,1.0000,1.0000
S1-120302510,S3-488600794,US,S3,2,1.0000,1.0000
S1-120302510,S2-750239133,US,S2,3,0.7667,0.7646
S1-120302510,S2-739094219,US,S2,4,0.7667,0.5420
S1-120302510,S2-271232575,US,S2,5,0.7667,0.9998
S1-120332635,S3-365271506,India,S3,1,1.0000,0.9995
S1-120332635,S2-808568850,India,S2,2,1.0000,0.9988
S1-120348729,S3-908660194,US,S3,1,0.7667,0.5748
S1-120348729,S2-849059883,US,S2,2,0.7667,0.3300
S1-120348729,S2-372421413,US,S2,3,0.7667,0.3302
S1-120355921,S3-841825463,US,S3,1,0.8407,0.9995
S1-120355921,S2-820716290,US,S2,246,0.7179,0.9253
S1-12041649,S3-465233884,US,S3,1,1.0000,1.0000
S1-12041649,S2-952701342,US,S2,2,0.8544,0.9998
S1-120436455,S2-163960345,US,S2,1,0.8500,0.5105
S1-120457054,S3-617848826,US,S3,1,1.0000,0.9999
S1-120457054,S2-186687789,US,S2,2,0.9000,0.9971
S1-12046337,S2-499728557,US,S2,1,0.9322,0.9991
S1-120531116,S2-589845860,US,S2,1,0.9000,1.0000
S1-120563369,S3-75986113,US,S3,1,0.8910,0.9998
S1-120563369,S2-793733493,US,S2,2,0.8010,0.9998
S1-120563369,S2-281846789,US,S2,3,0.7889,0.9999
S1-120563369,S2-338184467,US,S2,5,0.7667,0.7999
S1-120571521,S3-411436216,India,S3,1,1.0000,0.9985
S1-120571521,S2-166389634,India,S2,2,1.0000,1.0000
S1-120571521,S2-34036689,India,S2,3,0.8451,0.9990
S1-120684000,S3-906039172,US,S3,1,1.0000,0.9996
S1-120684000,S3-457002501,US,S3,2,0.8396,0.9983
S1-120684000,S2-419275744,US,S2,17,0.6833,0.9997
S1-120758735,S3-392009656,US,S3,1,1.0000,1.0000
S1-120758735,S2-567416250,US,S2,2,0.8464,0.9994
S1-120758735,S3-14023664,US,S3,3,0.7852,1.0000
S1-120763605,S2-715701237,India,S2,1,1.0000,0.9992
S1-120763605,S3-616694475,India,S3,74,0.6970,0.9978
S1-120776067,S2-327819163,US,S2,1,0.7412,0.9986
S1-12079847,S3-799149707,India,S3,1,1.0000,0.9999
S1-12079847,S3-550183146,India,S3,2,1.0000,0.9914
S1-12079847,S2-534655367,India,S2,3,0.8576,0.9992
S1-12079847,S3-811140582,India,S3,4,0.8451,0.9973
S1-12079847,S3-141912347,India,S3,64,0.6250,1.0000
S1-120808930,S3-105182530,US,S3,1,1.0000,0.9991
S1-120808930,S3-915146648,US,S3,2,0.9000,0.9999
S1-120808930,S2-55127089,US,S2,3,0.9000,0.9890
S1-120988513,S2-956026791,US,S2,1,1.0000,1.0000
S1-120988513,S2-247138523,US,S2,2,0.7917,0.9994
S1-120988513,S3-907040256,US,S3,3,0.7771,0.9979
S1-120988513,S2-137864237,US,S2,4,0.7667,0.9984
S1-121013078,S3-617781006,US,S3,188,0.7667,0.8372
S1-121013078,S2-562692764,US,S2,951,0.7490,0.9987
S1-121021857,S2-302149562,India,S2,1,1.0000,0.9999
S1-121021857,S3-665549118,India,S3,2,0.7667,0.6329
S1-121021857,S2-36634364,India,S2,4,0.7451,0.9879
S1-121137472,S2-21303287,India,S2,1,1.0000,0.9980
S1-121137472,S3-449075441,India,S3,2,0.7667,0.6002
S1-121137472,S3-210572597,India,S3,7,0.6686,0.9998
S1-121454913,S2-230157674,US,S2,1,1.0000,1.0000
S1-121530387,S2-626475406,India,S2,1,0.9333,0.9591
S1-121530387,S3-26071964,India,S3,56,0.6762,0.9990
S1-12154786,S3-910326980,US,S3,1,1.0000,1.0000
S1-12154786,S3-671494199,US,S3,2,1.0000,0.9996
S1-12154786,S3-6903639,US,S3,3,0.9078,0.9998
S1-12154786,S2-302848845,US,S2,952,0.6910,0.9603
S1-12154786,S3-598747983,US,S3,953,0.6863,0.9993
S1-121651900,S3-769922085,US,S3,1,1.0000,1.0000
S1-121651900,S2-649677231,US,S2,2,0.9000,0.9941
S1-121651900,S2-754732013,US,S2,104,0.7500,0.9984
S1-121651900,S3-490009343,US,S3,105,0.7396,0.9975
S1-12168,S3-100362414,US,S3,1,0.9000,0.9868
S1-121762029,S3-861899857,US,S3,1,0.8667,0.9987
S1-121762029,S2-87060834,US,S2,2,0.7667,0.6423
S1-121762029,S2-633027856,US,S2,3,0.7667,0.9979
S1-121762029,S2-138893280,US,S2,5,0.7667,0.9990
S1-121762029,S3-960203334,US,S3,6,0.5750,0.8775
S1-121816343,S2-359031569,US,S2,1,0.7163,0.9906
S1-121816343,S3-601239024,US,S3,2,0.6830,0.3785
S1-121816343,S3-542101293,US,S3,3,0.6830,0.5446
S1-121841923,S2-529647727,US,S2,1,0.8292,0.9994
S1-121857536,S3-342181617,US,S3,1,1.0000,1.0000
S1-121857536,S3-211573137,US,S3,2,1.0000,0.9999
S1-121857536,S2-375301520,US,S2,3,0.8333,0.9996
S1-121997916,S2-895631936,India,S2,4,1.0000,1.0000
S1-122032512,S3-903594678,US,S3,1,1.0000,0.9999
S1-122032512,S3-318511679,US,S3,2,0.9212,0.9996
S1-122032512,S2-372208010,US,S2,3,0.8333,0.8941
S1-122032512,S2-999616129,US,S2,4,0.7879,0.8814
S1-122032512,S2-38979280,US,S2,5,0.7237,0.2094
S1-122084914,S3-983634561,India,S3,1,0.9333,0.9998
S1-122084914,S2-899462280,India,S2,2,0.9333,0.9999
S1-122255297,S2-785925562,US,S2,1,1.0000,0.9997
S1-122255297,S2-362592616,US,S2,2,1.0000,1.0000
S1-122255297,S2-111654366,US,S2,3,1.0000,0.9998
S1-122255297,S3-266678745,US,S3,7,0.7667,0.6279
S1-122268516,S2-827051428,US,S2,1,1.0000,1.0000
S1-122268516,S3-710325051,US,S3,2,0.9231,0.9998
S1-122268516,S3-686400241,US,S3,3,0.7667,0.8071
S1-122293625,S2-835403489,India,S2,1,1.0000,0.9986
S1-122293625,S2-674531778,India,S2,2,1.0000,0.9988
S1-122293625,S3-720566091,India,S3,34,0.5867,0.7224
S1-122397358,S3-807450278,US,S3,1,1.0000,1.0000
S1-122397358,S2-538315777,US,S2,2,1.0000,1.0000
S1-122397358,S2-42011781,US,S2,3,0.8208,0.9995
S1-122397358,S3-693315390,US,S3,4,0.7663,0.9967
S1-122486581,S3-437457531,India,S3,6,0.8179,0.9955
S1-122486581,S2-619348224,India,S2,7,0.7992,0.9997
S1-122521591,S3-631158407,US,S3,2,0.6847,0.9929
S1-122576193,S3-806846907,India,S3,1,1.0000,1.0000
S1-122576193,S3-629066324,India,S3,143,0.6833,0.9925
S1-122642110,S3-319490121,US,S3,1,1.0000,1.0000
S1-122642110,S3-689343539,US,S3,2,0.8619,0.9987
S1-122772457,S2-476161911,India,S2,1,1.0000,1.0000
S1-122772457,S3-219888727,India,S3,2,0.7950,0.9991
S1-122772457,S3-6938544,India,S3,7,0.6864,0.1749
S1-122846439,S2-575255794,US,S2,1,1.0000,0.9998
S1-122846439,S3-556023463,US,S3,2,0.7667,0.9997
S1-122846439,S3-253627564,US,S3,99,0.7667,0.9896
S1-122870670,S3-300148401,US,S3,1,0.8181,0.9996
S1-122870670,S3-945200124,US,S3,2,0.6867,0.9997
S1-122879882,S3-756832427,US,S3,6,0.8667,0.9954
S1-122879882,S2-618394553,US,S2,18,0.8667,0.9985
S1-122930101,S2-237278094,US,S2,1,1.0000,1.0000
S1-122930101,S2-450118476,US,S2,2,0.9000,1.0000
S1-122930101,S3-486895474,US,S3,4,0.8157,0.9992
S1-123014627,S2-826911828,US,S2,1,1.0000,0.9996
S1-123014627,S2-37452937,US,S2,2,1.0000,0.9997
S1-123015533,S3-232243303,India,S3,1,0.9200,0.9372
S1-123015533,S2-532262039,India,S2,2,0.8798,0.9996
S1-123015533,S3-546743041,India,S3,3,0.6236,0.8017
S1-123044344,S3-667092667,India,S3,1,1.0000,0.9964
S1-12309178,S3-392609217,India,S3,1,1.0000,0.9999
S1-12309178,S2-484819714,India,S2,2,1.0000,0.9987
S1-12309178,S2-338921115,India,S2,3,1.0000,0.9971
S1-12309178,S2-187481754,India,S2,4,1.0000,1.0000
S1-12309178,S2-516795958,India,S2,5,0.8211,0.9938
S1-123164345,S3-172957100,US,S3,1,1.0000,0.9997
S1-123164345,S2-744785613,US,S2,3,0.8333,0.9956
S1-123164345,S2-454818536,US,S2,4,0.8333,0.9956
S1-123164345,S2-332860425,US,S2,5,0.7000,0.9983
S1-123174602,S3-544270610,US,S3,1,1.0000,1.0000
S1-123196848,S2-534182400,US,S2,1,1.0000,0.9998
S1-123196848,S3-100603582,US,S3,2,0.8333,0.9994
S1-123196848,S2-514358337,US,S2,3,0.7667,0.9893
S1-123203279,S2-360980438,US,S2,1,0.9000,0.9980
S1-123203279,S3-790427401,US,S3,2,0.8667,0.7568
S1-12327642,S3-525878615,US,S3,1,1.0000,0.9981
S1-12327642,S2-766931168,US,S2,141,0.4857,0.7280
S1-123317281,S3-817410112,India,S3,1,1.0000,0.9945
S1-123317281,S2-393363196,India,S2,2,1.0000,0.9997
S1-123317281,S3-839897657,India,S3,6,0.8143,0.9974
S1-123354785,S3-961750360,US,S3,1,1.0000,0.9996
S1-123354785,S2-694390501,US,S2,2,1.0000,0.9998
S1-123354785,S2-482384663,US,S2,4,0.7667,0.9992
S1-123355967,S3-137768443,US,S3,1,1.0000,0.9994
S1-123355967,S2-352552540,US,S2,2,0.9000,0.9964
S1-123355967,S2-488294155,US,S2,4,0.6246,0.9977
S1-123380116,S3-244173974,India,S3,1,1.0000,1.0000
S1-123399583,S3-742836769,US,S3,1,1.0000,0.9999
S1-123399583,S3-132529720,US,S3,2,1.0000,1.0000
S1-123419474,S3-254822172,US,S3,1,1.0000,0.9996
S1-123419474,S2-336023351,US,S2,2,1.0000,1.0000
S1-123419474,S3-291568106,US,S3,26,0.7658,0.9996
S1-123496923,S2-830718826,India,S2,1,1.0000,0.9992
S1-123496923,S2-807599080,India,S2,2,1.0000,0.9894
S1-123496923,S2-588621643,India,S2,3,1.0000,1.0000
S1-123496923,S3-137056546,India,S3,4,0.7471,0.9996
S1-123527074,S3-509745477,US,S3,1,1.0000,1.0000
S1-123527074,S2-921041342,US,S2,2,1.0000,0.9986
S1-123527074,S2-631521417,US,S2,4,0.7388,0.9967
S1-123596730,S2-110180675,US,S2,14,0.6583,0.9981
S1-123618840,S3-892127317,US,S3,2,0.7771,0.9991
S1-123688431,S3-359300103,US,S3,1,1.0000,1.0000
S1-123688431,S2-806273366,US,S2,2,1.0000,1.0000
S1-123688431,S3-534662792,US,S3,3,0.9182,0.9997
S1-123688431,S3-29399652,US,S3,11,0.7525,0.9999
S1-123688431,S3-113116240,US,S3,12,0.5942,0.9560
S1-123696204,S3-725068576,India,S3,1,0.9500,0.9937
S1-123696204,S2-838676829,India,S2,2,0.8500,0.9997
S1-123696204,S3-161175522,India,S3,3,0.7712,0.9987
S1-123709415,S2-262405682,India,S2,1,1.0000,0.9995
S1-123709415,S2-142772154,India,S2,2,1.0000,0.9685
S1-123709415,S3-485567713,India,S3,46,0.5275,0.9426
S1-123718871,S3-168773840,US,S3,1,1.0000,1.0000
S1-123718871,S2-773268443,US,S2,2,0.8778,0.9996
S1-123718871,S2-485012166,US,S2,3,0.8619,0.9999
S1-123718871,S3-718703286,US,S3,4,0.7667,0.5409
S1-123718871,S2-228880362,US,S2,5,0.7667,0.7925
S1-123718871,S3-836101010,US,S3,6,0.7111,0.9974
S1-123736702,S2-183433319,US,S2,1,0.9000,0.9984
S1-123736702,S2-389541734,US,S2,2,0.8172,0.9991
S1-123736702,S3-181877128,US,S3,3,0.7667,0.2787
S1-123736702,S3-121975304,US,S3,4,0.7667,0.2787
S1-123736702,S2-350713436,US,S2,5,0.7179,0.9952
S1-123736702,S3-579654931,US,S3,6,0.6333,0.9975
S1-123736702,S2-489948942,US,S2,7,0.5333,0.9124
S1-12377213,S3-723800216,US,S3,1,0.8667,0.9999
S1-12377213,S3-605810077,US,S3,2,0.8667,0.9997
S1-12377213,S2-499946758,US,S2,110,0.6748,0.9964
S1-12377213,S2-34378934,US,S2,112,0.6061,0.9957
S1-12385527,S3-958953883,US,S3,1,0.9000,0.9999
S1-12385527,S2-458339764,US,S2,2,0.8500,0.5005
S1-12385527,S2-642726849,US,S2,3,0.6643,0.6773
S1-12385527,S3-274199624,US,S3,4,0.5533,0.7687
S1-123879556,S2-987307229,US,S2,1,1.0000,1.0000
S1-123879556,S2-960340605,US,S2,2,1.0000,0.9997
S1-123879556,S2-533145398,US,S2,3,0.8111,0.9985
S1-123879556,S3-852808026,US,S3,7,0.6784,0.8271
S1-123879556,S3-351329000,US,S3,8,0.6778,0.9909
S1-123879556,S3-320285558,US,S3,10,0.6652,0.9892
S1-123978455,S3-651269546,US,S3,1,1.0000,1.0000
S1-123978455,S3-535398831,US,S3,2,0.8119,0.9986
S1-124024297,S3-390881188,India,S3,1,0.9000,0.9746
S1-124090660,S3-649324021,US,S3,1,0.9333,1.0000
S1-124090660,S2-455994046,US,S2,2,0.9000,0.9999
S1-124090660,S2-365334475,US,S2,3,0.9000,0.9941
S1-124128320,S3-737767979,US,S3,1,1.0000,1.0000
S1-124128320,S2-162946872,US,S2,2,1.0000,0.9998
S1-124128320,S2-834961006,US,S2,3,0.8157,0.9986
S1-124128320,S3-593032355,US,S3,4,0.7667,0.7185
S1-124179187,S3-131131397,US,S3,1,1.0000,0.9996
S1-124179187,S2-297343865,US,S2,3,0.7667,0.7888
S1-124179187,S3-230750414,US,S3,4,0.7185,0.9376
S1-124290794,S3-345074418,US,S3,1,1.0000,0.9998
S1-124290794,S2-166898293,US,S2,2,0.8387,0.9990
S1-124290794,S3-681241230,US,S3,3,0.5980,0.1950
S1-124306117,S3-638891116,India,S3,72,0.6092,0.9963
S1-124306117,S3-414506887,India,S3,96,0.5833,0.9979
S1-124335843,S2-160174145,India,S2,1,0.9000,0.9784
S1-124335843,S2-146126696,India,S2,2,0.9000,0.9745
S1-124335843,S2-754889573,India,S2,4,0.7303,0.9718
S1-124335843,S2-422297069,India,S2,5,0.7246,0.9965
S1-124335843,S3-551200791,India,S3,6,0.5926,0.9877
S1-124335940,S3-715535516,India,S3,1,1.0000,1.0000
S1-124335940,S2-860503527,India,S2,2,1.0000,0.9954
S1-124386970,S3-726175530,US,S3,1,1.0000,1.0000
S1-124386970,S2-902454232,US,S2,2,1.0000,1.0000
S1-124386970,S2-475700539,US,S2,3,1.0000,0.9997
S1-124386970,S3-933041169,US,S3,4,0.8985,0.9998
S1-124457218,S3-731632811,US,S3,1,1.0000,0.9998
S1-124457218,S3-443326098,US,S3,2,1.0000,1.0000
S1-124457218,S3-268334160,US,S3,3,1.0000,0.9996
S1-124457218,S2-367595713,US,S2,4,1.0000,1.0000
S1-124457218,S2-306062026,US,S2,5,1.0000,1.0000
S1-124457218,S2-945807024,US,S2,6,0.7667,0.7760
S1-124480228,S2-366191749,India,S2,1,0.9333,0.9973
S1-124480228,S3-371699749,India,S3,3,0.7667,0.9255
S1-124480228,S2-530784899,India,S2,4,0.5167,0.9793
S1-124480228,S2-467875452,India,S2,5,0.5000,0.8237
S1-124516870,S3-971662672,US,S3,1,1.0000,1.0000
S1-124516870,S3-912845335,US,S3,2,1.0000,1.0000
S1-124516870,S2-358579170,US,S2,3,1.0000,1.0000
S1-124527603,S3-423306034,US,S3,1,1.0000,0.9996
S1-124527603,S3-733355148,US,S3,2,0.8667,0.8103
S1-124527603,S3-336667580,US,S3,3,0.7828,0.9702
S1-124527603,S3-55188584,US,S3,4,0.7667,0.9931
S1-124527603,S2-39813792,US,S2,5,0.7273,0.9988
S1-124527603,S2-685772925,US,S2,6,0.7262,0.8251
S1-124566308,S3-940459789,US,S3,1,1.0000,1.0000
S1-124566308,S2-732314994,US,S2,2,0.8583,0.9988
S1-124566308,S3-555190198,US,S3,3,0.7667,0.7919
S1-124566308,S2-809488639,US,S2,5,0.6944,0.9981
S1-124718569,S3-910032460,India,S3,1,1.0000,0.9987
S1-124718569,S2-955784026,India,S2,2,1.0000,0.9975
S1-124718569,S2-926531933,India,S2,3,1.0000,0.9775
S1-124732124,S3-84224974,India,S3,1,0.9600,0.9999
S1-124732124,S2-699268913,India,S2,1102,0.6402,0.9999
S1-124789877,S3-266790586,US,S3,1,0.9000,0.9939
S1-124789877,S2-76487321,US,S2,2,0.9000,0.9992
S1-124789877,S3-949198043,US,S3,3,0.8667,0.7135
S1-124789877,S3-603818379,US,S3,5,0.6293,0.8880
S1-124854706,S3-596272116,US,S3,1,0.7667,0.9996
S1-124854706,S3-186445795,US,S3,2,0.7288,0.9992
S1-124879311,S2-28092895,US,S2,1,1.0000,1.0000
S1-124879311,S3-404869295,US,S3,2,0.7242,0.9981
S1-124920867,S2-529051402,US,S2,1,0.9172,0.9999
S1-124920867,S2-129693053,US,S2,2,0.8262,0.9993
S1-124920867,S3-311254870,US,S3,4,0.6559,0.9971
S1-124939763,S3-576235087,India,S3,5,0.8667,0.6303
S1-124939763,S2-912754659,India,S2,8,0.8667,0.9994
S1-125045439,S3-677841118,US,S3,1,1.0000,0.9996
S1-125045439,S2-228996793,US,S2,2,1.0000,1.0000
S1-125045439,S3-826127668,US,S3,4,0.7667,0.4058
S1-125131787,S3-458907500,US,S3,1,0.8752,0.9996
S1-125131787,S2-23885025,US,S2,5,0.7652,0.9996
S1-125214345,S3-549876749,US,S3,1,1.0000,0.9996
S1-125214345,S3-147699320,US,S3,2,1.0000,0.9996
S1-125214345,S2-466286503,US,S2,7,0.6333,0.9933
S1-125309572,S3-667251183,India,S3,3,0.8333,0.9936
S1-125309572,S3-269707336,India,S3,69,0.7603,0.9997
S1-125332156,S3-993691171,India,S3,1,1.0000,0.9988
S1-125472662,S3-164302444,India,S3,1,0.8667,0.4543
S1-125485651,S3-656505900,US,S3,1,1.0000,0.9988
S1-125485651,S3-542293276,US,S3,2,1.0000,1.0000
S1-125485651,S3-527009755,US,S3,3,1.0000,0.9995
S1-125485651,S2-610907076,US,S2,4,1.0000,1.0000
S1-125485651,S2-55514084,US,S2,19,0.5278,0.8962
S1-125499383,S2-856716320,US,S2,1,1.0000,1.0000
S1-125499383,S2-751089528,US,S2,2,1.0000,1.0000
S1-125499383,S3-438745914,US,S3,3,0.8719,0.9996
S1-125509150,S2-363453628,US,S2,3,1.0000,0.9998
S1-125509150,S3-158569113,US,S3,4,0.9000,0.9981
S1-125535399,S2-950271447,US,S2,1,1.0000,1.0000
S1-125535399,S3-28227714,US,S3,2,0.5913,0.9898
S1-125535399,S3-383918373,US,S3,3,0.5500,0.9024
S1-125535399,S3-347454877,US,S3,4,0.4500,0.8958
S1-125572296,S3-811105137,US,S3,1,0.8212,0.9994
S1-125572296,S2-878709933,US,S2,3,0.7667,0.9997
S1-125572296,S3-455094451,US,S3,5,0.7485,0.9975
S1-125622142,S2-955947547,US,S2,1,1.0000,0.9999
S1-125622142,S3-81265953,US,S3,2,0.8917,0.9997
S1-125622142,S3-698241713,US,S3,3,0.7476,0.9945
S1-125622142,S3-108098275,US,S3,4,0.7256,0.9999
S1-125636331,S3-472525302,US,S3,1,0.8054,0.9963
S1-125636331,S3-115318563,US,S3,2,0.7451,0.9947
S1-125767728,S3-5217543,US,S3,1,0.9182,0.9998
S1-125767728,S2-59088057,US,S2,9,0.7667,0.9995
S1-125767728,S2-134630238,US,S2,11,0.7667,0.7014
S1-125880114,S3-375788982,US,S3,1,0.7667,0.9909
S1-125891447,S2-656937065,US,S2,1,1.0000,0.9999
S1-125891447,S3-209869720,US,S3,2,0.9000,1.0000
S1-125891447,S3-314862649,US,S3,3,0.7895,0.9994
S1-125891447,S3-14290860,US,S3,4,0.7278,0.9984
S1-125891736,S3-36412606,India,S3,50,0.7357,0.9999
S1-125891736,S3-46395851,India,S3,67,0.6167,0.9091
S1-125905635,S3-101272395,US,S3,1,1.0000,0.9996
S1-125905635,S2-173375946,US,S2,3,0.8667,0.8171
S1-125905635,S3-519769465,US,S3,4,0.7733,0.8783
S1-125905635,S2-306623073,US,S2,538,0.7286,0.9896
S1-125988006,S2-807294028,India,S2,10,0.7724,0.9979
S1-125988006,S2-592725919,India,S2,11,0.7724,0.9966
S1-125988006,S3-604026402,India,S3,12,0.7667,0.6846
S1-126065178,S3-103417932,India,S3,15,0.7564,0.9782
S1-126095093,S3-855798290,US,S3,1,1.0000,0.9998
S1-126095093,S2-199675441,US,S2,2,1.0000,1.0000
S1-126095093,S2-423908089,US,S2,3,0.9167,0.9991
S1-126095093,S3-841885329,US,S3,9,0.6444,0.9949
S1-126180981,S3-85240076,India,S3,1,0.8667,0.9987
S1-126180981,S3-701165422,India,S3,2,0.8667,0.9994
S1-126180981,S3-688716391,India,S3,3,0.8667,0.9996
S1-126180981,S3-48166792,India,S3,4,0.8667,0.6200
S1-126180981,S2-91736430,India,S2,5,0.8667,0.9921
S1-126180981,S2-767086424,India,S2,6,0.8667,0.9921
S1-126180981,S2-446537674,India,S2,7,0.8667,0.9921
S1-126180981,S2-42960209,India,S2,8,0.8667,0.4310
S1-126206361,S2-759443253,US,S2,1,1.0000,1.0000
S1-126206361,S2-653660844,US,S2,2,1.0000,0.9996
S1-126224386,S2-25225156,US,S2,1,0.7778,0.9988
S1-126224386,S2-887736815,US,S2,2,0.6515,0.9990
S1-126243224,S2-673736081,US,S2,1,1.0000,0.9999
S1-126243224,S2-26137506,US,S2,2,1.0000,1.0000
S1-126243224,S2-309158838,US,S2,3,0.8917,0.9995
S1-126243224,S3-107375041,US,S3,4,0.8222,0.9968
S1-126243224,S3-969710121,US,S3,13,0.6513,0.9983
S1-126251355,S3-745953615,US,S3,1,0.8527,0.9997
S1-126251355,S3-729730199,US,S3,3,0.7471,0.9940
S1-126251355,S2-335568574,US,S2,4,0.7471,0.9792
S1-126256794,S2-161399201,US,S2,1,1.0000,1.0000
S1-126256794,S2-132731088,US,S2,2,0.8500,0.9998
S1-126256794,S3-185831508,US,S3,10,0.7333,0.9992
S1-126279343,S3-159932823,US,S3,1,0.8667,0.9992
S1-126279343,S3-544806727,US,S3,15,0.5889,0.9884
S1-126301059,S2-839254619,India,S2,1,0.8424,0.9997
S1-126301059,S3-126684012,India,S3,2,0.6741,0.9895
S1-126310954,S2-884166663,US,S2,1,1.0000,0.9999
S1-126310954,S3-225554432,US,S3,2,0.7985,0.9992
S1-126375930,S3-93036178,US,S3,1,1.0000,0.9997
S1-126375930,S2-520693956,US,S2,6,0.6559,0.9983
S1-126427570,S3-668639631,US,S3,1,1.0000,1.0000
S1-126455653,S2-119968597,US,S2,1,1.0000,0.9998
S1-126455653,S2-345807577,US,S2,157,0.7471,0.9993
S1-126455653,S3-848873599,US,S3,159,0.6092,0.9721
S1-126465791,S3-612394633,US,S3,1,1.0000,0.9998
S1-126465791,S2-27442483,US,S2,2,0.8667,0.9996
S1-126465791,S3-458077754,US,S3,3,0.8480,0.9995
S1-126465791,S3-292588257,US,S3,4,0.8126,0.9998
S1-126465791,S3-313626725,US,S3,6,0.7580,0.9986
S1-126659392,S2-153067106,US,S2,1,0.8833,0.9998
S1-126659392,S3-431492090,US,S3,2,0.8658,0.9994
S1-126659392,S3-709570010,US,S3,4,0.7577,0.9867
S1-126722555,S2-679866174,US,S2,1,1.0000,0.9998
S1-126722555,S2-346418280,US,S2,2,1.0000,1.0000
S1-126722555,S2-219593957,US,S2,3,1.0000,0.9996
S1-126722555,S2-332745687,US,S2,4,0.8949,0.9965
S1-126722555,S3-859670735,US,S3,5,0.7923,0.9974
S1-126722555,S2-123285380,US,S2,6,0.7923,0.9991
S1-126745290,S3-216630046,India,S3,1,1.0000,0.9985
S1-126745290,S2-213815796,India,S2,2,1.0000,0.9997
S1-12685940,S3-600125297,India,S3,1,0.9000,0.9462
S1-12685940,S2-187158913,India,S2,2,0.9000,0.9999
S1-12685940,S3-620156041,India,S3,8,0.7333,0.9978
S1-12685940,S2-674264683,India,S2,9,0.6333,0.9604
S1-126888831,S3-405217910,US,S3,1,0.9000,1.0000
S1-126888831,S3-375813725,US,S3,2,0.9000,0.9903
S1-126888831,S2-528374167,US,S2,3,0.9000,0.9707
S1-126888831,S3-391787673,US,S3,4,0.8451,0.9985
S1-12688888,S3-481902563,US,S3,1,1.0000,0.9996
S1-12688888,S3-361542141,US,S3,2,0.7918,0.9999
S1-12688888,S3-663828409,US,S3,7,0.7667,0.5507
S1-12688888,S2-362083273,US,S2,19,0.7667,0.4750
S1-126914061,S3-300465477,US,S3,1,1.0000,0.9996
S1-126914061,S2-929859130,US,S2,2,1.0000,1.0000
S1-126914061,S2-402598376,US,S2,3,1.0000,1.0000
S1-126914061,S3-948233312,US,S3,22,0.7291,0.9999
S1-126984145,S3-582925364,India,S3,3,0.9000,0.9657
S1-12710804,S2-12961742,US,S2,1,1.0000,0.9999
S1-12710804,S3-229274179,US,S3,2,0.8236,0.9978
S1-12710804,S2-962551763,US,S2,3,0.7667,0.9996
S1-127151096,S2-739184522,US,S2,2,0.7667,0.8397
S1-127228075,S2-55241653,India,S2,1,1.0000,0.9993
S1-127228075,S2-529669494,India,S2,2,1.0000,0.9993
S1-127228075,S3-798054603,India,S3,4,0.7667,0.8668
S1-127228075,S3-601308144,India,S3,5,0.7667,0.8862
S1-127228075,S3-172389751,India,S3,10,0.7667,0.8862
S1-127349911,S3-935570041,US,S3,1,1.0000,1.0000
S1-127388485,S3-647538402,US,S3,1,1.0000,0.9996
S1-127388485,S3-909359165,US,S3,2,0.7742,0.9995
S1-127388485,S2-895460196,US,S2,4,0.6798,0.9993
S1-127388485,S3-633795750,US,S3,5,0.6278,0.9998
S1-127439363,S3-383445988,US,S3,7,0.5857,0.9997
S1-127440142,S3-898829897,US,S3,1,1.0000,0.9997
S1-127440142,S3-201974380,US,S3,2,1.0000,1.0000
S1-127440142,S2-816151424,US,S2,3,0.8545,0.9998
S1-127442071,S3-192888802,US,S3,1,1.0000,1.0000
S1-127442071,S2-564008830,US,S2,2,0.9000,0.9999
S1-127486567,S3-208870090,India,S3,1,0.8667,0.2581
S1-127486567,S2-737872090,India,S2,2,0.8667,0.9968
S1-127530352,S2-382126471,India,S2,4,0.7658,0.9993
S1-12753762,S2-868627198,US,S2,1,0.8598,0.9988
S1-12753762,S2-629229174,US,S2,2,0.8598,0.9978
S1-12753762,S2-145086802,US,S2,3,0.8273,0.9999
S1-127570407,S3-878978750,US,S3,1,1.0000,0.9997
S1-127570407,S2-438554818,US,S2,2,1.0000,0.9995
S1-127664499,S3-133722118,US,S3,1,1.0000,1.0000
S1-127664499,S2-338398916,US,S2,2,1.0000,1.0000
S1-127664499,S3-945969755,US,S3,3,0.8733,0.9990
S1-127664499,S3-260937289,US,S3,4,0.7833,0.9987
S1-127664499,S3-867593575,US,S3,5,0.7667,0.9976
S1-127664499,S2-614503474,US,S2,6,0.7667,0.8756
S1-127670426,S3-526268745,India,S3,1,1.0000,1.0000
S1-127670426,S3-346955344,India,S3,2,0.7705,0.9984
S1-127670426,S2-248808581,India,S2,3,0.7228,0.9982
S1-127769676,S3-72989999,India,S3,1,1.0000,1.0000
S1-127786565,S2-386935463,US,S2,1,0.9000,1.0000
S1-127786565,S3-955026779,US,S3,3,0.7801,0.9998
S1-12783436,S3-664991400,India,S3,7,1.0000,0.9973
S1-12783436,S2-566037293,India,S2,27,1.0000,0.9992
S1-12783436,S3-61632619,India,S3,3734,0.6250,0.9986
S1-12784422,S3-242934251,US,S3,1,1.0000,0.9998
S1-12784422,S3-935180466,US,S3,3,0.7287,0.9983
S1-127916757,S3-625894393,US,S3,1,1.0000,1.0000
S1-127916757,S2-368899475,US,S2,2,0.9000,0.9988
S1-127916757,S2-971196791,US,S2,3,0.7985,0.9993
S1-127916757,S3-905929088,US,S3,4,0.6119,0.9997
S1-127962532,S3-171243432,US,S3,1,1.0000,1.0000
S1-127962532,S3-112488631,US,S3,2,1.0000,1.0000
S1-127962532,S2-533981434,US,S2,3,1.0000,1.0000
S1-128134992,S3-647031945,India,S3,1,1.0000,1.0000
S1-128134992,S2-144873820,India,S2,1125,0.7667,0.9126
S1-128199163,S2-350023268,US,S2,1,1.0000,1.0000
S1-128199163,S2-112151153,US,S2,2,1.0000,0.9999
S1-128199163,S3-101979402,US,S3,3,0.9251,0.9998
S1-128199163,S2-312958953,US,S2,5,0.6281,0.9908
S1-128211151,S3-906912359,US,S3,1,0.8255,0.9987
S1-128211151,S3-483482029,US,S3,31,0.7667,0.5748
S1-128211151,S3-921445054,US,S3,92,0.7238,0.9982
S1-128331964,S3-894132170,India,S3,2,0.8667,0.9935
S1-128331964,S2-633198306,India,S2,10,0.8667,0.9125
S1-128490487,S3-263319985,India,S3,1,1.0000,0.9959
S1-128490487,S2-812689335,India,S2,2,0.9500,0.9999
S1-128490487,S3-490752103,India,S3,12,0.7296,0.9985
S1-12877705,S3-168348207,US,S3,1,0.9246,0.9998
S1-128801663,S3-228685209,US,S3,1,0.8376,0.9999
S1-128801663,S2-73109630,US,S2,2,0.7667,0.9995
S1-128801663,S3-953610721,US,S3,6,0.6321,0.9942
S1-128809708,S3-798192817,India,S3,1,0.9600,0.9999
S1-128809708,S2-420348636,India,S2,2,0.9429,0.8050
S1-128809708,S2-772128895,India,S2,195,0.7275,0.8359
S1-128856668,S2-682383572,US,S2,1,1.0000,0.9992
S1-128856668,S3-276166721,US,S3,2,0.7667,0.9959
S1-128856863,S3-163796498,India,S3,1,1.0000,1.0000
S1-128856863,S3-609755072,India,S3,6,0.8018,0.9973
S1-128880211,S2-279136565,US,S2,1,0.7667,0.9997
S1-128880211,S3-431232984,US,S3,2,0.6000,0.9999
S1-128880520,S3-541078760,US,S3,1,0.7117,0.9958
S1-128880520,S3-881658461,US,S3,2,0.6985,0.9982
S1-128880520,S3-447655761,US,S3,3,0.6985,0.9983
S1-128880520,S2-411026797,US,S2,4,0.6784,0.9850
S1-12890497,S2-843818252,US,S2,1,0.8423,0.9997
S1-128937655,S3-945731484,US,S3,1,1.0000,1.0000
S1-128937655,S2-864659401,US,S2,2,1.0000,1.0000
S1-128937655,S2-449970480,US,S2,3,1.0000,1.0000
S1-128937655,S2-775014854,US,S2,4,0.8500,0.9986
S1-128948074,S3-466772542,US,S3,1,0.8179,0.9976
S1-128948074,S2-827747403,US,S2,2,0.7667,0.4882
S1-128948074,S2-394538131,US,S2,4,0.7667,0.9985
S1-129039368,S2-177714069,US,S2,1,0.7667,0.9864
S1-129039368,S2-278241709,US,S2,3,0.7667,0.9973
S1-129039368,S3-993162013,US,S3,4,0.6681,0.9988
S1-129056975,S2-880702939,India,S2,1,1.0000,0.9983
S1-129056975,S2-822030204,India,S2,2,1.0000,0.9982
S1-129056975,S2-391881094,India,S2,16,0.5507,0.9940
S1-129059073,S2-765299810,US,S2,1,1.0000,1.0000
S1-129059073,S3-418315569,US,S3,2,0.8877,0.9997
S1-129059073,S3-418639525,US,S3,3,0.7877,0.9993
S1-129096470,S3-240457256,US,S3,1,1.0000,1.0000
S1-129096470,S2-91024607,US,S2,2,1.0000,0.9996
S1-129096470,S2-684226748,US,S2,3,1.0000,0.9996
S1-129098375,S2-73172877,India,S2,1,1.0000,0.9996
S1-129098375,S2-494625837,India,S2,2,1.0000,0.9955
S1-129098375,S3-912643842,India,S3,3,0.8619,0.9950
S1-129098375,S3-225938589,India,S3,4,0.8163,0.9949
S1-129098375,S3-991477232,India,S3,83,0.6228,0.9862
S1-129184791,S3-852508548,India,S3,1,1.0000,0.9991
S1-129184791,S3-218045744,India,S3,3,0.7061,0.9988
S1-129185669,S3-111290612,India,S3,1,1.0000,1.0000
S1-12926226,S3-899988860,US,S3,1,1.0000,1.0000
S1-12935433,S3-421258680,India,S3,1,1.0000,0.9966
S1-12935433,S2-900551534,India,S2,3,0.7924,0.9385
S1-12935433,S2-891694170,India,S2,4,0.7819,0.9740
S1-129362085,S2-438939232,US,S2,1,0.8862,0.9999
S1-129362085,S3-920611680,US,S3,2,0.7667,0.2604
S1-129362085,S3-188717447,US,S3,3,0.7667,0.9946
S1-129388188,S2-65558863,India,S2,1,1.0000,0.9977
S1-129516461,S3-814337958,US,S3,1,1.0000,0.9993
S1-129516461,S3-482126275,US,S3,2,1.0000,0.9999
S1-129516461,S3-23699929,US,S3,3,1.0000,0.9995
S1-129516461,S2-616718724,US,S2,4,1.0000,0.9996
S1-129516461,S3-223612250,US,S3,597,0.6429,0.9984
S1-129536039,S3-492623702,India,S3,1,0.8667,0.9997
S1-129536039,S2-852962157,India,S2,2,0.8667,0.9997
S1-129536039,S2-981028603,India,S2,3,0.7424,0.9997
S1-129551200,S2-546402369,India,S2,1,1.0000,0.9999
S1-129551200,S3-957504104,India,S3,9,0.7513,0.9991
S1-129570308,S3-597742594,US,S3,1,0.9000,0.9999
S1-129617605,S2-584111538,US,S2,1,1.0000,0.9999
S1-129617605,S3-508582063,US,S3,2,0.8407,0.9993
S1-129617605,S3-855637716,US,S3,3,0.7667,0.5541
S1-129654675,S3-773459907,US,S3,1,0.9167,0.9997
S1-129654675,S2-246475630,US,S2,2,0.9167,0.9996
S1-129654675,S2-531856635,US,S2,3,0.8257,0.9988
S1-129670931,S2-218961230,India,S2,1,0.8333,0.9916
S1-129673276,S3-95720507,India,S3,1,1.0000,0.9991
S1-129673276,S3-610278512,India,S3,2,0.9000,0.9997
S1-129673276,S3-111905539,India,S3,58,0.7589,0.9999
S1-129673276,S3-856167003,India,S3,63,0.5444,0.9996
S1-129679563,S2-728934287,US,S2,1,1.0000,0.9998
S1-129679563,S3-656536955,US,S3,2,0.8133,0.9985
S1-129679563,S3-961059785,US,S3,3,0.7667,0.9999
S1-129805269,S2-812021126,India,S2,1,1.0000,1.0000
S1-129892425,S3-227378613,US,S3,1,1.0000,1.0000
S1-129892425,S2-100174815,US,S2,2,1.0000,1.0000
S1-129892425,S3-191446101,US,S3,3,0.8179,0.9963
S1-129892425,S2-368669167,US,S2,4,0.8179,0.9990
S1-129892425,S3-612887669,US,S3,9,0.7667,0.5523
S1-129899549,S3-544923591,US,S3,1,0.9198,0.9996
S1-129899549,S3-194251714,US,S3,2,0.8833,0.9998
S1-129899549,S2-745659508,US,S2,3,0.8833,0.9997
S1-129899549,S3-327058382,US,S3,4,0.8658,0.9990
S1-129964415,S3-394716796,US,S3,1,0.8167,0.9998
S1-129964415,S2-797082896,US,S2,2,0.7667,0.1990
S1-130071009,S2-322216526,US,S2,2,0.7031,0.8784
S1-130074563,S2-565041567,US,S2,1,0.9000,0.9973
S1-130074563,S3-176539753,US,S3,2,0.7667,0.9945
S1-130147258,S3-987946747,India,S3,1,1.0000,0.9982
S1-130147258,S3-51597744,India,S3,2,1.0000,0.9999
S1-130147258,S2-764750847,India,S2,3,1.0000,0.9987
S1-130147258,S2-296316303,India,S2,4,1.0000,0.9998
S1-130147258,S3-462703800,India,S3,5,0.8407,0.9898
S1-130147258,S2-303896621,India,S2,7,0.7681,0.9964
S1-130193303,S3-60165647,US,S3,1,1.0000,1.0000
S1-130193303,S3-578525575,US,S3,2,1.0000,1.0000
S1-130193303,S2-117829547,US,S2,28,0.7410,0.9970
S1-130193303,S3-567809765,US,S3,29,0.6410,0.9801
S1-130193303,S2-510842996,US,S2,30,0.6237,0.9979
S1-130196369,S2-561001945,India,S2,1,1.0000,1.0000
S1-130196369,S2-525995294,India,S2,2,1.0000,1.0000
S1-130196369,S2-175777901,India,S2,3,1.0000,0.9576
S1-130196369,S2-277191468,India,S2,5,0.6333,0.9649
S1-130200474,S2-335596216,US,S2,1,0.8278,0.9991
S1-130200474,S3-393756394,US,S3,2,0.8042,0.9992
S1-130200474,S3-153888714,US,S3,4,0.7667,0.9881
S1-130200474,S3-107130478,US,S3,5,0.7667,0.8348
S1-130200474,S3-488631152,US,S3,6,0.7526,0.9998
S1-130216185,S2-657142344,US,S2,1,1.0000,0.9999
S1-13023084,S3-861778040,India,S3,1,1.0000,0.9998
S1-13023084,S3-406627762,India,S3,2,1.0000,0.9881
S1-13023084,S2-731092214,India,S2,3,0.9205,0.9994
S1-13023084,S3-727056362,India,S3,5,0.7795,0.9999
S1-130269337,S2-550798200,India,S2,1,1.0000,1.0000
S1-130269337,S2-131384857,India,S2,2,1.0000,0.9988
S1-130269337,S3-138951361,India,S3,6,0.6782,0.9999
S1-130269337,S3-222495853,India,S3,7,0.6250,0.9936
S1-130286340,S2-937860436,India,S2,1,1.0000,1.0000
S1-130286340,S3-601399111,India,S3,2,0.9333,1.0000
S1-130286340,S3-124398576,India,S3,3,0.9333,0.9992
S1-130353475,S2-563821669,India,S2,1,1.0000,0.9993
S1-130353475,S2-540995132,India,S2,2,1.0000,1.0000
S1-130353475,S3-877277401,India,S3,3,0.8667,0.9918
S1-13036472,S2-936349049,India,S2,1,0.8667,0.9996
S1-130429877,S2-440273831,US,S2,1,0.9259,0.9995
S1-130429877,S3-71211109,US,S3,2,0.8688,0.9993
S1-130495676,S3-485290331,US,S3,1,0.8167,0.9992
S1-130537876,S3-944239206,India,S3,1,0.8667,0.5383
S1-130537876,S3-329144395,India,S3,2,0.8667,0.9988
S1-130537876,S3-309280927,India,S3,3,0.8667,0.4965
S1-130537876,S2-782167146,India,S2,4,0.8667,0.9999
S1-130576196,S2-378680993,US,S2,12,0.7667,0.9892
S1-130685750,S2-864471147,US,S2,1,1.0000,1.0000
S1-130685750,S3-638507580,US,S3,2,0.7667,0.8510
S1-130685750,S3-452521585,US,S3,3,0.7667,0.9638
S1-130717894,S2-851151436,US,S2,1,1.0000,0.9994
S1-130717894,S2-7738916,US,S2,2,1.0000,1.0000
S1-130717894,S2-6325903,US,S2,3,1.0000,1.0000
S1-130795261,S3-373522639,India,S3,1,1.0000,1.0000
S1-130795261,S2-378700690,India,S2,2,1.0000,0.9999
S1-130795261,S2-894808340,India,S2,4,0.8667,0.9994
S1-130816211,S3-459967880,US,S3,1,0.9000,1.0000
S1-130816211,S2-204096134,US,S2,2,0.8211,0.9992
S1-130826736,S2-746986059,US,S2,1,0.8111,0.9989
S1-130826736,S3-802330364,US,S3,4,0.6750,0.9539
S1-130829860,S3-6796206,US,S3,1,1.0000,0.9998
S1-130829860,S3-505791840,US,S3,3,1.0000,0.9994
S1-130829860,S2-498909050,US,S2,5,1.0000,1.0000
S1-130829860,S2-15673901,US,S2,2793,0.7667,0.9983
S1-130845986,S3-833963433,India,S3,1,0.8667,0.5919
S1-130845986,S2-546701435,India,S2,2,0.8667,0.9856
S1-130845986,S2-540665697,India,S2,3,0.8667,0.9856
S1-130845986,S2-415073944,India,S2,4,0.8667,0.9997
S1-130845986,S2-231704675,India,S2,5,0.8667,0.9856
S1-130907079,S2-874793367,India,S2,1,1.0000,0.9762
S1-130907079,S2-819291024,India,S2,2,1.0000,0.9997
S1-130912714,S3-770837511,India,S3,1,1.0000,0.9999
S1-130912714,S3-473051620,India,S3,2,1.0000,0.9945
S1-130912714,S3-202810759,India,S3,3,1.0000,0.9973
S1-130912714,S2-767094971,India,S2,4,1.0000,0.9992
S1-130912714,S2-758086986,India,S2,5,1.0000,0.9994
S1-130912714,S2-288341797,India,S2,6,1.0000,0.9992
S1-130920105,S3-988484857,India,S3,1,1.0000,1.0000
S1-130920105,S3-943820709,India,S3,2,1.0000,0.9995
S1-130920105,S2-839312207,India,S2,20,0.6714,0.9981
S1-130920105,S2-631047904,India,S2,152,0.6190,0.9926
S1-130922058,S3-532410649,India,S3,1,1.0000,0.9995
S1-130922058,S2-497876228,India,S2,2,0.9000,0.9800
S1-130922058,S3-602190859,India,S3,4,0.7256,0.9975
S1-130975397,S2-485488474,US,S2,1,1.0000,0.9996
S1-130975397,S2-882152015,US,S2,2,0.7944,0.9977
S1-130975397,S2-197014152,US,S2,8,0.6778,0.9978
S1-131027336,S3-44330129,US,S3,94,0.8667,0.9985
S1-131027336,S3-249189995,US,S3,135,0.8667,0.9991
S1-131027336,S3-177887097,US,S3,144,0.8667,0.7882
S1-131027336,S2-65377210,US,S2,223,0.8667,0.8713
S1-131027336,S2-57164535,US,S2,239,0.8667,0.9988
S1-131027336,S2-460345873,US,S2,254,0.8667,0.5582
S1-13108602,S2-125553448,US,S2,1,0.7708,0.9940
S1-131107747,S2-964275884,India,S2,1,1.0000,1.0000
S1-131107747,S2-356809142,India,S2,2,1.0000,0.9990
S1-131107747,S2-946495392,India,S2,3,0.8333,0.9964
S1-131107747,S2-142108678,India,S2,4,0.8250,0.9998
S1-131107747,S3-140806911,India,S3,5,0.8111,0.9997
S1-131126139,S2-379462366,US,S2,3,0.7748,0.9987
S1-131126139,S3-971764001,US,S3,4,0.7667,0.9980
S1-131126139,S2-572469492,US,S2,7,0.7667,0.9997
S1-131126139,S2-28716373,US,S2,8,0.7667,0.1796
S1-131149673,S2-810062527,US,S2,1,1.0000,0.9998
S1-131149673,S2-612879148,US,S2,2,0.7267,0.9982
S1-131157644,S3-550037745,India,S3,1,1.0000,0.9988
S1-131157644,S3-454180710,India,S3,2,1.0000,0.9985
S1-131157644,S2-657941165,India,S2,3,1.0000,0.9998
S1-131157644,S2-299597740,India,S2,4,1.0000,1.0000
S1-131162287,S3-209228237,US,S3,1,1.0000,0.9995
S1-131162287,S2-319875817,US,S2,7,0.7667,0.9994
S1-131207343,S3-953808394,India,S3,1,1.0000,0.9988
S1-131207343,S2-954957114,India,S2,2,1.0000,0.9957
S1-131207343,S3-601655410,India,S3,3,0.8500,0.9832
S1-131207343,S2-97739413,India,S2,4,0.6548,0.9944
S1-13126290,S3-189179892,India,S3,1,1.0000,0.9949
S1-13126290,S2-270959079,India,S2,2,1.0000,0.9999
S1-13126290,S3-144093512,India,S3,3,0.7407,0.6336
S1-131286272,S3-122874791,India,S3,1,1.0000,0.9986
S1-131286272,S2-801813970,India,S2,2,0.9000,0.8975
S1-131286272,S2-678273848,India,S2,3,0.9000,0.9998
S1-131296213,S3-946590517,India,S3,1,1.0000,0.9981
S1-131296213,S2-233229670,India,S2,2,1.0000,0.9985
S1-131296213,S2-970938189,India,S2,4,0.7179,0.9987
S1-131310837,S3-750277159,US,S3,1,0.9000,0.9999
S1-131310837,S3-223489540,US,S3,2,0.9000,0.9833
S1-131310837,S2-356868805,US,S2,3,0.9000,0.9992
S1-131310837,S3-796177403,US,S3,5,0.8500,0.5435
S1-131310837,S2-383614708,US,S2,6,0.7667,0.8011
S1-131331706,S3-491480166,India,S3,1,0.8067,0.9998
S1-131331706,S2-359914824,India,S2,2,0.7061,0.9979
S1-131378208,S2-26559943,US,S2,1,0.8667,0.9988
S1-131378208,S3-560018239,US,S3,2,0.8301,0.9656
S1-131378208,S3-796137023,US,S3,3,0.7131,0.9808
S1-13141531,S3-900222560,US,S3,1,1.0000,1.0000
S1-13141531,S3-655338711,US,S3,2,0.7743,0.9986
S1-131448223,S2-387130403,US,S2,1,1.0000,1.0000
S1-131448223,S2-944046493,US,S2,2,0.8500,0.9996
S1-131448223,S3-555790646,US,S3,3,0.7726,0.9999
S1-131448223,S3-86197748,US,S3,8,0.7417,0.9956
S1-131448286,S2-655063351,India,S2,1,1.0000,1.0000
S1-131448286,S2-485486164,India,S2,4,0.7143,0.9857
S1-131491321,S3-607557003,India,S3,1,0.8667,0.4718
S1-131491321,S3-419510131,India,S3,2,0.8667,0.4718
S1-131494108,S3-649061614,US,S3,1,0.8807,0.9990
S1-131494108,S2-277252665,US,S2,3,0.7569,0.9983
S1-131494108,S3-42811186,US,S3,4,0.6667,0.9815
S1-131503343,S2-223678035,India,S2,1,0.7833,0.9979
S1-131515026,S2-595261376,India,S2,68,0.7667,0.8566
S1-131548159,S3-625908149,India,S3,1,1.0000,0.9980
S1-131548159,S2-40766402,India,S2,2,1.0000,0.9997
S1-131548159,S3-548792536,India,S3,3,0.8724,0.9993
S1-131548159,S2-927697415,India,S2,4,0.8619,0.9994
S1-131571318,S3-266203666,US,S3,1,1.0000,0.9999
S1-131571318,S2-507468394,US,S2,2,1.0000,1.0000
S1-131571318,S2-494399840,US,S2,3,1.0000,1.0000
S1-131571318,S3-495580906,US,S3,4,0.8877,0.9992
S1-131571318,S2-263950909,US,S2,5,0.7450,0.9984
S1-131655008,S3-684862329,India,S3,2,0.7190,0.9922
S1-131655008,S2-462446009,India,S2,3,0.7018,0.9985
S1-131703725,S3-614948002,US,S3,1,1.0000,1.0000
S1-131703725,S3-539884092,US,S3,5,0.7667,0.7919
S1-131703725,S2-141274124,US,S2,21,0.7667,0.9997
S1-131717716,S3-655674054,India,S3,1,1.0000,1.0000
S1-131717716,S2-978082221,India,S2,2,1.0000,1.0000
S1-131717716,S3-30364450,India,S3,3,0.9000,0.9999
S1-131717716,S2-798889864,India,S2,12,0.7190,0.9883
S1-131717716,S2-392334080,India,S2,16,0.6262,0.9634
S1-131749304,S2-570791303,India,S2,354,0.4143,0.1433
S1-131807871,S3-24032439,US,S3,1,1.0000,0.9998
S1-131807871,S2-399594765,US,S2,2,1.0000,1.0000
S1-131807871,S3-163192243,US,S3,3,0.7812,0.9996
S1-131857559,S2-515918559,India,S2,2,0.7667,0.9988
S1-131857559,S2-287882110,India,S2,3,0.7667,0.6082
S1-131857559,S3-326143994,India,S3,4,0.7500,0.9921
S1-131874346,S3-93230699,US,S3,1,1.0000,1.0000
S1-131874346,S2-623317309,US,S2,2,1.0000,1.0000
S1-131918607,S3-905611766,US,S3,1,1.0000,1.0000
S1-131918607,S2-647082913,US,S2,9,0.7667,0.7801
S1-131918607,S3-982821001,US,S3,11,0.6083,0.9903
S1-131946005,S2-244068153,India,S2,1,1.0000,0.9997
S1-131946005,S3-26940743,India,S3,2,0.7905,0.9956
S1-131946005,S3-209089730,India,S3,14,0.7396,0.9986
S1-131946005,S2-246080868,India,S2,15,0.7333,0.9977
S1-131949411,S3-925302545,US,S3,1,1.0000,0.9995
S1-131949411,S2-81792547,US,S2,2,1.0000,0.9995
S1-131949411,S2-551883219,US,S2,3,1.0000,0.9995
S1-132115892,S2-798254017,India,S2,10,1.0000,0.9999
S1-132115892,S2-736929095,India,S2,12,1.0000,0.9999
S1-132115892,S2-654941505,India,S2,15,1.0000,1.0000
S1-132115892,S2-582939621,India,S2,17,1.0000,1.0000
S1-132115892,S3-948449164,India,S3,21,0.9000,0.9456
S1-132132676,S3-593627262,US,S3,1,0.9267,0.9997
S1-132132676,S3-18163536,US,S3,3,0.7667,0.8097
S1-132169387,S2-19351361,India,S2,1,1.0000,1.0000
S1-132169387,S3-311913636,India,S3,2,0.9000,0.9970
S1-132169387,S3-406638022,India,S3,4,0.7863,0.9974
S1-132181317,S3-750701876,US,S3,1,1.0000,1.0000
S1-132227951,S3-166262584,India,S3,1,1.0000,0.9999
S1-132227951,S3-551240939,India,S3,2,0.8692,0.9981
S1-132232892,S3-131262392,India,S3,1,0.7863,0.9994
S1-132281442,S3-770431631,US,S3,1,1.0000,0.9997
S1-132281442,S3-43938704,US,S3,2,0.9267,0.9995
S1-132281442,S2-260424889,US,S2,13,0.7544,0.9989
S1-132281442,S3-107618618,US,S3,14,0.7128,0.9977
S1-132281442,S2-501473000,US,S2,15,0.6922,0.9964
S1-132300079,S3-32752374,US,S3,1,0.9000,0.9999
S1-132300079,S2-677735583,US,S2,2,0.9000,1.0000
S1-132300079,S2-305147322,US,S2,3,0.9000,1.0000
S1-132300079,S3-601611100,US,S3,102,0.7571,0.9652
S1-132300079,S3-476445215,US,S3,119,0.6467,0.9962
S1-13238125,S3-287823775,India,S3,1,1.0000,0.9946
S1-13238125,S2-30381939,India,S2,2,1.0000,0.9996
S1-132458460,S2-380064953,US,S2,1,0.8985,0.9995
S1-132458460,S3-283433043,US,S3,7,0.7054,0.9957
S1-132458460,S3-851201523,US,S3,8,0.6667,0.9719
S1-132495465,S2-102996877,India,S2,1,1.0000,1.0000
S1-132495465,S3-666597285,India,S3,2,0.9333,1.0000
S1-132495465,S2-79728958,India,S2,3,0.9333,0.9994
S1-132495465,S2-834832791,India,S2,4,0.8246,0.9997
S1-132495465,S2-368110467,India,S2,5,0.7667,0.8206
S1-132495465,S3-469019159,India,S3,6,0.6970,0.9996
S1-132509822,S3-557246762,US,S3,1,1.0000,0.9999
S1-132509822,S2-242580779,US,S2,2,1.0000,0.9997
S1-132591284,S2-382797236,India,S2,1,1.0000,0.9964
S1-132650576,S3-257097943,US,S3,1,1.0000,1.0000
S1-132650576,S3-101508383,US,S3,2,1.0000,0.9998
S1-132650576,S2-505341337,US,S2,3,1.0000,0.9995
S1-132650576,S3-670881171,US,S3,4,0.7730,0.9998
S1-132684408,S3-980011082,US,S3,1,1.0000,1.0000
S1-132684408,S3-618393490,US,S3,2,1.0000,1.0000
S1-132684408,S3-127697687,US,S3,3,1.0000,0.9999
S1-132684408,S2-555773348,US,S2,4,1.0000,1.0000
S1-132717485,S3-547263029,US,S3,1,1.0000,0.9998
S1-132717485,S2-567888169,US,S2,2,1.0000,1.0000
S1-132717485,S3-720998427,US,S3,3,0.8619,0.9993
S1-132717485,S3-689845799,US,S3,4,0.7950,0.9982
S1-132717485,S2-881723688,US,S2,5,0.7667,0.9989
S1-132717485,S2-980176771,US,S2,6,0.6928,0.9953
S1-132751600,S3-875377512,US,S3,1,0.9000,0.9999
S1-132751600,S2-70082546,US,S2,2,0.9000,0.9981
S1-132751600,S2-524885616,US,S2,3,0.7937,0.9971
S1-132751600,S2-288064014,US,S2,4,0.6699,0.9979
S1-132751600,S3-160418430,US,S3,7,0.5598,0.9905
S1-13276740,S3-11511367,US,S3,1,1.0000,0.9996
S1-13276740,S3-155224072,US,S3,9,0.7667,0.6521
S1-13276740,S2-743067914,US,S2,24,0.6525,0.9937
S1-132824156,S3-849854585,US,S3,1,1.0000,0.9998
S1-132824156,S3-682148439,US,S3,2,1.0000,0.9998
S1-132824156,S2-336377070,US,S2,3,1.0000,0.9998
S1-132824156,S3-503224718,US,S3,5,0.7667,0.5519
S1-132839318,S3-909876627,US,S3,1,1.0000,1.0000
S1-132839318,S3-199466412,US,S3,2,0.8603,0.9995
S1-132839318,S2-877823014,US,S2,3,0.7667,0.3395
S1-132862987,S2-315065802,India,S2,1,1.0000,0.9997
S1-132862987,S2-93161090,India,S2,2,0.7658,0.9999
S1-132915840,S3-41513610,India,S3,1,0.9600,1.0000
S1-132915840,S3-935424667,India,S3,454,0.4856,0.9679
S1-132928774,S2-887866249,US,S2,1,0.8823,0.9987
S1-132928774,S2-23936914,US,S2,2,0.8156,0.9995
S1-132928774,S3-871788595,US,S3,3,0.7667,0.3530
S1-132928774,S3-339545025,US,S3,4,0.7667,0.9989
S1-132943691,S3-167068386,India,S3,1,1.0000,0.9999
S1-132943691,S2-778179804,India,S2,2,0.9333,0.9382
S1-132943691,S2-700742684,India,S2,3,0.9333,0.9940
S1-132975948,S3-355170920,India,S3,1,1.0000,0.9981
S1-132975948,S2-954899949,India,S2,2,1.0000,0.9999
S1-13298784,S3-961259788,US,S3,1,1.0000,1.0000
S1-13298784,S2-993957711,US,S2,2,1.0000,0.9999
S1-13298784,S2-653145047,US,S2,3,1.0000,0.9988
S1-13298784,S2-127516299,US,S2,4,0.7773,0.9977
S1-133031508,S2-183284743,US,S2,1,1.0000,1.0000
S1-133031508,S3-714044831,US,S3,2,0.8333,1.0000
S1-133079348,S2-105198874,US,S2,1,1.0000,0.9997
S1-133079348,S2-211857106,US,S2,2,0.8544,0.9986
S1-133079348,S2-863219389,US,S2,3,0.8157,0.9993
S1-133079348,S3-33052116,US,S3,5,0.7667,0.9846
S1-133110515,S3-966280066,US,S3,1,0.8667,0.9999
S1-133110515,S3-654630218,US,S3,2,0.8667,0.8860
S1-133110515,S2-104086934,US,S2,7,0.7667,0.8649
S1-133110515,S3-291856101,US,S3,8,0.7400,0.5308
S1-133240790,S3-763307983,India,S3,8,0.7190,0.9978
S1-133280203,S3-352301665,India,S3,38,0.7970,0.9990
S1-133280203,S2-911456270,India,S2,39,0.7970,0.9987
S1-133280203,S2-27641745,India,S2,1240,0.6833,0.9996
S1-133293144,S3-660787019,India,S3,1,1.0000,0.9998
S1-133293144,S2-573524687,India,S2,2,1.0000,1.0000
S1-133293144,S3-531785292,India,S3,3,0.8564,0.9986
S1-133315908,S3-832478010,US,S3,1,1.0000,1.0000
S1-133315908,S3-829159563,US,S3,2,1.0000,1.0000
S1-133315908,S2-29892991,US,S2,3,1.0000,0.9997
S1-133315908,S3-649741709,US,S3,4,0.8195,0.9988
S1-133315908,S2-471364729,US,S2,5,0.8030,0.9995
S1-133460038,S2-345150604,US,S2,1,1.0000,0.9995
S1-133460038,S2-216451946,US,S2,2,1.0000,1.0000
S1-133460038,S2-15618035,US,S2,3,1.0000,1.0000
S1-133460038,S3-834850919,US,S3,4,0.9000,0.9937
S1-133460038,S3-434542543,US,S3,5,0.9000,0.9999
S1-133498418,S3-404399460,India,S3,1,1.0000,0.9987
S1-133498418,S2-507795637,India,S2,2,1.0000,1.0000
S1-133498418,S3-525618239,India,S3,87,0.7603,0.9999
S1-133498418,S2-10746761,India,S2,88,0.7471,0.9994
S1-133498418,S3-60491436,India,S3,107,0.4848,0.9855
S1-133560376,S3-773390891,US,S3,1,1.0000,0.9995
S1-133560376,S2-485838675,US,S2,2,1.0000,1.0000
S1-133560376,S2-138378343,US,S2,3,1.0000,1.0000
S1-133560376,S2-976707279,US,S2,4,0.7658,0.9996
S1-13359084,S3-827166685,US,S3,2,1.0000,1.0000
S1-13359084,S3-49955991,US,S3,4,1.0000,1.0000
S1-13359084,S2-729625723,US,S2,5,1.0000,1.0000
S1-13359084,S2-713702579,US,S2,6,1.0000,1.0000
S1-13359084,S3-700308745,US,S3,7,0.7667,0.9977
S1-13359084,S3-683157681,US,S3,8,0.7667,0.9959
S1-13359084,S2-27637292,US,S2,854,0.6641,0.9981
S1-13361118,S3-600439585,US,S3,1,1.0000,1.0000
S1-13361118,S2-613065389,US,S2,2,1.0000,1.0000
S1-13361118,S2-591866936,US,S2,3,1.0000,1.0000
S1-13361118,S3-28186445,US,S3,4,0.9267,0.9997
S1-133770616,S3-205849926,India,S3,1,1.0000,0.9979
S1-133770616,S2-796468228,India,S2,2,1.0000,1.0000
S1-13377441,S2-776768574,US,S2,1,1.0000,0.9997
S1-13377441,S3-527947694,US,S3,8,0.7667,0.4602
S1-13377441,S3-453417860,US,S3,11,0.7667,0.9996
S1-13377441,S2-23862796,US,S2,25,0.7667,0.7910
S1-13377441,S2-950409024,US,S2,27,0.6667,0.9887
S1-133781516,S3-552969213,US,S3,1,0.7667,0.6892
S1-133837746,S3-692833222,US,S3,1,1.0000,1.0000
S1-133837746,S2-867852204,US,S2,2,1.0000,0.9998
S1-133859200,S3-838403959,US,S3,1,1.0000,0.9998
S1-133859200,S2-322970012,US,S2,2,0.8849,0.9998
S1-133859200,S2-817380910,US,S2,3,0.8415,0.9995
S1-133859200,S2-921188702,US,S2,4,0.6576,0.2190
S1-133940371,S2-176391535,India,S2,1,1.0000,1.0000
S1-133940371,S2-111600977,India,S2,2,1.0000,0.9998
S1-133940371,S3-860612768,India,S3,3,0.8544,0.9996
S1-133940371,S2-965830382,India,S2,4,0.8544,0.9994
S1-133968964,S3-299527948,India,S3,1,1.0000,1.0000
S1-133968964,S2-327127933,India,S2,2,1.0000,0.9997
S1-133968964,S2-153098318,India,S2,3,1.0000,0.9986
S1-133968964,S2-60791210,India,S2,4,0.8583,0.9986
S1-133968964,S3-154673700,India,S3,12,0.6992,0.9937
S1-133976891,S2-781051164,US,S2,1,1.0000,0.9998
S1-133976891,S2-592827871,US,S2,2,1.0000,0.9995
S1-133976891,S3-89019133,US,S3,3,0.6833,0.9977
S1-133976891,S3-677093653,US,S3,4,0.6833,0.9985
S1-134049681,S3-203484801,US,S3,1,0.9000,0.9993
S1-134049681,S3-566224443,US,S3,4,0.7667,0.7508
S1-134115613,S3-916267351,India,S3,1,1.0000,1.0000
S1-134116219,S3-898314563,India,S3,1,1.0000,1.0000
S1-134116219,S3-241322776,India,S3,2,0.9211,0.9999
S1-13412522,S3-836555367,India,S3,1,0.9000,0.9998
S1-13412522,S3-560126192,India,S3,85,0.6619,0.9994
S1-134149036,S3-16020239,India,S3,3,1.0000,1.0000
S1-134149036,S2-360370389,India,S2,7,1.0000,0.9981
S1-134220488,S2-157701326,US,S2,1,1.0000,1.0000
S1-134220488,S3-67487697,US,S3,2,0.7667,0.9995
S1-134220488,S2-153685014,US,S2,5,0.5972,0.9972
S1-134247239,S3-475197761,India,S3,1,1.0000,0.9991
S1-134247239,S3-547345581,India,S3,2,0.8619,0.9995
S1-134247239,S2-485181224,India,S2,3,0.7496,0.9971
S1-134288942,S2-617153524,US,S2,1,1.0000,0.9999
S1-134288942,S3-690858657,US,S3,2,0.7667,0.8576
S1-134342819,S2-555884954,India,S2,100,0.7863,0.9993
S1-134352352,S3-468057661,US,S3,1,1.0000,0.9987
S1-134352352,S2-735175917,US,S2,2,0.7667,0.5993
S1-134352352,S2-100284305,US,S2,3,0.7667,0.8993
S1-134416150,S3-680652007,US,S3,2,0.7667,0.3414
S1-134416150,S2-917817274,US,S2,7,0.7667,0.6229
S1-134471017,S3-71734680,US,S3,1,1.0000,0.9997
S1-134471017,S2-356398610,US,S2,2,0.7667,0.3256
S1-134471017,S2-102177027,US,S2,3,0.6333,0.9864
S1-134526199,S2-924686861,India,S2,1,1.0000,1.0000
S1-134538640,S2-404318704,US,S2,1,0.9131,0.9995
S1-134538640,S3-119938138,US,S3,2,0.8083,0.9999
S1-134561880,S3-10159544,India,S3,1,0.8667,0.9365
S1-134561880,S2-728804889,India,S2,2,0.8667,0.9997
S1-134561880,S2-339654841,India,S2,3,0.8667,0.9936
S1-134561880,S3-380488150,India,S3,4,0.7667,0.9969
S1-134656957,S2-148882410,India,S2,1,0.8667,0.9993
S1-134656957,S2-382172992,India,S2,2,0.6793,0.9094
S1-134656957,S3-551529232,India,S3,3,0.6686,0.9413
S1-134677144,S3-603735726,US,S3,1,0.9000,0.9887
S1-134677144,S2-242531166,US,S2,2,0.9000,0.9999
S1-134677144,S2-112898904,US,S2,3,0.9000,0.9949
S1-134743824,S3-518332226,US,S3,641,0.7667,0.9990
S1-134743824,S2-376258694,US,S2,2308,0.7377,0.9997
S1-134760113,S3-412707388,US,S3,1,1.0000,1.0000
S1-134760113,S2-853788366,US,S2,2,1.0000,1.0000
S1-13482417,S3-96576809,US,S3,1,1.0000,1.0000
S1-13482417,S2-7797172,US,S2,2,1.0000,1.0000
S1-13482417,S3-482422453,US,S3,3,0.8899,0.9996
S1-13482417,S3-514697091,US,S3,6,0.7667,0.9055
S1-134929975,S3-540976573,US,S3,1,1.0000,1.0000
S1-134929975,S2-302947842,US,S2,2,0.7933,0.9987
S1-134931195,S3-843178949,US,S3,1,1.0000,0.9996
S1-134931195,S2-697383752,US,S2,2,1.0000,0.9997
S1-134931195,S3-496679462,US,S3,3,0.7083,0.9983
S1-134931195,S2-728148019,US,S2,4,0.7083,0.9958
S1-134977787,S3-279936648,US,S3,1,1.0000,1.0000
S1-134977787,S2-365761696,US,S2,866,0.7133,0.9997
S1-135041231,S2-289493660,US,S2,1,0.9149,0.9969
S1-135041231,S3-756434786,US,S3,2,0.8564,0.9992
S1-135159348,S3-724201964,US,S3,1,0.9042,0.9996
S1-135159348,S2-706650505,US,S2,2,0.8042,0.9995
S1-135159348,S3-285563937,US,S3,3,0.6154,0.9937
S1-135167249,S2-679294794,India,S2,1,1.0000,0.9997
S1-135167249,S2-269262305,India,S2,2,1.0000,0.9987
S1-135175880,S2-905494577,US,S2,1,1.0000,1.0000
S1-135175880,S3-16649395,US,S3,64,0.7458,0.9988
S1-135176870,S2-739837756,US,S2,1,0.8952,0.9993
S1-135176870,S3-59513576,US,S3,2,0.8387,0.9997
S1-135176870,S2-548437996,US,S2,5,0.7588,0.9997
S1-135220742,S3-229461092,US,S3,1,1.0000,0.9998
S1-135220742,S2-921386814,US,S2,2,1.0000,1.0000
S1-135226647,S3-274926901,India,S3,1,1.0000,0.9889
S1-135257184,S2-686211377,US,S2,1,1.0000,1.0000
S1-135257184,S3-406571790,US,S3,8,0.7278,0.9988
S1-135431916,S2-759201680,US,S2,1,1.0000,0.9997
S1-135431916,S3-849035252,US,S3,2,0.7742,0.9999
S1-135433434,S3-99023687,US,S3,1,1.0000,1.0000
S1-135433434,S2-972624813,US,S2,2,1.0000,1.0000
S1-135433434,S2-778441923,US,S2,4,0.6000,0.9951
S1-13549076,S3-173003863,India,S3,32,0.7667,0.0441
S1-13549130,S2-633969653,US,S2,1,0.9067,0.9996
S1-13549130,S3-487778035,US,S3,2,0.9000,0.9995
S1-13549130,S2-911926167,US,S2,9,0.7468,0.7860
S1-135533912,S3-874253016,India,S3,1,1.0000,0.9998
S1-135533912,S2-155342532,India,S2,2,0.8054,0.9871
S1-135579026,S3-938895856,US,S3,1,0.9000,0.9725
S1-135579026,S3-348747776,US,S3,2,0.9000,0.9887
S1-135579026,S3-448746974,US,S3,3,0.7143,0.9728
S1-135579026,S2-171234371,US,S2,8,0.5910,0.6186
S1-135579026,S3-960825444,US,S3,11,0.4686,0.8620
S1-135602963,S3-961848082,India,S3,1,0.8667,0.8448
S1-135717128,S3-235122953,India,S3,1,1.0000,0.9998
S1-135717128,S2-44372539,India,S2,2,0.9000,0.9191
S1-135791395,S3-312434792,India,S3,1,1.0000,1.0000
S1-135791395,S3-225509702,India,S3,2,1.0000,0.9986
S1-135791395,S3-77508813,India,S3,3,0.7333,0.9892
S1-135791395,S2-66393636,India,S2,34,0.5278,0.7567
S1-135791395,S3-931285797,India,S3,37,0.4946,0.8029
S1-135823575,S3-610918823,India,S3,1,1.0000,0.9982
S1-135823575,S2-915885866,India,S2,2,0.8667,0.7157
S1-135823575,S3-623412046,India,S3,147,0.5942,0.9482
S1-135823575,S3-66415165,India,S3,274,0.5686,0.9964
S1-135862253,S3-75330686,India,S3,1,1.0000,0.9999
S1-135862253,S3-338147382,India,S3,2,1.0000,0.9960
S1-135876202,S2-282052239,US,S2,1,1.0000,1.0000
S1-135876202,S2-150327510,US,S2,2,0.9217,0.9998
S1-135876202,S2-834713322,US,S2,3,0.8778,0.9998
S1-135876202,S3-391375127,US,S3,18,0.7362,0.9964
S1-135876202,S2-78158753,US,S2,20,0.6762,0.9986
S1-135888001,S3-665430727,US,S3,1,1.0000,1.0000
S1-135888001,S3-157515772,US,S3,2,1.0000,1.0000
S1-135888001,S2-587634699,US,S2,3,1.0000,0.9996
S1-135888001,S2-499427467,US,S2,4,0.8589,0.9993
S1-135888001,S3-579368418,US,S3,5,0.7723,0.9997
S1-135888001,S2-721121382,US,S2,10,0.6922,0.9966
S1-135942958,S3-663112538,US,S3,1,1.0000,1.0000
S1-135942958,S3-561995315,US,S3,2,0.7970,0.9994
S1-135942958,S2-46591337,US,S2,7,0.7667,0.9753
S1-135942958,S2-267332573,US,S2,10,0.7667,0.9992
S1-136067167,S3-910173292,India,S3,2,0.8667,0.9993
S1-136068986,S2-89211752,US,S2,1,0.7889,0.9998
S1-136068986,S2-410426194,US,S2,2,0.7667,0.9836
S1-136068986,S3-291130719,US,S3,3,0.6417,0.9853
S1-136190868,S3-441939120,India,S3,4,0.8667,0.8196
S1-136190868,S2-362047478,India,S2,7,0.8667,0.9961
S1-136379274,S3-358556735,India,S3,1,1.0000,1.0000
S1-136379274,S2-832088738,India,S2,2,1.0000,1.0000
S1-136379274,S3-312137543,India,S3,3,0.9182,0.9995
S1-136379274,S3-271683677,India,S3,4,0.7667,0.9999
S1-136379274,S3-661705041,India,S3,324,0.5167,0.9688
S1-136387723,S2-359135703,US,S2,1,1.0000,0.9998
S1-136410407,S2-270556760,US,S2,3,0.9000,0.9982
S1-136410407,S3-845297852,US,S3,16,0.8576,0.9995
S1-136412751,S2-944194573,US,S2,1,1.0000,0.9994
S1-136412751,S2-578237545,US,S2,8,0.7262,0.8856
S1-136461355,S2-181632177,India,S2,1,0.9000,0.9789
S1-136461355,S3-433729747,India,S3,2,0.7667,0.9324
S1-13656487,S2-634564753,India,S2,1,1.0000,0.9991
S1-13656487,S3-935305153,India,S3,2,0.6933,0.9988
S1-13656487,S2-734414076,India,S2,3,0.6548,0.9949
S1-136576387,S2-235805558,India,S2,1,1.0000,0.9998
S1-136576387,S2-186698223,India,S2,2,1.0000,0.9998
S1-136576387,S3-237012968,India,S3,3,0.8048,0.9803
S1-1366125,S3-582922592,US,S3,1,1.0000,1.0000
S1-1366125,S3-296002892,US,S3,2,1.0000,1.0000
S1-1366125,S2-686981610,US,S2,3,0.9333,0.9999
S1-1366125,S2-43336613,US,S2,4,0.9333,0.9999
S1-1366125,S2-235804101,US,S2,5,0.9333,1.0000
S1-1366125,S3-988300480,US,S3,6,0.7667,0.9996
S1-136692243,S3-49684174,US,S3,1,0.7667,0.9957
S1-136788452,S2-887998808,India,S2,1,1.0000,1.0000
S1-136788452,S2-259743484,India,S2,2,1.0000,1.0000
S1-136788452,S3-509454593,India,S3,3,0.9000,0.9967
S1-136788452,S3-366512322,India,S3,4,0.9000,0.9564
S1-136788452,S3-184931784,India,S3,5,0.8198,0.9911
S1-137135596,S3-443088906,India,S3,1,1.0000,1.0000
S1-137281786,S3-690090913,US,S3,1,0.7812,0.9980
S1-137281786,S2-425417786,US,S2,41,0.7667,0.9946
S1-137314363,S2-540304660,US,S2,1,1.0000,1.0000
S1-137314363,S3-196548469,US,S3,2,0.8437,0.9995
S1-137314363,S2-664020557,US,S2,3,0.8437,0.9998
S1-137314363,S2-331414369,US,S2,4,0.8052,0.9990
S1-137329707,S3-655375902,US,S3,1,1.0000,0.9994
S1-137329707,S2-372618503,US,S2,2,1.0000,0.9997
S1-137329707,S3-885396341,US,S3,14,0.6577,0.9899
S1-137354818,S2-135839877,India,S2,4,0.7970,0.9974
S1-137354818,S3-459613879,India,S3,10,0.7667,0.9915
S1-137354818,S2-482359380,India,S2,24,0.6451,0.9998
S1-137389708,S2-226619133,US,S2,1,1.0000,0.9996
S1-137389708,S3-831873773,US,S3,2,0.8619,0.9983
S1-137389708,S3-886833362,US,S3,25,0.5897,0.9831
S1-137409380,S3-930949948,India,S3,1,1.0000,1.0000
S1-137409380,S3-821427670,India,S3,2,1.0000,0.9970
S1-137409380,S2-852680673,India,S2,3,1.0000,0.9995
S1-137409380,S2-496544561,India,S2,4,1.0000,1.0000
S1-137409380,S3-780736360,India,S3,6,0.7863,0.9997
S1-137428517,S2-508797370,India,S2,64,0.7667,0.9994
S1-137573241,S2-157628413,India,S2,1,0.8667,0.7157
S1-137726879,S3-465563810,India,S3,1,1.0000,1.0000
S1-137726879,S3-315304648,India,S3,2,0.7667,0.9982
S1-137754187,S2-465271651,India,S2,1,0.9333,0.9999
S1-137754187,S3-871229939,India,S3,2,0.8083,0.9910
S1-137754187,S2-857918711,India,S2,6,0.7667,0.6729
S1-137754187,S2-347914293,India,S2,7,0.7325,0.9235
S1-137756264,S3-594903748,India,S3,2,1.0000,0.9977
S1-137756264,S3-12207643,India,S3,3,1.0000,0.9994
S1-137760501,S2-858026607,US,S2,1,0.9000,0.9933
S1-137760501,S2-819678801,US,S2,2,0.6544,0.9232
S1-13776727,S3-505170293,US,S3,1,1.0000,0.9999
S1-13776727,S2-417619035,US,S2,2,0.8801,0.9997
S1-13776727,S3-411997073,US,S3,22,0.7444,0.9990
S1-137780666,S3-622056344,US,S3,1,1.0000,0.9997
S1-137780666,S3-685806349,US,S3,2,0.9000,0.8985
S1-137820736,S3-772121691,India,S3,1,1.0000,0.9997
S1-137820736,S3-749575466,India,S3,2,1.0000,0.9997
S1-137820736,S3-55615242,India,S3,3,1.0000,0.9983
S1-137820736,S2-900117825,India,S2,4,1.0000,1.0000
S1-137820736,S2-580731874,India,S2,5,1.0000,1.0000
S1-137820736,S2-87778364,India,S2,7,0.7667,0.9456
S1-137820736,S3-902191026,India,S3,15,0.6389,0.9895
S1-138034094,S2-653242501,US,S2,1,0.7882,0.9984
S1-13812045,S2-203077545,US,S2,1,1.0000,0.9998
S1-13812045,S2-501817955,US,S2,2,0.7923,0.9985
S1-138136928,S2-848126800,India,S2,1,1.0000,1.0000
S1-138136928,S2-239904087,India,S2,2,1.0000,0.9998
S1-138136928,S2-108600748,India,S2,3,1.0000,0.9985
S1-138136928,S2-139605345,India,S2,4,0.7667,0.7503
S1-138136928,S3-83584703,India,S3,6,0.6951,0.9985
S1-138136928,S3-282967954,India,S3,7,0.6423,0.9961
S1-138170965,S3-209531889,India,S3,1,1.0000,0.9988
S1-138170965,S2-753633716,India,S2,8,0.7667,0.6753
S1-138212589,S3-573880204,US,S3,1,1.0000,1.0000
S1-138212589,S3-189561723,US,S3,12,0.7667,0.5563
S1-138212589,S3-328943166,US,S3,22,0.7377,0.9983
S1-138212589,S2-852707749,US,S2,23,0.7157,0.9993
S1-138340708,S2-703182405,India,S2,1,1.0000,1.0000
S1-138340708,S3-792703482,India,S3,23,0.7667,0.9734
S1-138340708,S3-454768105,India,S3,40,0.7667,0.9734
S1-138408146,S2-462846493,India,S2,1,0.7667,0.9919
S1-138408146,S3-38653075,India,S3,2,0.7583,0.9999
S1-138455100,S3-982573312,India,S3,1,0.8667,0.6677
S1-138455100,S3-209766895,India,S3,2,0.8667,0.9987
S1-138560009,S3-73608517,US,S3,1,1.0000,1.0000
S1-138560009,S2-308953796,US,S2,3,0.7018,0.9934
S1-138627315,S2-162954176,US,S2,1,1.0000,0.9995
S1-138627315,S2-243995786,US,S2,107,0.7583,0.9995
S1-138627315,S2-253252278,US,S2,112,0.5914,0.9948
S1-138639798,S2-805726781,US,S2,1,1.0000,1.0000
S1-138639798,S2-198320932,US,S2,2,1.0000,0.9998
S1-138639798,S3-368682503,US,S3,3,0.8583,0.9993
S1-138639798,S3-197681598,US,S3,4,0.8211,0.9988
S1-138639798,S3-43766904,US,S3,5,0.7611,0.9984
S1-138680465,S2-437476196,India,S2,1,1.0000,0.9996
S1-138718879,S2-636890444,US,S2,1,0.9111,0.9997
S1-138718879,S3-234774252,US,S3,2,0.5541,0.9194
S1-13873955,S2-274178541,India,S2,1,1.0000,0.9995
S1-13873955,S3-640937598,India,S3,2,0.9000,0.9919
S1-13873955,S3-525240813,India,S3,3,0.9000,0.9899
S1-13874410,S3-94236767,US,S3,1,0.7667,0.9936
S1-13874410,S3-422989668,US,S3,2,0.7667,0.9983
S1-138782299,S2-738241681,India,S2,1,1.0000,0.9992
S1-138782299,S3-535664688,India,S3,13,0.7292,0.8847
S1-138782299,S3-698438289,India,S3,14,0.7211,0.4237
S1-138802290,S2-499812379,US,S2,1,1.0000,1.0000
S1-138802290,S3-24640328,US,S3,2396,0.6762,0.9809
S1-138802290,S3-623473831,US,S3,2397,0.6577,0.9885
S1-138833646,S3-907681256,US,S3,2,0.9000,0.9999
S1-138833646,S2-622335468,US,S2,3,0.9000,0.9969
S1-138833646,S3-517115521,US,S3,5,0.7720,0.9999
S1-138833646,S2-21100808,US,S2,25,0.7667,0.7910
S1-139006304,S3-395647565,US,S3,1,1.0000,0.9999
S1-139006304,S3-713940614,US,S3,2,0.9000,0.9890
S1-139006304,S3-745032179,US,S3,3,0.5782,0.9859
S1-139122667,S3-808534363,US,S3,1,1.0000,1.0000
S1-139122667,S3-782288259,US,S3,2,1.0000,0.9994
S1-139122667,S2-722342479,US,S2,3,0.8333,0.9992
S1-139122667,S2-45035694,US,S2,4,0.7667,0.7910
S1-139122667,S2-632525579,US,S2,5,0.6237,0.9961
S1-139204579,S2-496186925,US,S2,13,0.7437,0.9984
S1-139204579,S3-612124340,US,S3,14,0.7237,0.9989
S1-13929797,S3-360451030,India,S3,2,0.8667,0.9995
S1-13929797,S3-863858218,India,S3,12,0.6333,0.4292
S1-139398718,S3-542358525,US,S3,1,1.0000,1.0000
S1-139398718,S3-429541073,US,S3,2,1.0000,0.9998
S1-139398718,S2-507797611,US,S2,3,1.0000,0.9998
S1-139427262,S2-251355278,US,S2,1,0.6527,0.9973
S1-139464616,S3-498955109,US,S3,1,0.8667,0.9995
S1-139464616,S3-255126787,US,S3,2,0.8667,0.9996
S1-139464616,S2-743780043,US,S2,3,0.8500,0.9984
S1-139464616,S2-489889848,US,S2,259,0.7119,0.8350
S1-139464616,S2-761734159,US,S2,261,0.6027,0.8994
S1-139483405,S3-105682630,India,S3,171,0.6048,0.9587
S1-139511081,S2-345610449,US,S2,122,0.7576,0.9996
S1-139527491,S3-388124931,India,S3,2,0.8407,0.9997
S1-139527491,S2-555411283,India,S2,3,0.7569,0.9987
S1-139527491,S3-789850089,India,S3,4,0.7491,0.9995
S1-139618855,S2-330635803,US,S2,2,0.8083,0.9964
S1-139618855,S2-459847337,US,S2,3,0.7667,0.9983
S1-139625977,S2-428384256,US,S2,1,0.9000,1.0000
S1-139625977,S2-250248679,US,S2,2,0.9000,0.9999
S1-139625977,S3-752727434,US,S3,3,0.8667,0.8580
S1-139625977,S3-36010643,US,S3,12,0.4857,0.7440
S1-139775871,S3-8223976,India,S3,1,1.0000,0.9999
S1-139775871,S2-114476256,India,S2,2,1.0000,0.9994
S1-139775871,S3-202366896,India,S3,3,0.9000,0.9999
S1-139778441,S3-708858546,US,S3,1,0.7667,0.9981
S1-139778441,S3-216196632,US,S3,2,0.6479,1.0000
S1-139780493,S2-198666448,US,S2,1,1.0000,0.9999
S1-139780493,S3-985498888,US,S3,2,0.8717,0.9995
S1-139780493,S2-312760439,US,S2,3,0.8171,0.9993
S1-139780493,S3-877309782,US,S3,4,0.5762,0.9998
S1-139822664,S3-205947980,US,S3,2,0.7071,0.9948
S1-139824223,S3-215598171,India,S3,1,1.0000,0.9969
S1-139824223,S3-12722982,India,S3,2,1.0000,1.0000
S1-139824223,S3-130615068,India,S3,3,0.8658,0.9996
S1-13987427,S3-524576487,US,S3,1,0.9183,0.9995
S1-13987427,S2-267556685,US,S2,2,0.8816,0.9998
S1-139875276,S3-565273388,US,S3,1,0.9267,0.9999
S1-139875276,S3-840709393,US,S3,2,0.8867,0.9998
S1-13991715,S2-190594347,US,S2,1,1.0000,0.9997
S1-13991715,S3-977613140,US,S3,2,0.9000,0.9956
S1-139947215,S3-188786103,India,S3,3,0.8667,0.9993
S1-139965885,S2-313515923,US,S2,1,1.0000,1.0000
S1-139965885,S3-853019437,US,S3,3,0.7667,0.2929
S1-140041943,S3-491337197,India,S3,1,1.0000,1.0000
S1-140041943,S2-243270690,India,S2,2,1.0000,0.9998
S1-140115388,S2-883771212,US,S2,1,1.0000,0.9998
S1-140115388,S2-971825697,US,S2,2,0.8564,0.9998
S1-140115388,S3-811236760,US,S3,3,0.7667,0.5974
S1-140115388,S2-771642538,US,S2,4,0.7667,0.8322
S1-140115388,S3-387138860,US,S3,5,0.6591,0.9999
S1-1401175,S2-622200423,India,S2,1,0.9333,0.9999
S1-1401175,S3-510049254,India,S3,8,0.9000,0.8593
S1-1401175,S3-961185848,India,S3,1207,0.6863,0.9780
S1-1401175,S2-416104057,India,S2,1245,0.6394,0.8986
S1-14020971,S3-738987421,US,S3,1,0.8197,0.9765
S1-140414770,S3-423544366,India,S3,1,1.0000,1.0000
S1-140414770,S2-11694999,India,S2,5,0.8126,0.9976
S1-140427032,S3-643719825,India,S3,1,1.0000,1.0000
S1-140427032,S2-112625012,India,S2,2,1.0000,0.9995
S1-140427032,S3-399880617,India,S3,7,0.8262,0.9988
S1-140437753,S3-933115,US,S3,1,1.0000,1.0000
S1-140437753,S3-906375461,US,S3,2,1.0000,0.9996
S1-140437753,S2-8792090,US,S2,3,0.9000,0.9938
S1-140437753,S2-666315934,US,S2,4,0.9000,0.9958
S1-140437753,S2-161208288,US,S2,5,0.9000,1.0000
S1-140437753,S3-579537295,US,S3,6,0.8333,0.9986
S1-140437753,S2-633949798,US,S2,8,0.7667,0.9967
S1-140440531,S2-626395206,US,S2,1,1.0000,0.9998
S1-140440531,S3-50441140,US,S3,2,0.8111,0.9976
S1-140447860,S2-986339026,US,S2,1,0.9217,0.9997
S1-140486256,S3-833930259,India,S3,1,1.0000,0.9959
S1-140486256,S2-572260726,India,S2,2,1.0000,0.9982
S1-140488485,S2-957066827,US,S2,1,1.0000,0.9988
S1-140488485,S2-683159120,US,S2,2,1.0000,1.0000
S1-140488485,S2-242327482,US,S2,3,1.0000,0.9988
S1-140488485,S3-63129917,US,S3,4,0.8143,0.9993
S1-140488485,S3-63579098,US,S3,5,0.7667,0.6658
S1-140525159,S3-346742400,US,S3,1,1.0000,0.9996
S1-140525159,S2-795882139,US,S2,2,1.0000,1.0000
S1-140525159,S2-751642857,US,S2,3,1.0000,0.9998
S1-140525159,S2-603769434,US,S2,4,1.0000,0.9996
S1-140525159,S2-537413116,US,S2,5,1.0000,1.0000
S1-140525159,S2-517924391,US,S2,6,1.0000,0.9999
S1-140525159,S3-614710225,US,S3,7,0.9161,0.9998
S1-140556875,S3-436650054,US,S3,1,0.7519,0.9987
S1-140602121,S3-550887683,India,S3,1,1.0000,0.9977
S1-140602121,S3-498425897,India,S3,2,1.0000,0.9999
S1-140602121,S3-130590589,India,S3,3,1.0000,0.9999
S1-140602121,S2-978380865,India,S2,4,1.0000,1.0000
S1-140602121,S3-376989173,India,S3,7,0.7179,0.9981
S1-140604071,S3-525215757,India,S3,1,1.0000,1.0000
S1-140604071,S2-591287799,India,S2,2,1.0000,1.0000
S1-140604071,S3-641349263,India,S3,23,0.7863,0.9989
S1-140604071,S3-904668295,India,S3,126,0.7667,0.9193
S1-140643927,S2-987896200,India,S2,1,1.0000,0.9999
S1-140643927,S3-547293111,India,S3,2,0.8500,0.9627
S1-140643927,S3-670152929,India,S3,12,0.6833,0.9973
S1-140643927,S3-420662698,India,S3,26,0.6722,0.9645
S1-140703118,S2-446837935,India,S2,1,0.8985,0.9999
S1-140703118,S3-544755028,India,S3,2,0.7303,0.9996
S1-140809346,S3-993327594,US,S3,1,1.0000,1.0000
S1-140809346,S3-162210389,US,S3,2,1.0000,1.0000
S1-140809346,S2-940436055,US,S2,3,1.0000,1.0000
S1-140809346,S2-138893699,US,S2,5,0.7667,0.9998
S1-140876964,S2-123772991,India,S2,1,0.9333,0.9999
S1-140876964,S3-124910774,India,S3,2,0.9000,0.9999
S1-140889901,S3-612146623,India,S3,16,0.7667,0.4998
S1-140889901,S3-57532579,India,S3,17,0.7667,0.9588
S1-140889901,S3-155055415,India,S3,21,0.7667,0.4653
S1-140944243,S3-695231836,US,S3,1,1.0000,1.0000
S1-140944243,S2-280806826,US,S2,2,0.6437,0.9967
S1-141049240,S3-941882284,US,S3,1,0.9000,0.9999
S1-141062496,S3-525866612,India,S3,1,0.8899,0.9997
S1-141062496,S3-551031269,India,S3,39,0.7237,0.9978
S1-141062496,S2-872421751,India,S2,42,0.6083,0.9928
S1-141078215,S3-207366580,India,S3,1,1.0000,0.9987
S1-141078215,S2-589015358,India,S2,2580,0.7667,0.2676
S1-141078215,S3-749834355,India,S3,3291,0.6942,0.9775
S1-141142831,S2-773241333,US,S2,8,0.7667,0.9842
S1-141217574,S3-744758173,India,S3,1,1.0000,0.9983
S1-141217574,S2-51510805,India,S2,2,0.8673,0.9997
S1-14126559,S2-994659128,US,S2,1,1.0000,0.9997
S1-14126559,S2-110555358,US,S2,2,1.0000,1.0000
S1-14126559,S3-687339050,US,S3,3,0.9000,0.9964
S1-14126559,S3-361345516,US,S3,4,0.9000,0.9999
S1-14126559,S2-738209252,US,S2,6,0.7619,0.9984
S1-141297130,S3-489375611,India,S3,1,0.9333,0.9924
S1-141297130,S2-920913592,India,S2,31,0.6942,0.9955
S1-141297130,S2-693363053,India,S2,32,0.6833,0.9961
S1-141415293,S3-299680232,US,S3,19,0.8287,0.9961
S1-141415293,S2-381840796,US,S2,531,0.7287,0.9929
S1-141515241,S2-824277495,US,S2,1,1.0000,0.9996
S1-141515241,S2-237742814,US,S2,2,1.0000,0.9996
S1-141627433,S2-842189123,India,S2,1,1.0000,0.9995
S1-141645861,S2-190936416,India,S2,1,1.0000,1.0000
S1-141645861,S2-177708271,India,S2,2,1.0000,1.0000
S1-141645861,S3-584455666,India,S3,3,0.9000,0.9177
S1-141645861,S3-545625307,India,S3,18,0.6692,0.9981
S1-141645861,S3-679870116,India,S3,39,0.6179,0.0216
S1-141647012,S3-794119270,India,S3,1,1.0000,0.9982
S1-141647012,S3-693615523,India,S3,3,0.7667,0.9492
S1-141650398,S3-658487981,India,S3,1,0.8667,0.9415
S1-141650398,S2-321945896,India,S2,2,0.8667,0.8317
S1-141650398,S2-191298468,India,S2,3,0.8667,0.5824
S1-141663553,S3-7685330,India,S3,1,1.0000,0.9985
S1-141764449,S3-757203905,India,S3,1,1.0000,0.9981
S1-141764449,S3-387499252,India,S3,2,1.0000,0.9999
S1-141764449,S2-901673029,India,S2,3,0.7992,0.9974
S1-141790137,S2-547905217,US,S2,2,0.8030,0.9991
S1-141792260,S3-231673640,India,S3,3,1.0000,0.9668
S1-141793321,S3-758647414,US,S3,1,1.0000,0.9998
S1-141793321,S2-798607036,US,S2,2,0.9000,1.0000
S1-141793321,S3-349262041,US,S3,3,0.6914,0.9999
S1-141832967,S3-39864790,India,S3,1,0.7667,0.8310
S1-141860558,S3-592819357,US,S3,558,0.7667,0.9249
S1-141873858,S3-749513700,US,S3,1,1.0000,0.9996
S1-141873858,S3-645408809,US,S3,2,1.0000,0.9995
S1-141873858,S2-298016199,US,S2,3,1.0000,0.9998
S1-141873858,S2-198862665,US,S2,4,0.9000,0.9950
S1-141873858,S2-346476548,US,S2,168,0.6970,0.9683
S1-141922668,S2-688790921,India,S2,1,1.0000,0.9999
S1-141922668,S2-335892916,India,S2,2,1.0000,0.9991
S1-141922668,S2-737109957,India,S2,3,0.7795,0.9998
S1-141922668,S2-228950242,India,S2,12,0.5980,0.9931
S1-142199569,S3-684617599,India,S3,1,0.9000,0.9999
S1-142199569,S3-505040909,India,S3,2,0.9000,0.9999
S1-142211063,S3-919401673,India,S3,1,1.0000,0.9995
S1-142211063,S3-114306091,India,S3,2,0.7667,0.9972
S1-142211063,S3-70028796,India,S3,17,0.7190,0.9985
S1-142229967,S3-167385336,US,S3,1,1.0000,1.0000
S1-142229967,S2-354268353,US,S2,18,0.7667,0.9188
S1-142229967,S2-118229341,US,S2,23,0.7667,0.9188
S1-142229967,S3-853562514,US,S3,24,0.7377,0.9898
S1-142229967,S3-459359787,US,S3,25,0.6771,0.9919
S1-142233377,S3-554797779,India,S3,1,0.9000,0.9919
S1-142314576,S2-176566680,US,S2,2,0.7523,0.9802
S1-142314576,S3-654202808,US,S3,3,0.7286,0.9945
S1-142314576,S3-440576842,US,S3,4,0.7219,0.9959
S1-142314576,S3-97367706,US,S3,5,0.6886,0.9984
S1-142387443,S3-363445467,India,S3,1,1.0000,0.9920
S1-142387443,S2-533198844,India,S2,2,0.9000,0.6383
S1-142387443,S2-424754692,India,S2,8,0.7273,0.9912
S1-142389383,S3-117928330,US,S3,2,1.0000,1.0000
S1-142389383,S3-556369502,US,S3,37,0.7667,0.2662
S1-142389383,S3-213423115,US,S3,178,0.7000,0.9994
S1-142415772,S3-312615796,India,S3,97,0.6733,0.9995
S1-142479585,S3-904035240,US,S3,1,1.0000,1.0000
S1-142479585,S2-97426080,US,S2,2,0.8877,0.9987
S1-142479585,S3-219307857,US,S3,3,0.8451,0.9994
S1-142479585,S2-998018531,US,S2,4,0.7667,0.9989
S1-142483801,S2-818949873,US,S2,1,1.0000,0.9999
S1-142483801,S2-601176634,US,S2,2,1.0000,0.9999
S1-142483801,S2-837086156,US,S2,3,0.8867,0.9997
S1-142483801,S3-311279689,US,S3,4,0.7681,0.9983
S1-14258094,S3-283027401,US,S3,1,0.7918,0.9996
S1-14258094,S3-608313495,US,S3,2,0.7667,0.9991
S1-142729564,S3-33010303,India,S3,66,0.6583,0.9962
S1-142733932,S2-999321814,India,S2,1,0.6667,0.9998
S1-142733932,S2-508077490,India,S2,2,0.6667,0.6007
S1-142744554,S3-462163395,US,S3,1,1.0000,1.0000
S1-142744554,S2-643878644,US,S2,2,1.0000,0.9994
S1-142761625,S2-851116246,US,S2,1,1.0000,1.0000
S1-142761625,S2-75537309,US,S2,2,1.0000,0.9997
S1-142761625,S2-358618631,US,S2,3,1.0000,0.9998
S1-142761625,S2-346063480,US,S2,4,1.0000,1.0000
S1-142761625,S2-300950190,US,S2,5,0.8519,0.9986
S1-142761625,S3-586175787,US,S3,6,0.7667,0.7359
S1-14278361,S3-36282645,India,S3,1,1.0000,0.9981
S1-14278361,S2-604439993,India,S2,2,0.8556,0.9810
S1-14278361,S3-346925935,India,S3,3,0.8007,0.9966
S1-142788760,S3-355609062,India,S3,1,0.8500,0.9688
S1-142788760,S2-893206440,India,S2,59,0.6537,0.6276
S1-142791687,S3-122383929,US,S3,1,0.9090,0.9990
S1-142791687,S3-65662420,US,S3,2,0.7862,0.9997
S1-142791687,S2-485300332,US,S2,3,0.7589,0.9946
S1-142791687,S2-314490047,US,S2,4,0.5898,0.9966
S1-142814398,S3-870520487,India,S3,1,1.0000,1.0000
S1-142814398,S2-285369172,India,S2,2,1.0000,0.9999
S1-142831841,S3-615516218,India,S3,1,0.8296,0.9918
S1-142954232,S2-988719262,US,S2,1,1.0000,1.0000
S1-142954232,S2-958938940,US,S2,2,1.0000,0.9992
S1-142954232,S2-948696415,US,S2,3,1.0000,0.9996
S1-142954232,S3-583896675,US,S3,7,0.7667,0.5420
S1-143012874,S3-469892357,India,S3,1,1.0000,1.0000
S1-143012874,S2-51429637,India,S2,2,0.9000,0.9715
S1-143016523,S3-757026546,US,S3,1,1.0000,1.0000
S1-143016523,S2-690873972,US,S2,2,1.0000,0.9998
S1-143016523,S3-700411981,US,S3,3,0.8051,0.9999
S1-143018691,S3-811675006,India,S3,1,1.0000,1.0000
S1-143018691,S3-128738512,India,S3,2,1.0000,1.0000
S1-143018691,S2-519058911,India,S2,3,1.0000,1.0000
S1-143018691,S2-448990220,India,S2,4,1.0000,0.9999
S1-143018691,S2-36600893,India,S2,6,0.7471,0.9943
S1-143018691,S2-548203483,India,S2,10,0.6333,0.9798
S1-143029448,S3-723484573,India,S3,1,1.0000,0.9996
S1-143029448,S3-334805224,India,S3,2,1.0000,0.9992
S1-143029448,S2-604347001,India,S2,3,1.0000,0.9998
S1-143050858,S3-782654503,US,S3,1,1.0000,1.0000
S1-143050858,S2-639496125,US,S2,2,1.0000,1.0000
S1-143050858,S2-571812271,US,S2,3,1.0000,1.0000
S1-143050858,S2-159833108,US,S2,4,0.8111,0.9993
S1-143050858,S3-381262649,US,S3,179,0.7667,0.5748
S1-143050858,S2-911291776,US,S2,570,0.6265,0.9213
S1-143099517,S2-103998882,US,S2,1,0.9149,0.9995
S1-143099517,S3-500699919,US,S3,2,0.8778,0.9995
S1-143099517,S3-133724478,US,S3,3,0.8778,0.9995
S1-143126820,S2-69562385,US,S2,1,1.0000,0.9996
S1-143160050,S3-108561374,India,S3,2,1.0000,0.9988
S1-143160050,S2-113834046,India,S2,3,0.9500,1.0000
S1-143160050,S3-620698824,India,S3,4,0.9333,0.9999
S1-143160050,S2-859241341,India,S2,5,0.7069,0.9689
S1-143462279,S3-424543220,US,S3,1,1.0000,1.0000
S1-143462279,S2-381371036,US,S2,2,1.0000,0.9981
S1-143605062,S3-220062977,India,S3,1,1.0000,0.9981
S1-143605062,S3-168748517,India,S3,2,1.0000,1.0000
S1-143605062,S2-71983250,India,S2,3,0.8658,0.9994
S1-143605062,S2-131020729,India,S2,4,0.7905,0.9996
S1-143605062,S2-126752996,India,S2,5,0.7451,0.9952
S1-143626130,S2-777802687,US,S2,1,1.0000,1.0000
S1-143626130,S2-194566063,US,S2,3,0.7281,0.9984
S1-143635277,S3-720811333,US,S3,3,1.0000,0.9960
S1-143926767,S2-74356311,India,S2,1,1.0000,0.9998
S1-143926767,S2-697206950,India,S2,2,1.0000,0.9998
S1-143926767,S2-459539346,India,S2,3,1.0000,0.9985
S1-143926767,S3-706929144,India,S3,4,0.7190,1.0000
S1-143926767,S3-985787186,India,S3,5,0.6762,0.9958
S1-143926767,S2-419818908,India,S2,44,0.5000,0.9113
S1-143930754,S2-812062781,US,S2,2,0.7823,0.9992
S1-143981344,S2-873511151,US,S2,7,0.8667,0.9994
S1-143981344,S3-673033762,US,S3,174,0.7667,0.9902
S1-143987276,S2-62507403,US,S2,1,1.0000,0.9998
S1-143987276,S2-389510732,US,S2,2,1.0000,0.9998
S1-143987276,S2-774661781,US,S2,3,0.9000,1.0000
S1-143987276,S3-993830543,US,S3,4,0.8083,0.9975
S1-144122252,S2-8369330,US,S2,1,1.0000,1.0000
S1-144122252,S3-272659221,US,S3,2,0.9000,0.9984
S1-144122252,S2-275548000,US,S2,3,0.8464,0.9995
S1-144122252,S2-935496880,US,S2,4,0.8157,0.9987
S1-144122252,S3-82109906,US,S3,5,0.7667,0.9984
S1-144122252,S3-937655306,US,S3,7,0.5487,0.9985
S1-144178354,S2-709995154,US,S2,1,1.0000,1.0000
S1-144178354,S3-326168160,US,S3,3,0.8176,0.9988
S1-144178354,S3-500441386,US,S3,4,0.7952,0.9994
S1-144178354,S3-188925598,US,S3,5,0.7667,0.9990
S1-144178354,S2-41456751,US,S2,25,0.7667,0.9860
S1-144292820,S3-119148409,India,S3,1,0.8667,0.8279
S1-144292820,S2-314717406,India,S2,7,0.7667,0.7403
S1-144307174,S2-945864472,US,S2,3,0.9000,0.9974
S1-144307174,S3-587669989,US,S3,1759,0.6619,0.9990
S1-144330728,S3-933974731,India,S3,1,1.0000,0.9982
S1-144330728,S3-933261150,India,S3,2,1.0000,1.0000
S1-144330728,S3-353513486,India,S3,3,0.7944,0.9769
S1-144330728,S2-745905525,India,S2,4,0.7847,0.9997
S1-144330728,S3-825939634,India,S3,36,0.6262,0.9975
S1-144334816,S3-942408951,US,S3,1,0.9067,0.9996
S1-144334816,S3-955140988,US,S3,2,0.8556,0.9994
S1-144334816,S3-988528882,US,S3,3,0.8233,0.9996
S1-144334816,S3-659880848,US,S3,4,0.7667,0.3579
S1-144335275,S3-410421423,US,S3,1,0.8910,0.9999
S1-144335275,S3-758774272,US,S3,2,0.7667,0.9952
S1-144340738,S3-218138808,India,S3,108,0.5833,0.9928
S1-14434460,S3-507310628,India,S3,1,1.0000,1.0000
S1-14434460,S2-52910436,India,S2,2,1.0000,1.0000
S1-14434460,S3-808075173,India,S3,82,0.7078,0.9997
S1-14434460,S3-707793237,India,S3,85,0.6146,0.9872
S1-144438815,S3-570475495,US,S3,1,1.0000,1.0000
S1-144438815,S2-213218351,US,S2,2,0.9000,0.9999
S1-144446210,S3-281047916,US,S3,1,1.0000,0.9994
S1-144446210,S2-64282459,US,S2,2,1.0000,1.0000
S1-144541992,S2-92004445,US,S2,1,1.0000,0.9991
S1-144541992,S3-83755709,US,S3,2,0.7970,0.9978
S1-144541992,S2-288736078,US,S2,3,0.7905,0.9961
S1-144569474,S2-660710657,India,S2,1,1.0000,0.9967
S1-144569474,S3-152165591,India,S3,6,0.7573,0.9967
S1-144569474,S3-413814998,India,S3,34,0.6833,0.9521
S1-144743243,S3-821564799,US,S3,1,1.0000,1.0000
S1-144743243,S3-780173491,US,S3,2,0.8316,0.9992
S1-144748329,S3-887885422,India,S3,6,0.7133,0.9979
S1-144867712,S3-134931786,US,S3,1,1.0000,0.9995
S1-144867712,S2-340860207,US,S2,26,0.7667,0.9056
S1-14490460,S2-218241105,India,S2,1,0.8667,0.7791
S1-14490460,S3-347454646,India,S3,2,0.7667,0.5569
S1-145038030,S2-753647668,India,S2,45,0.6515,0.9967
S1-145061440,S3-392845411,India,S3,8,0.8667,0.9958
S1-145061440,S2-560443780,India,S2,13,0.8667,0.8957
S1-145061440,S3-702571022,India,S3,25,0.7667,0.4846
S1-145169368,S2-7958257,US,S2,1,1.0000,0.9997
S1-145200822,S2-842252861,India,S2,1,0.7667,0.9996
S1-145200822,S2-47600904,India,S2,2,0.7667,0.5569
S1-145305386,S3-530054296,India,S3,1,1.0000,0.9983
S1-145305386,S3-413480137,India,S3,2,1.0000,1.0000
S1-145305386,S2-847628392,India,S2,3,1.0000,0.9949
S1-145305386,S2-587842137,India,S2,4,1.0000,0.9998
S1-145305386,S2-330284876,India,S2,5,1.0000,0.9998
S1-145321773,S3-13005038,US,S3,1,1.0000,1.0000
S1-145321773,S2-911777500,US,S2,2,1.0000,1.0000
S1-145321773,S2-548694551,US,S2,3,1.0000,1.0000
S1-145321773,S3-134426208,US,S3,7,0.7667,0.7245
S1-145367830,S2-850303017,India,S2,1,1.0000,1.0000
S1-145367830,S2-649096441,India,S2,2,1.0000,1.0000
S1-145367830,S3-556442086,India,S3,3,0.9000,0.9964
S1-145367830,S3-262800948,India,S3,4,0.9000,0.9998
S1-145367830,S3-108387364,India,S3,5,0.6965,0.9997
S1-145404680,S2-432108533,US,S2,3,0.7667,0.9080
S1-145404680,S3-15145030,US,S3,4,0.6733,0.9993
S1-145489938,S2-214295171,India,S2,1,1.0000,0.9953
S1-145489938,S3-71627170,India,S3,2,0.9000,0.9994
S1-145489938,S3-51151928,India,S3,3,0.9000,0.9964
S1-145523248,S2-770926738,India,S2,1,1.0000,0.9998
S1-145523248,S2-727627242,India,S2,2,0.8879,0.9991
S1-145523248,S3-297526058,India,S3,3,0.7784,0.8642
S1-145527395,S3-555990798,US,S3,1,0.9000,0.9999
S1-145527395,S3-313306021,US,S3,2,0.9000,0.9999
S1-145527395,S2-840417364,US,S2,3,0.9000,1.0000
S1-145527395,S2-682847156,US,S2,5,0.7752,0.9982
S1-145527395,S2-838273984,US,S2,10,0.6476,0.9971
S1-145574790,S2-741860769,US,S2,1,1.0000,1.0000
S1-145619273,S2-926783237,India,S2,1,1.0000,0.9995
S1-145619273,S3-809513873,India,S3,2,0.7667,0.5420
S1-145639806,S2-74285586,US,S2,1,0.5702,0.9982
S1-145704510,S3-795522986,US,S3,1,1.0000,0.9999
S1-145704510,S3-263729358,US,S3,2,1.0000,1.0000
S1-145704510,S3-86115745,US,S3,3,0.8583,0.9984
S1-145704510,S3-201147461,US,S3,4,0.7771,0.9999
S1-145704510,S2-231528917,US,S2,5,0.7667,0.8978
S1-145704510,S3-550655772,US,S3,6,0.7515,0.9909
S1-14574477,S2-559147026,US,S2,1,1.0000,0.9998
S1-145847465,S2-436718314,US,S2,1,0.7818,0.9991
S1-145847465,S3-179792132,US,S3,2,0.7667,0.3561
S1-145847465,S2-889341680,US,S2,3,0.7667,0.5736
S1-145851710,S2-513702697,US,S2,1,1.0000,0.9996
S1-145851710,S3-746885979,US,S3,2,0.9000,0.9940
S1-145851710,S3-877389217,US,S3,4,0.7667,0.5420
S1-145851710,S2-378263844,US,S2,14,0.7500,0.9971
S1-145851710,S2-314184347,US,S2,15,0.5686,0.9655
S1-145879281,S2-364495319,US,S2,1,0.9000,0.9997
S1-145879281,S3-911009349,US,S3,2,0.8212,0.9995
S1-145879281,S3-661329352,US,S3,3,0.7741,0.9987
S1-145888383,S3-962560136,US,S3,1,0.7667,0.2660
S1-145888383,S3-961025866,US,S3,2,0.7667,0.8085
S1-145888383,S3-713867685,US,S3,3,0.7667,0.9996
S1-145888383,S3-585764492,US,S3,4,0.7667,0.3535
S1-145888383,S3-565640628,US,S3,5,0.7667,0.9947
S1-145913595,S2-623033889,US,S2,1,1.0000,0.9995
S1-145913595,S3-263315571,US,S3,2,0.9000,0.9924
S1-145913595,S2-994111593,US,S2,4,0.7333,0.9990
S1-145944550,S3-779304583,US,S3,1,1.0000,0.9970
S1-145944550,S3-600934004,US,S3,2,0.7405,0.9999
S1-1459447,S3-331986992,India,S3,1,1.0000,0.9993
S1-1459447,S2-301275071,India,S2,2,0.9000,0.9946
S1-145977504,S2-338876301,US,S2,1,1.0000,0.9994
S1-145977504,S3-377466483,US,S3,2,0.9067,0.9996
S1-145977504,S3-888754559,US,S3,3,0.8544,0.9975
S1-145977504,S3-209967045,US,S3,4,0.8268,0.9998
S1-145979136,S3-800066542,US,S3,1,0.9000,0.9910
S1-145979136,S2-853425465,US,S2,30,0.7667,0.6589
S1-145979136,S2-689887874,US,S2,35,0.7667,0.9557
S1-145997275,S3-476191092,India,S3,47,0.7061,0.9952
S1-146028829,S3-787838162,US,S3,170,0.6778,0.9989
S1-146125894,S2-207507970,India,S2,1,1.0000,0.9971
S1-146125894,S3-385948654,India,S3,2,0.7667,0.9066
S1-146125894,S3-209465553,India,S3,3,0.7667,0.9960
S1-146133450,S3-758984771,US,S3,1,1.0000,0.9999
S1-146133450,S2-929995208,US,S2,2,0.7667,0.4834
S1-146133450,S2-732930517,US,S2,3,0.7667,0.4834
S1-146133450,S2-298642011,US,S2,4,0.7667,0.4834
S1-146158602,S3-396967355,US,S3,1,1.0000,0.9999
S1-146158602,S2-491625124,US,S2,2,1.0000,1.0000
S1-146158602,S3-672474167,US,S3,3,0.8278,0.9996
S1-146242780,S3-650444665,US,S3,1,1.0000,0.9998
S1-146242780,S3-561180432,US,S3,2,0.8833,0.9990
S1-146242780,S3-98364407,US,S3,3,0.8000,0.9991
S1-146242780,S3-679628408,US,S3,4,0.7667,0.8397
S1-146447379,S3-265389765,India,S3,1,1.0000,0.9980
S1-146447379,S3-173446217,India,S3,61,0.6942,0.9940
S1-146478055,S3-513240318,India,S3,1,0.8667,0.4386
S1-146478055,S2-551912655,India,S2,2,0.8667,0.9988
S1-146580949,S3-486328902,US,S3,1,1.0000,1.0000
S1-146580949,S2-85006001,US,S2,2,0.9000,0.9999
S1-146580949,S2-787899380,US,S2,3,0.9000,0.9999
S1-146580949,S3-73175324,US,S3,7,0.7527,0.9991
S1-146630270,S3-739549210,US,S3,1,1.0000,0.9998
S1-146630270,S2-635096117,US,S2,2,1.0000,1.0000
S1-146630270,S3-280797888,US,S3,3,0.8067,0.9997
S1-146630270,S3-892358060,US,S3,4,0.7980,0.9997
S1-146630270,S3-111393634,US,S3,5,0.7863,0.9998
S1-146630270,S3-88733377,US,S3,11,0.7000,0.9969
S1-146689207,S3-653221120,US,S3,1,1.0000,1.0000
S1-146689207,S3-214969914,US,S3,9,0.6667,0.9896
S1-146701353,S2-864690042,US,S2,1,1.0000,0.9998
S1-146745089,S3-907741363,US,S3,1,1.0000,1.0000
S1-146745089,S3-651958880,US,S3,2,1.0000,1.0000
S1-146745089,S2-885559018,US,S2,3,0.7667,0.9948
S1-146745089,S3-785414626,US,S3,4,0.7333,0.9985
S1-146745089,S2-130689828,US,S2,5,0.7333,0.9981
S1-146751841,S3-300012241,US,S3,1,1.0000,1.0000
S1-146751841,S2-424026773,US,S2,84,0.7544,0.9793
S1-146752253,S3-599494140,India,S3,1,0.9333,0.9959
S1-146770781,S3-105014479,US,S3,1,1.0000,1.0000
S1-146770781,S2-84057188,US,S2,2,0.7620,0.9964
S1-146943524,S3-272602610,US,S3,1,1.0000,1.0000
S1-146943524,S3-172354224,US,S3,5,0.7092,0.9992
S1-14695402,S3-320178659,India,S3,1,1.0000,1.0000
S1-14695402,S3-292884103,India,S3,2,1.0000,0.9978
S1-14695402,S3-101346912,India,S3,3,1.0000,0.9978
S1-14695402,S2-64643439,India,S2,4,0.9500,0.9887
S1-14695402,S3-625251833,India,S3,5,0.8054,0.9984
S1-147028186,S3-400169457,India,S3,1,1.0000,1.0000
S1-147028186,S3-364492728,India,S3,2,1.0000,0.9996
S1-147042800,S3-393005814,US,S3,1,0.9000,1.0000
S1-147042800,S3-312656210,US,S3,2,0.7667,0.9400
S1-147042800,S2-522631180,US,S2,12,0.7667,0.4746
S1-147042800,S3-417249711,US,S3,17,0.6591,0.9999
S1-147190743,S2-54339720,US,S2,1,0.9000,0.9999
S1-147190743,S3-658245981,US,S3,2,0.7667,0.9950
S1-147215238,S2-880607013,India,S2,1,1.0000,0.9997
S1-147215238,S2-30436743,India,S2,2,1.0000,0.9982
S1-147215238,S3-186394533,India,S3,69,0.6667,0.9672
S1-147219311,S3-854220594,US,S3,1,1.0000,0.9999
S1-147219311,S2-663167190,US,S2,2,0.8583,0.9988
S1-147219311,S2-906546961,US,S2,3,0.8014,0.9992
S1-147262538,S3-192823377,India,S3,2,0.9000,0.9947
S1-147274268,S2-920679910,India,S2,1,1.0000,0.9945
S1-147274268,S2-449382938,India,S2,2,1.0000,0.9997
S1-147274268,S2-181013094,India,S2,3,1.0000,0.9934
S1-147274268,S3-433424234,India,S3,4,0.8436,0.9986
S1-147274268,S2-856490889,India,S2,71,0.5048,0.9944
S1-147354678,S3-751938829,US,S3,1,0.8862,0.9998
S1-147354678,S2-963411852,US,S2,2,0.8287,0.9980
S1-147354678,S3-187285171,US,S3,3,0.7734,0.9972
S1-147354678,S3-384063153,US,S3,4,0.7705,0.9991
S1-147354678,S2-214605571,US,S2,6,0.7667,0.9957
S1-147379231,S3-274871127,US,S3,2,0.7667,0.2789
S1-147379231,S3-203606357,US,S3,3,0.7667,0.9950
S1-147379231,S2-739755146,US,S2,4,0.7667,0.5386
S1-147428540,S3-49001521,US,S3,1,1.0000,0.9997
S1-147428540,S2-603260223,US,S2,2,0.8376,0.9993
S1-147428540,S2-877909185,US,S2,3,0.7822,0.9995
S1-147428540,S2-329643761,US,S2,71,0.7667,0.9996
S1-147428540,S3-704527694,US,S3,89,0.6556,0.9999
S1-147453928,S3-439353922,US,S3,1,1.0000,1.0000
S1-147453928,S2-149589771,US,S2,10,0.8018,0.9992
S1-147465307,S3-135473076,US,S3,1,0.8000,0.9934
S1-147465307,S3-972466379,US,S3,2,0.7667,0.8071
S1-147675770,S3-846546019,US,S3,1,1.0000,1.0000
S1-147675770,S2-855439899,US,S2,2,0.8255,0.9979
S1-147897763,S3-344676707,India,S3,1,0.8667,0.6281
S1-147897763,S2-356226463,India,S2,2,0.8667,0.9995
S1-147980979,S2-334953068,India,S2,1,1.0000,0.9993
S1-147980979,S2-984991177,India,S2,8,0.7275,0.9998
S1-147980979,S3-517618742,India,S3,9,0.7237,0.9980
S1-148031523,S3-54117668,US,S3,1,1.0000,1.0000
S1-148031523,S2-637645567,US,S2,2,1.0000,0.9998
S1-148031523,S2-959586385,US,S2,78,0.7667,0.8756
S1-148104555,S3-994850047,US,S3,1,0.7667,0.9941
S1-148104555,S3-988587107,US,S3,2,0.7667,0.9980
S1-148277674,S3-530198956,US,S3,1,0.7982,0.9993
S1-148338154,S3-38960259,US,S3,1,1.0000,0.9994
S1-148338154,S2-860369117,US,S2,3,0.7667,0.9992
S1-148338154,S3-559779278,US,S3,4,0.7387,0.9983
S1-1485530,S3-811994851,US,S3,1,1.0000,0.9996
S1-1485530,S3-757045703,US,S3,2,0.7769,0.9988
S1-1485530,S2-879125436,US,S2,5,0.7256,0.9996
S1-148646349,S3-775473333,India,S3,1,1.0000,0.9993
S1-148646349,S3-79622854,India,S3,5,0.6606,0.9955
S1-148646349,S2-709901303,India,S2,6,0.6303,0.9866
S1-148755235,S2-678119781,India,S2,1,0.8667,0.9995
S1-148766028,S2-92925679,India,S2,1,0.9000,0.9999
S1-148766028,S3-546148641,India,S3,2,0.7601,0.9997
S1-148766028,S3-422865179,India,S3,3,0.7601,0.9997
S1-148771729,S2-250490670,US,S2,1,0.8471,0.9994
S1-148863272,S3-111516577,US,S3,1,1.0000,1.0000
S1-148863272,S3-73977462,US,S3,2,0.8379,0.9998
S1-148863272,S3-659266408,US,S3,3,0.8362,0.9994
S1-148863272,S2-827848369,US,S2,4,0.7376,0.9964
S1-148868088,S2-402851930,US,S2,1,1.0000,0.9997
S1-148868088,S3-649391517,US,S3,2,0.7667,0.2504
S1-148868088,S3-896840572,US,S3,3,0.6681,0.9984
S1-148912352,S3-416314242,US,S3,1,1.0000,0.9999
S1-148912352,S2-442287096,US,S2,11,0.7667,0.8549
S1-149021926,S3-959527341,India,S3,1,0.7368,0.9977
S1-149055,S3-325899634,India,S3,1,1.0000,0.9985
S1-149055,S3-883884165,India,S3,2,0.8619,0.9989
S1-149055,S3-963051625,India,S3,69,0.7018,0.9939
S1-149076613,S3-641170613,India,S3,1,1.0000,0.9999
S1-149076613,S3-724086494,India,S3,2,0.9750,0.9999
S1-149076613,S2-403676849,India,S2,4,0.6863,0.9981
S1-149076613,S2-403054459,India,S2,10,0.5271,0.9962
S1-149077002,S2-450401596,US,S2,1,1.0000,0.9996
S1-149077002,S3-56155494,US,S3,2,0.9000,0.9999
S1-149077002,S3-110578623,US,S3,117,0.7451,0.9954
S1-149113584,S2-838451765,India,S2,1,1.0000,0.9998
S1-149113584,S2-393540712,India,S2,2,1.0000,0.9998
S1-149113584,S3-374962805,India,S3,3,0.9333,0.9985
S1-149113584,S3-753218326,India,S3,10,0.7000,0.9493
S1-149113584,S3-295046890,India,S3,11,0.7000,0.5434
S1-149125958,S3-86113349,India,S3,1,1.0000,0.9999
S1-149125958,S3-578515366,India,S3,2,1.0000,0.9934
S1-14964482,S3-772312697,US,S3,1,1.0000,1.0000
S1-14964482,S2-79529748,US,S2,48,0.7667,0.9990
S1-149659594,S3-981599246,India,S3,1,0.8667,0.9941
S1-149659594,S3-533570759,India,S3,2,0.8667,0.9819
S1-149659594,S3-190547120,India,S3,3,0.8667,0.9943
S1-149659594,S2-865581639,India,S2,5,0.6589,0.1278
S1-149659594,S3-872323692,India,S3,6,0.6571,0.8856
S1-149670687,S2-80094578,US,S2,1,1.0000,1.0000
S1-149670687,S2-503933451,US,S2,2,1.0000,1.0000
S1-149670687,S3-268496725,US,S3,4,0.7026,0.9989
S1-149670687,S2-113403954,US,S2,5,0.7026,0.9991
S1-149670687,S3-168413474,US,S3,6,0.5702,0.9981
S1-149732046,S2-565814786,US,S2,4,1.0000,1.0000
S1-149732046,S2-179038580,US,S2,6,1.0000,1.0000
S1-149755899,S2-879283119,US,S2,1,1.0000,1.0000
S1-149755899,S2-602633516,US,S2,2,1.0000,0.9997
S1-149755899,S3-569325958,US,S3,3,0.7667,0.3860
S1-149755899,S3-230268510,US,S3,5,0.7667,0.5275
S1-149755899,S2-883893358,US,S2,10,0.6504,0.9980
S1-149755899,S3-838645603,US,S3,19,0.4449,0.6563
S1-1497563,S2-451370587,US,S2,1,1.0000,0.9961
S1-1497563,S3-839218978,US,S3,222,0.7667,0.9397
S1-1497563,S3-500301351,US,S3,646,0.7667,0.9764
S1-149812360,S2-683216570,US,S2,1,0.9000,0.9992
S1-149812360,S2-644071906,US,S2,2,0.9000,1.0000
S1-149812360,S2-502115735,US,S2,3,0.9000,1.0000
S1-149812360,S2-442747954,US,S2,5,0.7083,0.9970
S1-149910818,S2-644776867,US,S2,2,0.6583,0.9982
S1-149910818,S2-836425692,US,S2,3,0.6504,0.9845
S1-149910818,S3-994376820,US,S3,4,0.6016,0.9926
S1-149974573,S3-957542930,US,S3,1,1.0000,1.0000
S1-149974573,S3-484476915,US,S3,2,1.0000,0.9998
S1-149974573,S2-822279089,US,S2,11,0.7667,0.9986
S1-150058141,S2-955493983,US,S2,1,1.0000,0.9997
S1-150058141,S3-702148591,US,S3,2,0.8222,0.9992
S1-150058141,S3-110548724,US,S3,12,0.7155,0.9989
S1-150077709,S3-393431483,India,S3,1,1.0000,1.0000
S1-150077709,S3-858017864,India,S3,4,0.7771,0.9956
S1-150289494,S2-656531748,US,S2,1,1.0000,0.9999
S1-150289494,S3-930036776,US,S3,2,0.8667,0.8512
S1-150289494,S2-786044479,US,S2,4,0.6476,0.9976
S1-150300941,S3-160496562,India,S3,1,1.0000,0.9940
S1-150300941,S2-144099262,India,S2,2,1.0000,1.0000
S1-150300941,S2-138297722,India,S2,3,1.0000,0.9990
S1-150300941,S2-113795111,India,S2,4,1.0000,1.0000
S1-150300941,S2-755735446,India,S2,6,0.7667,0.9990
S1-15032850,S3-169773749,US,S3,1,1.0000,1.0000
S1-15032850,S3-807851679,US,S3,2,0.8471,0.9992
S1-15032850,S3-613226261,US,S3,6,0.6667,1.0000
S1-15032850,S2-198121961,US,S2,7,0.6396,0.9983
S1-150441387,S2-878352124,US,S2,1,1.0000,0.9998
S1-150441387,S3-758581720,US,S3,2,0.8667,0.9473
S1-150441387,S3-374102375,US,S3,3,0.8667,0.9473
S1-150441387,S3-162634441,US,S3,94,0.7667,0.5182
S1-150449716,S2-774274506,India,S2,1,1.0000,1.0000
S1-150449716,S2-646621861,India,S2,2,0.8708,0.9990
S1-150449716,S3-158465808,India,S3,14,0.7179,0.9938
S1-150449716,S2-301614518,India,S2,32,0.5641,0.9895
S1-150460210,S2-457619756,US,S2,1,1.0000,1.0000
S1-150460210,S3-958790044,US,S3,158,0.7351,0.9964
S1-150460210,S3-347018976,US,S3,159,0.7000,0.9967
S1-150460322,S3-642217994,India,S3,16,0.7667,0.8566
S1-150460322,S2-441592137,India,S2,53,0.6392,0.9975
S1-150460322,S2-953901159,India,S2,60,0.6237,0.9344
S1-150508954,S3-339884125,India,S3,1,0.9333,0.9984
S1-150508954,S3-621013480,India,S3,4,0.6333,0.8865
S1-150555437,S2-812731732,US,S2,1,1.0000,0.9996
S1-150555437,S2-642369263,US,S2,2,0.7692,0.9995
S1-150555437,S3-60608726,US,S3,4,0.6923,0.9965
S1-150562344,S3-326140858,India,S3,2,0.8667,0.7864
S1-150562344,S2-94055410,India,S2,4,0.8667,0.7114
S1-150562344,S2-230383567,India,S2,7,0.8667,0.9993
S1-150562344,S2-154978256,India,S2,8,0.8667,0.9995
S1-150573655,S2-910345533,US,S2,1,1.0000,1.0000
S1-150573655,S2-736545096,US,S2,2,1.0000,0.9998
S1-150573655,S2-979788300,US,S2,3,0.9070,0.9996
S1-150573655,S3-153470277,US,S3,4,0.8111,0.9988
S1-150624021,S3-645040253,India,S3,1,0.8619,0.9986
S1-150624021,S3-465334079,India,S3,2,0.8299,0.9994
S1-150624021,S3-710984423,India,S3,3,0.7577,0.9974
S1-150756993,S3-797447604,US,S3,1,1.0000,0.9998
S1-150819033,S2-686344715,India,S2,53,0.7667,0.9987
S1-150822865,S3-908958652,India,S3,1,1.0000,0.9991
S1-150822865,S3-679150904,India,S3,2,1.0000,0.9982
S1-150822865,S2-624661507,India,S2,3,1.0000,0.9994
S1-150822865,S2-794062853,India,S2,4,0.7667,0.9994
S1-15090579,S3-413402756,US,S3,1,1.0000,0.9931
S1-15090579,S2-735764608,US,S2,3,0.7667,0.1456
S1-151005028,S3-418814767,US,S3,1,0.7803,0.9998
S1-151028543,S3-985137249,US,S3,1,1.0000,1.0000
S1-151028543,S3-208939257,US,S3,2,1.0000,0.9998
S1-151028543,S2-631924425,US,S2,3,1.0000,1.0000
S1-151028543,S2-811173085,US,S2,4,0.7804,0.9996
S1-151028543,S3-860352527,US,S3,25,0.7126,0.9995
S1-151064537,S2-896515144,US,S2,1,0.8204,0.9995
S1-151064537,S3-957275985,US,S3,2,0.7667,0.7348
S1-151075587,S3-69510215,India,S3,2,0.9000,0.9992
S1-151090066,S3-158170543,India,S3,1,1.0000,1.0000
S1-151090066,S2-279649367,India,S2,2,1.0000,0.9996
S1-151276462,S3-537474015,US,S3,1,0.8246,0.9976
S1-151397012,S3-626770509,India,S3,1,1.0000,0.9999
S1-151397012,S3-564898688,India,S3,4,0.7667,0.9621
S1-151397012,S3-452016486,India,S3,5,0.7667,0.9993
S1-151397012,S2-190876055,India,S2,13,0.6635,0.8655
S1-151420580,S2-461400885,India,S2,3,0.9000,0.9984
S1-151420580,S3-254416734,India,S3,14,0.8246,0.9996
S1-1514353,S2-552847508,US,S2,1,1.0000,0.9998
S1-1514353,S2-767911398,US,S2,2,0.9217,0.9995
S1-1514353,S3-727914871,US,S3,3,0.7588,0.9985
S1-151456958,S3-942717416,US,S3,1,1.0000,0.9997
S1-151466390,S2-431373783,US,S2,1,1.0000,0.9996
S1-151466390,S3-342279831,US,S3,2,0.8667,0.9997
S1-151466390,S2-558415872,US,S2,3,0.7733,0.9356
S1-15161678,S3-905869891,US,S3,2,0.7333,0.9987
S1-15161678,S3-228807150,US,S3,3,0.7333,0.9981
S1-151653421,S2-956273440,India,S2,1,1.0000,1.0000
S1-151653421,S3-204340578,India,S3,6,0.7848,0.9494
S1-151653421,S3-643335695,India,S3,95,0.6750,0.1133
S1-151757128,S3-99996940,US,S3,1,1.0000,1.0000
S1-151757128,S3-115214728,US,S3,2,1.0000,1.0000
S1-151757128,S3-782175903,US,S3,4,0.7852,0.9997
S1-151758667,S2-374830325,US,S2,1,1.0000,1.0000
S1-151765212,S2-254287408,India,S2,1,1.0000,1.0000
S1-151765212,S3-279636591,India,S3,2,0.9267,0.9997
S1-151765212,S3-588561521,India,S3,3,0.8424,0.9956
S1-151765212,S3-822765117,India,S3,4,0.8067,0.9998
S1-151765212,S3-45178183,India,S3,5,0.8067,0.9998
S1-151825681,S2-617073237,US,S2,1,0.9000,1.0000
S1-151851682,S2-584002772,US,S2,1,1.0000,1.0000
S1-151851682,S2-237724963,US,S2,2,1.0000,0.9996
S1-151851682,S3-705646458,US,S3,25,0.7667,0.5182
S1-151880067,S3-744468410,US,S3,1,0.7667,0.8364
S1-151881610,S2-60267078,US,S2,1,0.7778,0.9497
S1-151881610,S3-787469917,US,S3,2,0.7667,0.9996
S1-151881610,S3-738041734,US,S3,3,0.7667,0.9996
S1-151881610,S3-571323533,US,S3,4,0.6939,0.9945
S1-151881610,S2-97738574,US,S2,5,0.6333,0.7269
S1-151890819,S3-197745990,India,S3,1,1.0000,0.9986
S1-151890819,S2-701990716,India,S2,2,0.9333,0.9999
S1-151890819,S2-133234577,India,S2,3,0.9333,0.9646
S1-151890819,S2-848371580,India,S2,4,0.7784,0.9954
S1-152011568,S3-551347170,India,S3,5,0.7296,0.9995
S1-152036717,S3-421715409,US,S3,1,0.8833,0.9996
S1-152036717,S3-960734162,US,S3,2,0.8167,0.9995
S1-152036717,S2-6633521,US,S2,3,0.7667,0.5748
S1-152036717,S2-776904653,US,S2,4,0.6154,0.9969
S1-152049806,S3-833220395,India,S3,1,1.0000,0.9998
S1-152049806,S2-861503430,India,S2,2,1.0000,0.9998
S1-152049806,S2-324425089,India,S2,3,0.8211,0.9923
S1-152049806,S2-399154093,India,S2,5,0.6833,0.9898
S1-152165201,S2-248057071,US,S2,1,0.8333,0.9993
S1-152165201,S3-418743286,US,S3,2,0.7343,0.9994
S1-152165201,S2-644405940,US,S2,3,0.7133,0.9981
S1-152182335,S2-913276294,US,S2,1,1.0000,1.0000
S1-152182335,S2-492260732,US,S2,2,1.0000,0.9998
S1-152182335,S2-444651087,US,S2,3,0.8233,0.9998
S1-152182335,S3-631840019,US,S3,4,0.7667,0.6447
S1-152182335,S2-344218810,US,S2,5,0.7288,0.9933
S1-152230568,S3-605394031,India,S3,1,1.0000,1.0000
S1-152230568,S3-381574756,India,S3,4,0.8576,0.9998
S1-152230568,S3-379818149,India,S3,63,0.7333,0.9930
S1-152281797,S3-90609239,US,S3,1,1.0000,0.9998
S1-152281797,S3-326914876,US,S3,2,1.0000,1.0000
S1-152281797,S2-537121770,US,S2,3,1.0000,1.0000
S1-152281797,S2-298082679,US,S2,4,0.8381,0.9995
S1-152281797,S3-847447947,US,S3,5,0.6708,0.9983
S1-152305765,S2-255206205,US,S2,1,1.0000,0.9998
S1-152305765,S3-849376308,US,S3,3,0.7667,0.9974
S1-152305765,S3-298722040,US,S3,6,0.7667,0.3724
S1-152345075,S3-66044665,US,S3,1,1.0000,1.0000
S1-152345075,S3-106158031,US,S3,2,1.0000,0.9982
S1-152345075,S2-708368701,US,S2,575,0.6863,0.9990
S1-152370913,S2-937880272,India,S2,1,1.0000,0.9995
S1-152370913,S2-798989630,India,S2,2,1.0000,1.0000
S1-152370913,S3-51508226,India,S3,3,0.8204,0.9891
S1-152370913,S3-254498037,India,S3,4,0.7541,0.9976
S1-152396838,S2-303564127,India,S2,1,1.0000,0.9998
S1-152396838,S3-238246509,India,S3,2,0.8500,0.9996
S1-152405509,S3-837730739,India,S3,1,1.0000,0.9998
S1-152405509,S3-648208615,India,S3,2,1.0000,1.0000
S1-152405509,S2-982105924,India,S2,3,0.7471,0.9986
S1-152405509,S3-40994722,India,S3,4,0.7407,0.9988
S1-152405509,S2-918067915,India,S2,5,0.5057,0.9978
S1-152421939,S2-597994525,US,S2,1,0.8179,0.9976
S1-152421939,S3-733325979,US,S3,2,0.7667,0.9889
S1-152430213,S3-833985576,US,S3,1,1.0000,0.9994
S1-152430213,S3-755720111,US,S3,2,1.0000,1.0000
S1-152430213,S2-542848457,US,S2,4,0.7667,0.9901
S1-152524898,S2-414047130,US,S2,1,0.8396,0.9994
S1-152524898,S3-446666524,US,S3,2,0.7754,0.9973
S1-152524898,S3-47794584,US,S3,15,0.7357,0.9997
S1-152554624,S3-85204805,India,S3,1,1.0000,0.9975
S1-152554624,S2-755217577,India,S2,2,1.0000,1.0000
S1-152578354,S2-466057267,US,S2,1,1.0000,0.9997
S1-152578354,S2-200165527,US,S2,2,1.0000,0.9992
S1-152578354,S3-722125893,US,S3,3,0.7970,0.9979
S1-152580776,S2-827425662,US,S2,94,0.7667,0.5748
S1-152580776,S3-817253810,US,S3,157,0.7196,0.9986
S1-152608406,S3-671298414,US,S3,1,0.8302,1.0000
S1-152608406,S3-729371413,US,S3,2,0.8195,0.9995
S1-152608406,S2-996112912,US,S2,3,0.8195,0.9995
S1-152608406,S2-477919699,US,S2,21,0.7121,0.9972
S1-152614377,S2-297894426,India,S2,8,0.9000,0.9877
S1-152614377,S2-467579854,India,S2,1027,0.6942,0.9547
S1-152678772,S3-326894401,US,S3,1,1.0000,0.9996
S1-152678772,S3-215808748,US,S3,2,1.0000,1.0000
S1-152678772,S2-57221004,US,S2,3,1.0000,0.9995
S1-152678772,S2-976124153,US,S2,5,0.7667,0.7245
S1-152678772,S2-589413777,US,S2,7,0.7667,0.5275
S1-152678772,S2-587620544,US,S2,8,0.7658,0.9994
S1-152678772,S3-591147282,US,S3,9,0.7603,0.9989
S1-152678772,S2-144979060,US,S2,10,0.7500,0.9397
S1-152787537,S3-834551274,US,S3,1,1.0000,0.9998
S1-152787537,S3-743466746,US,S3,2,1.0000,1.0000
S1-152787537,S3-308399109,US,S3,3,0.8281,0.9987
S1-152787537,S2-317806670,US,S2,4,0.7667,0.8097
S1-152838598,S3-212209271,US,S3,1,1.0000,0.9998
S1-152838598,S3-396457702,US,S3,2,0.7667,0.9979
S1-152838598,S2-125913977,US,S2,4,0.6843,0.9970
S1-153095145,S3-145648353,India,S3,1,1.0000,1.0000
S1-153095145,S3-567118661,India,S3,3,0.8619,0.9997
S1-153100696,S3-122612745,US,S3,1,0.8037,0.9989
S1-153144287,S3-837646927,US,S3,1,0.7667,0.5420
S1-153144287,S2-495291217,US,S2,2,0.7667,0.5191
S1-153155499,S2-548479458,India,S2,1,1.0000,0.9999
S1-153155499,S3-550901486,India,S3,2,0.7429,0.9999
S1-153254448,S3-131722903,US,S3,1,1.0000,1.0000
S1-153254448,S2-812365326,US,S2,2,1.0000,0.9998
S1-153254448,S2-358972801,US,S2,3,1.0000,0.9998
S1-153254448,S2-9741216,US,S2,6,0.6762,0.9955
S1-153254448,S3-99371567,US,S3,7,0.5591,0.9747
S1-153302773,S3-330564070,US,S3,1,1.0000,0.9997
S1-153302773,S2-714921598,US,S2,2,0.7905,0.9978
S1-15345300,S3-727455910,India,S3,1,1.0000,1.0000
S1-15345300,S3-451681633,India,S3,2,1.0000,0.9997
S1-15345300,S2-464868578,India,S2,3,1.0000,1.0000
S1-15345300,S2-919589195,India,S2,4,0.8243,0.9999
S1-15345300,S3-295891294,India,S3,5,0.8032,0.9990
S1-153461077,S2-724134543,India,S2,1,1.0000,0.9983
S1-153461077,S3-223546624,India,S3,2,0.7803,0.9999
S1-153461077,S3-527289310,India,S3,951,0.4896,0.9896
S1-153487502,S2-509129071,US,S2,1,0.9000,0.9946
S1-153487502,S3-407350280,US,S3,2,0.7667,0.3718
S1-153487502,S2-296268616,US,S2,3,0.6451,0.9633
S1-153487502,S2-724072798,US,S2,4,0.5491,0.9204
S1-153495462,S2-978112839,US,S2,1,1.0000,1.0000
S1-153528907,S3-284340772,India,S3,1,1.0000,0.9979
S1-153528907,S2-688892983,India,S2,2,1.0000,1.0000
S1-153528907,S2-458125472,India,S2,3,1.0000,1.0000
S1-153528907,S3-461260795,India,S3,4,0.8500,0.9995
S1-153528907,S3-691491904,India,S3,6,0.8083,0.9974
S1-153528907,S3-798521185,India,S3,34,0.6061,0.9934
S1-153563263,S3-462393406,US,S3,1,1.0000,0.9992
S1-153563263,S3-335053256,US,S3,2,1.0000,0.9998
S1-153563263,S3-138052635,US,S3,3,1.0000,0.9987
S1-153563263,S2-861905872,US,S2,4,0.9000,0.9923
S1-153591310,S2-689556491,US,S2,1,1.0000,0.9992
S1-153591310,S3-200748022,US,S3,6,0.7667,0.9928
S1-153645437,S3-83853188,India,S3,60,0.6333,0.9521
S1-15366177,S3-112111513,India,S3,1,1.0000,1.0000
S1-153697725,S2-212905991,US,S2,1,1.0000,1.0000
S1-153713384,S3-254133586,India,S3,1,1.0000,1.0000
S1-153713384,S2-797310381,India,S2,2,1.0000,0.9995
S1-153713384,S3-567183477,India,S3,3,0.8564,0.9993
S1-153713384,S2-343933653,India,S2,4,0.7667,0.9324
S1-153734373,S3-66340807,US,S3,1,1.0000,0.9998
S1-153734373,S2-866998342,US,S2,3,0.7667,0.8316
S1-153734373,S2-854875821,US,S2,4,0.7667,0.4718
S1-153734373,S2-46801335,US,S2,5,0.7667,0.5748
S1-153761731,S3-890162850,India,S3,1,1.0000,1.0000
S1-153817098,S3-824372213,India,S3,1,1.0000,1.0000
S1-153817098,S3-117428351,India,S3,2,1.0000,1.0000
S1-153817098,S2-670448514,India,S2,3,0.9500,0.9793
S1-153817098,S2-597326581,India,S2,21,0.5572,0.9023
S1-153925624,S3-705361619,US,S3,1,1.0000,0.9999
S1-153925624,S3-637490725,US,S3,2,0.8176,0.9992
S1-154024912,S3-65473565,US,S3,1,1.0000,0.9998
S1-154024912,S3-327124187,US,S3,2,1.0000,1.0000
S1-154024912,S3-107328811,US,S3,3,1.0000,0.9998
S1-154024912,S2-638703722,US,S2,4,1.0000,1.0000
S1-154024912,S2-281530958,US,S2,6,0.5591,0.9937
S1-154041429,S2-988422352,US,S2,1,1.0000,0.9997
S1-154041429,S2-938511222,US,S2,2,1.0000,0.9998
S1-154041429,S3-613785115,US,S3,3,0.8708,0.9989
S1-154083384,S3-707835713,India,S3,1,1.0000,1.0000
S1-154083384,S2-96942469,India,S2,2,1.0000,1.0000
S1-154116194,S2-774631079,US,S2,1,0.7667,0.3032
S1-154116194,S3-174557343,US,S3,2,0.6577,0.9951
S1-154131539,S3-389367567,US,S3,1,0.9000,0.9226
S1-154131539,S2-9697388,US,S2,2,0.9000,0.9964
S1-154131539,S2-124484527,US,S2,3,0.9000,0.9909
S1-154131539,S3-289464644,US,S3,4,0.8500,0.9899
S1-154131539,S3-174692911,US,S3,6,0.6747,0.9999
S1-154174412,S2-915733767,US,S2,1,1.0000,0.9998
S1-154174412,S2-40387611,US,S2,2,1.0000,0.9998
S1-154174412,S2-957094712,US,S2,3,0.8287,0.9982
S1-154174412,S3-14354072,US,S3,19,0.7667,0.3217
S1-154202118,S3-764214974,India,S3,1,1.0000,0.9989
S1-154202118,S2-315347311,India,S2,2,1.0000,1.0000
S1-154202118,S2-305087134,India,S2,9,0.7724,0.9987
S1-154202118,S3-882215770,India,S3,75,0.7619,0.9981
S1-15424877,S3-149897226,India,S3,1,1.0000,0.9983
S1-15424877,S2-915955436,India,S2,2,1.0000,0.9994
S1-15424877,S2-397739407,India,S2,3,0.8281,0.9998
S1-15424877,S3-96120071,India,S3,12,0.7576,0.9995
S1-15424877,S3-345899230,India,S3,13,0.7533,0.9999
S1-154403221,S3-791605156,US,S3,1,1.0000,1.0000
S1-154403221,S2-612248549,US,S2,2,1.0000,1.0000
S1-154403221,S2-962693230,US,S2,3,0.8619,0.9992
S1-154476972,S2-139429216,US,S2,1,1.0000,0.9998
S1-154488048,S2-296029958,US,S2,1,1.0000,1.0000
S1-154488048,S2-153524486,US,S2,2,1.0000,1.0000
S1-154488048,S3-377568636,US,S3,3,0.8667,0.9981
S1-154488048,S3-106514773,US,S3,4,0.8667,0.7328
S1-154488048,S3-947299653,US,S3,6,0.7667,0.9992
S1-154488048,S3-13270703,US,S3,24,0.7667,0.8374
S1-154488048,S3-751548882,US,S3,38,0.6591,0.9999
S1-154490837,S2-665286447,US,S2,1,0.7667,0.9982
S1-154508979,S3-147611603,US,S3,1,1.0000,1.0000
S1-154508979,S2-497951377,US,S2,2,1.0000,0.9998
S1-154508979,S2-293792517,US,S2,3,1.0000,1.0000
S1-154508979,S2-399718558,US,S2,5,0.7133,0.9992
S1-154508979,S3-689064668,US,S3,6,0.5980,0.9980
S1-154509754,S3-4339378,US,S3,3,0.7306,0.9994
S1-154532994,S3-587996311,US,S3,1,1.0000,1.0000
S1-154636864,S2-787856659,US,S2,1,0.9000,0.9972
S1-154636864,S2-638981448,US,S2,2,0.6619,0.9966
S1-15465190,S3-411565026,US,S3,1,1.0000,1.0000
S1-15465190,S2-803790219,US,S2,2,1.0000,0.9997
S1-15465190,S2-401753467,US,S2,3,1.0000,1.0000
S1-15465190,S2-134448171,US,S2,4,1.0000,0.9997
S1-15465190,S3-252101079,US,S3,5,0.8619,0.9997
S1-15465190,S3-889043136,US,S3,6,0.7450,0.9986
S1-154785220,S3-902978051,US,S3,1,0.8667,0.9956
S1-154785220,S2-830340263,US,S2,2,0.8667,0.9827
S1-154824729,S2-827754598,India,S2,1,0.8667,0.9989
S1-154824729,S2-695858867,India,S2,2,0.8667,0.9511
S1-15483718,S2-892060471,India,S2,4,1.0000,0.9996
S1-15483718,S3-955206440,India,S3,1127,0.5556,0.9281
S1-154891225,S3-463375582,India,S3,1,0.9600,1.0000
S1-154892530,S2-619827493,India,S2,1,0.8985,0.9991
S1-154930219,S2-410569891,US,S2,1,0.9000,0.9992
S1-154930219,S3-669265804,US,S3,2,0.8381,0.9997
S1-154930219,S2-989269450,US,S2,3,0.8381,0.9997
S1-154930219,S2-432861419,US,S2,4,0.8381,0.9997
S1-154930219,S3-363645997,US,S3,15,0.7071,0.9751
S1-154942398,S3-271187787,US,S3,1,1.0000,1.0000
S1-154942398,S3-695481724,US,S3,2,0.8085,0.9995
S1-154963306,S3-246450600,India,S3,74,0.6556,0.9926
S1-154963306,S3-293722175,India,S3,81,0.5638,0.9991
S1-154982281,S3-986633628,US,S3,1,1.0000,0.9991
S1-154982281,S3-40384668,US,S3,2,1.0000,0.9996
S1-154982281,S3-551267520,US,S3,4,0.6437,0.9973
S1-155068246,S3-735994126,US,S3,1,0.8667,0.9998
S1-155068246,S3-243313682,US,S3,2,0.8667,0.9993
S1-155068246,S2-237932399,US,S2,3,0.7801,0.9996
S1-155068246,S2-436429378,US,S2,111,0.7667,0.9997
S1-155068246,S2-683964888,US,S2,142,0.7163,0.9688
S1-15514877,S3-955908111,India,S3,1,1.0000,0.9961
S1-15514877,S3-784445988,India,S3,2,1.0000,1.0000
S1-15514877,S3-454837474,India,S3,3,1.0000,1.0000
S1-15514877,S3-447669690,India,S3,4,1.0000,0.9974
S1-15514877,S3-278668032,India,S3,5,1.0000,0.9790
S1-15514877,S2-921810045,India,S2,6,0.8333,0.9995
S1-15514877,S2-151185575,India,S2,7,0.7471,0.9984
S1-15525107,S3-892316589,India,S3,205,0.6095,0.9992
S1-155399798,S3-822217175,US,S3,1,1.0000,1.0000
S1-155399798,S3-272304436,US,S3,2,1.0000,1.0000
S1-155399798,S2-9657863,US,S2,3,1.0000,0.9999
S1-155399798,S2-31379102,US,S2,4,1.0000,1.0000
S1-155399798,S3-787346782,US,S3,5,0.7782,0.9985
S1-155399798,S2-972915410,US,S2,6,0.7782,0.9992
S1-155399798,S2-705472345,US,S2,9,0.7667,0.9944
S1-155399798,S3-725843264,US,S3,13,0.7548,0.9986
S1-155441107,S3-388584530,US,S3,1,1.0000,0.9999
S1-155441107,S2-135982025,US,S2,2,1.0000,0.9998
S1-155441107,S2-610107493,US,S2,3,0.8471,0.9992
S1-155592911,S2-821442350,US,S2,1,0.9000,0.9936
S1-155592911,S2-310016200,US,S2,2,0.9000,0.9998
S1-155592911,S2-224818362,US,S2,3,0.9000,0.9924
S1-155592911,S3-574043694,US,S3,4,0.8324,0.9997
S1-155597699,S3-289583364,US,S3,1,1.0000,1.0000
S1-155597699,S2-611682888,US,S2,2,1.0000,0.9999
S1-155748540,S3-930458883,US,S3,1,0.7667,0.5420
S1-155748540,S3-785404787,US,S3,2,0.7667,0.3889
S1-155748540,S2-941611671,US,S2,3,0.7667,0.6833
S1-155748540,S2-448269441,US,S2,4,0.7667,0.9971
S1-155844808,S2-935095341,US,S2,453,0.7667,0.8983
S1-155844808,S2-238005556,US,S2,742,0.7667,0.9998
S1-155897573,S3-492765319,US,S3,1,1.0000,1.0000
S1-155897573,S2-206792273,US,S2,20,0.7667,0.8970
S1-155949279,S3-365759290,India,S3,1,1.0000,0.9945
S1-155949279,S2-459912163,India,S2,12,0.6970,0.9987
S1-155999219,S2-572858420,US,S2,1,0.8236,0.9975
S1-155999219,S2-329145485,US,S2,2,0.8236,0.9977
S1-155999219,S3-670473834,US,S3,3,0.7667,0.2626
S1-156029995,S2-282789725,US,S2,1,1.0000,0.9992
S1-156029995,S2-743506048,US,S2,2,0.8085,0.9992
S1-156292714,S3-418843998,US,S3,1,0.8877,0.9998
S1-156292714,S3-471703916,US,S3,2,0.8026,0.9990
S1-156292714,S2-249117925,US,S2,10,0.7256,0.9970
S1-15658875,S3-825228170,US,S3,1,1.0000,0.9997
S1-15658875,S2-518728843,US,S2,521,0.7619,0.9976
S1-156758317,S2-916178218,US,S2,1,0.9000,0.9999
S1-156758317,S2-791634696,US,S2,2,0.9000,0.9948
S1-156758317,S3-537720749,US,S3,3,0.7398,0.9997
S1-156827070,S2-703014522,US,S2,1,0.9183,0.9996
S1-156827070,S3-156971463,US,S3,2,0.8745,0.9991
S1-157022177,S2-5040254,India,S2,1,0.9333,0.9462
S1-157022177,S3-457020324,India,S3,2,0.9000,0.9999
S1-157022177,S2-337577113,India,S2,5,0.7667,0.9214
S1-157022177,S2-260114887,India,S2,6,0.6590,0.4223
S1-15709810,S3-644144789,US,S3,1,1.0000,1.0000
S1-15709810,S3-315326861,US,S3,2,1.0000,1.0000
S1-15709810,S2-187109007,US,S2,3,1.0000,1.0000
S1-15709810,S3-786851458,US,S3,4,0.8293,0.9996
S1-157113997,S3-506837399,India,S3,1,0.7933,1.0000
S1-157113997,S3-870637500,India,S3,2,0.7667,0.8987
S1-157212937,S3-261715729,US,S3,1,1.0000,0.9998
S1-157212937,S3-169505308,US,S3,2,1.0000,1.0000
S1-157212937,S2-89539218,US,S2,3,1.0000,1.0000
S1-157213216,S2-837203076,India,S2,1,1.0000,0.9994
S1-157213216,S2-819744483,India,S2,2,1.0000,0.9966
S1-157213216,S2-183795148,India,S2,3,1.0000,1.0000
S1-157219745,S3-992066516,US,S3,1,1.0000,0.9999
S1-157219745,S2-489817322,US,S2,209,0.7407,0.9989
S1-157227902,S3-551298092,US,S3,1,1.0000,1.0000
S1-157227902,S2-321490715,US,S2,2,0.8246,0.9990
S1-157227902,S3-862530278,US,S3,3,0.7692,0.9978
S1-157227902,S3-976475658,US,S3,5,0.7667,0.9942
S1-157241101,S2-205346802,US,S2,1,0.7667,0.9851
S1-15729441,S2-174094489,India,S2,1,1.0000,0.9998
S1-15729441,S3-381467445,India,S3,2,0.9000,0.9965
S1-15729441,S2-676374622,India,S2,4,0.7667,0.7427
S1-15729441,S3-412032900,India,S3,5,0.6667,0.9294
S1-157298890,S2-509286711,US,S2,1,0.7952,0.9997
S1-157298890,S3-155274924,US,S3,2,0.7936,0.9958
S1-157312688,S3-331557099,India,S3,1,1.0000,1.0000
S1-157312688,S3-275426625,India,S3,2,1.0000,0.9999
S1-157312688,S2-894760819,India,S2,3,0.8287,0.9992
S1-157351194,S3-809844196,India,S3,1,0.8667,0.7412
S1-157351194,S2-772646027,India,S2,2,0.7667,0.6473
S1-157351194,S2-72629841,India,S2,3,0.7667,0.8205
S1-157405754,S2-728880961,US,S2,1,0.8471,0.9993
S1-157405754,S3-749956357,US,S3,2,0.6792,0.9999
S1-157498346,S2-901786428,US,S2,1,1.0000,0.9997
S1-157498346,S2-843693493,US,S2,2,0.9090,0.9995
S1-157498346,S3-969913686,US,S3,3,0.8195,0.9988
S1-157498346,S3-222062653,US,S3,4,0.8176,0.9980
S1-157498346,S3-103675568,US,S3,5,0.8121,0.9998
S1-157498346,S3-457875252,US,S3,7,0.7267,0.9981
S1-157511167,S3-441037158,India,S3,1,1.0000,0.9998
S1-157511167,S3-554402093,India,S3,4,0.7667,0.6819
S1-157511167,S2-241327805,India,S2,175,0.5437,0.9555
S1-157511167,S2-789481063,India,S2,627,0.4333,0.9490
S1-157517438,S2-141778027,India,S2,95,0.7527,0.9989
S1-157517438,S2-937785893,India,S2,140,0.6714,0.9938
S1-157517438,S3-326791759,India,S3,640,0.5714,0.9516
S1-157527677,S3-727237756,US,S3,1,1.0000,1.0000
S1-157527677,S3-28866367,US,S3,2,1.0000,0.9996
S1-157527677,S2-701367018,US,S2,4,0.7527,0.9886
S1-157660178,S2-7367236,US,S2,1,0.8424,0.9986
S1-157660178,S3-568048224,US,S3,3,0.7392,0.9978
S1-157683497,S3-154852790,India,S3,1,0.8667,0.9994
S1-157683497,S2-867227863,India,S2,2,0.8667,0.5546
S1-157696828,S2-24237378,India,S2,1,0.9000,0.8721
S1-157696828,S2-121214238,India,S2,32,0.7667,0.7469
S1-157704183,S3-251061700,US,S3,45,0.7667,0.9871
S1-157760058,S2-959992254,India,S2,1,1.0000,0.9997
S1-157760058,S2-355059342,India,S2,2,1.0000,0.9997
S1-157832752,S3-268317825,India,S3,1,1.0000,0.9999
S1-157832752,S2-219346226,India,S2,9,0.7667,0.9386
S1-157892859,S3-285649712,US,S3,1,1.0000,1.0000
S1-157912499,S2-282404578,US,S2,1,0.8667,0.9988
S1-157912499,S3-632752607,US,S3,2,0.8195,0.9998
S1-157912499,S2-673978470,US,S2,3,0.6818,0.9987
S1-157935543,S3-890657969,India,S3,1,0.9333,0.9999
S1-157935543,S3-33803309,India,S3,2,0.9333,0.9999
S1-157935543,S3-681754637,India,S3,67,0.5667,0.9066
S1-158080640,S2-908166019,US,S2,1,1.0000,1.0000
S1-158080640,S2-542689275,US,S2,2,1.0000,1.0000
S1-158080640,S3-994002729,US,S3,11,0.6231,0.9967
S1-158083398,S3-996842819,US,S3,1,1.0000,0.9994
S1-158083398,S3-807500673,US,S3,2,1.0000,0.9973
S1-158083398,S2-567494412,US,S2,3,1.0000,0.9989
S1-158083398,S3-447543996,US,S3,168,0.6833,0.9993
S1-158090796,S3-717648813,India,S3,1,0.9000,0.9998
S1-158090796,S2-618153978,India,S2,2,0.9000,0.9990
S1-158124639,S3-513297840,India,S3,1,0.7882,0.9989
S1-158124639,S2-291775222,India,S2,2,0.7143,0.9989
S1-158149165,S3-964853292,India,S3,1,0.8667,0.9684
S1-158149165,S3-878043937,India,S3,2,0.8667,0.9980
S1-158149165,S2-181094717,India,S2,3,0.8667,0.9992
S1-158170660,S3-478034868,US,S3,1,1.0000,0.9981
S1-158170660,S3-381641278,US,S3,2,1.0000,0.9997
S1-158170660,S2-762262064,US,S2,3,1.0000,0.9998
S1-158170660,S3-113467422,US,S3,26,0.6873,0.9999
S1-15830649,S2-399386603,US,S2,1,1.0000,1.0000
S1-15830649,S2-531022652,US,S2,2,0.9111,0.9994
S1-158329733,S3-920780768,India,S3,1,1.0000,1.0000
S1-158429176,S3-762497964,US,S3,1,0.9000,0.9836
S1-158429176,S2-921939016,US,S2,2,0.8667,0.9993
S1-158441270,S2-590544849,India,S2,1,0.8667,0.9995
S1-158441270,S3-753885729,India,S3,7,0.7451,0.9994
S1-158441270,S3-894121258,India,S3,26,0.6000,0.5881
S1-158441270,S2-719519172,India,S2,68,0.5235,0.7607
S1-158441270,S2-539566567,India,S2,143,0.5000,0.1424
S1-158501583,S3-683351986,US,S3,1,1.0000,0.9997
S1-158501583,S3-242873428,US,S3,2,1.0000,1.0000
S1-158501583,S2-402487343,US,S2,3,0.8480,0.9989
S1-158501583,S3-467880849,US,S3,4,0.7667,0.3951
S1-158503808,S2-918685023,India,S2,1,1.0000,0.9989
S1-158503808,S2-470600455,India,S2,2,1.0000,1.0000
S1-158503808,S3-658221000,India,S3,4,0.7407,0.9974
S1-158539092,S2-951006611,US,S2,1,1.0000,0.9994
S1-158539092,S2-782232594,US,S2,2,1.0000,0.9995
S1-158539092,S2-278856636,US,S2,499,0.7667,0.5736
S1-158593570,S3-793816589,US,S3,1,1.0000,1.0000
S1-158593570,S3-397372211,US,S3,2,1.0000,0.9998
S1-158593570,S2-413350163,US,S2,3,0.9000,0.9999
S1-158822808,S2-688423363,US,S2,1,1.0000,0.9997
S1-158822808,S2-653934902,US,S2,2,1.0000,1.0000
S1-15882385,S2-411702482,India,S2,1,0.8333,0.9987
S1-15882385,S3-464461231,India,S3,2,0.6714,0.9993
S1-158870462,S2-696614423,India,S2,1,0.8667,0.9999
S1-158870462,S2-350211561,India,S2,2,0.8667,0.9939
S1-159021850,S3-500136294,India,S3,1,0.9000,0.9103
S1-159021850,S3-388197891,India,S3,2,0.9000,0.9285
S1-159021850,S2-477787328,India,S2,3,0.8296,0.9999
S1-159021850,S3-715303396,India,S3,4,0.7801,0.9905
S1-15912375,S2-646775153,US,S2,1,1.0000,0.9998
S1-15912375,S2-481242833,US,S2,2,0.9000,0.9962
S1-15912375,S2-949862413,US,S2,3,0.6667,0.9971
S1-15912375,S3-596073721,US,S3,4,0.6437,0.9901
S1-159173540,S3-504559044,US,S3,1,1.0000,0.9994
S1-159173540,S2-847133257,US,S2,2,1.0000,1.0000
S1-159173540,S3-12383565,US,S3,3,0.8333,0.9994
S1-15918781,S3-655073817,US,S3,1,1.0000,0.9906
S1-15918781,S2-700218857,US,S2,2,1.0000,0.9996
S1-15918781,S3-400583038,US,S3,3,0.8059,0.9998
S1-15918781,S3-629474734,US,S3,4,0.7667,0.9995
S1-159201692,S2-761750634,India,S2,1,1.0000,1.0000
S1-159201692,S2-215555817,India,S2,2,1.0000,0.9999
S1-159201692,S3-311294455,India,S3,3,0.8444,0.9978
S1-159285677,S3-977450013,US,S3,1,1.0000,0.9989
S1-159285677,S2-831793066,US,S2,2,1.0000,1.0000
S1-159285677,S2-741712427,US,S2,3,1.0000,0.9998
S1-159294707,S3-975109563,India,S3,1,1.0000,1.0000
S1-159294707,S3-885603692,India,S3,2,1.0000,1.0000
S1-159294707,S2-760033796,India,S2,3,0.7833,0.9937
S1-159406628,S3-206477388,US,S3,1,1.0000,0.9996
S1-159406628,S2-621112497,US,S2,2,1.0000,0.9996
S1-159406628,S2-190191935,US,S2,3,0.7667,0.9958
S1-159426949,S3-770092210,US,S3,1,1.0000,1.0000
S1-159426949,S3-69111702,US,S3,2,0.9212,0.9985
S1-159426949,S3-566032549,US,S3,4,0.7667,0.7851
S1-159426949,S3-789167680,US,S3,7,0.7476,0.9971
S1-159467114,S2-489139705,India,S2,1,1.0000,0.9987
S1-159467114,S2-306144861,India,S2,2,1.0000,1.0000
S1-159467114,S3-493683549,India,S3,3,0.9000,0.9999
S1-159467114,S2-321774295,India,S2,4,0.7752,0.9994
S1-159631805,S3-668206046,US,S3,1,1.0000,0.9993
S1-159631805,S3-102079929,US,S3,2,1.0000,1.0000
S1-159631805,S2-779663807,US,S2,3,1.0000,0.9997
S1-159631805,S2-116350555,US,S2,4,0.8740,0.9999
S1-159634605,S3-783286625,US,S3,1,1.0000,1.0000
S1-159634605,S2-742622290,US,S2,2,1.0000,1.0000
S1-159634605,S3-924189224,US,S3,3,0.7083,0.9978
S1-159791865,S2-607524859,US,S2,1,1.0000,1.0000
S1-159791865,S2-112126618,US,S2,2,0.8564,0.9999
S1-159791865,S3-35698807,US,S3,3,0.7667,0.4222
S1-159791865,S2-990954434,US,S2,4,0.6394,0.9985
S1-159877275,S3-349880178,US,S3,1,1.0000,0.9996
S1-159877275,S3-977041783,US,S3,3,0.7333,0.8415
S1-159900943,S2-832348400,India,S2,1,0.9000,0.9997
S1-159939514,S3-807143303,India,S3,1,0.9000,0.9931
S1-160015253,S3-935164537,US,S3,1,1.0000,0.9999
S1-160015253,S3-460095533,US,S3,2,0.9167,0.9998
S1-160082742,S3-637699755,US,S3,1,1.0000,0.9996
S1-160082742,S2-748514922,US,S2,2,0.9000,0.9993
S1-160082742,S2-568381059,US,S2,10,0.5748,0.9928
S1-160121014,S2-873570185,US,S2,1,1.0000,1.0000
S1-160121014,S3-298038497,US,S3,2,0.8193,0.9999
S1-160121014,S3-220920322,US,S3,7,0.7036,0.9972
S1-160182254,S3-254422550,US,S3,1,0.7228,0.9993
S1-160182254,S3-227741723,US,S3,2,0.6048,0.9999
S1-160201037,S2-895312815,US,S2,1,1.0000,0.9999
S1-160201037,S2-15616459,US,S2,2,1.0000,0.9999
S1-160201037,S3-114960976,US,S3,3,0.6847,0.8277
S1-160298874,S2-398343436,US,S2,5,0.7667,0.9983
S1-160338798,S3-896104512,India,S3,1,0.8667,0.7285
S1-160338798,S2-944236457,India,S2,2,0.8667,0.9986
S1-160338798,S2-49416621,India,S2,3,0.8667,0.9986
S1-160338798,S2-123594426,India,S2,4,0.8667,0.6457
S1-160373599,S2-70012132,US,S2,1,0.8977,0.9997
S1-160373599,S3-526895603,US,S3,5,0.7667,0.2848
S1-160385040,S3-126205811,India,S3,1,1.0000,0.9978
S1-160386765,S2-147932393,US,S2,105,0.6527,0.9961
S1-160386765,S3-919304896,US,S3,107,0.6364,0.9990
S1-160471308,S3-242139743,India,S3,1,1.0000,0.9973
S1-160471308,S2-991309701,India,S2,2,1.0000,0.9993
S1-160471308,S2-888078564,India,S2,3,1.0000,1.0000
S1-160626495,S3-914017087,US,S3,1,1.0000,1.0000
S1-160626495,S3-355985286,US,S3,2,1.0000,1.0000
S1-160626495,S2-478335415,US,S2,3,0.9000,0.9982
S1-160626495,S3-552215971,US,S3,4,0.7595,0.9859
S1-160626495,S2-337864773,US,S2,7,0.5686,0.9942
S1-160626495,S3-778485115,US,S3,21,0.5036,0.9438
S1-160670292,S2-224430256,India,S2,1,1.0000,0.9992
S1-160670292,S3-516035523,India,S3,20,0.7667,0.9368
S1-160692593,S2-93528786,India,S2,1,1.0000,1.0000
S1-160692593,S2-661191576,India,S2,2,1.0000,1.0000
S1-16072326,S3-106276597,US,S3,1,1.0000,0.9999
S1-16072326,S2-817491321,US,S2,2,1.0000,1.0000
S1-16076929,S3-893704931,US,S3,1,0.9354,0.9993
S1-16076929,S3-547929319,US,S3,2,0.8515,0.9986
S1-16076929,S3-51273581,US,S3,3,0.8198,0.9992
S1-16076929,S2-83092421,US,S2,4,0.7987,0.9995
S1-16076929,S2-631852643,US,S2,5,0.7987,0.9998
S1-16076929,S2-599917976,US,S2,6,0.7729,0.9991
S1-160859937,S3-681786435,India,S3,1,1.0000,1.0000
S1-160859937,S2-185733215,India,S2,2,1.0000,1.0000
S1-160859937,S3-234191438,India,S3,161,0.6476,0.9929
S1-160859937,S3-408001404,India,S3,228,0.6119,0.9954
S1-160864204,S3-919463122,India,S3,1,0.9000,0.9999
S1-160864204,S3-868846568,India,S3,2,0.9000,0.9999
S1-160864204,S2-605769503,India,S2,44,0.7667,0.8033
S1-16089602,S3-680451384,India,S3,1,1.0000,1.0000
S1-16089602,S2-263662153,India,S2,50,0.7395,0.9938
S1-160930765,S3-63619818,India,S3,1,1.0000,0.9994
S1-160930765,S3-446768848,India,S3,2,1.0000,0.9996
S1-160930765,S2-89010499,India,S2,3,1.0000,0.9989
S1-160930765,S2-639331136,India,S2,4,1.0000,0.9992
S1-160964449,S3-475303538,US,S3,1,0.9333,0.9996
S1-160964449,S3-359497573,US,S3,2,0.9333,0.9979
S1-160964449,S2-504142068,US,S2,3,0.9000,0.9983
S1-161021162,S3-873129463,US,S3,1,1.0000,1.0000
S1-161021162,S2-595917559,US,S2,2,1.0000,0.9965
S1-161021162,S2-494989989,US,S2,3,1.0000,0.9965
S1-161021162,S2-812010739,US,S2,21,0.7667,0.7999
S1-161021162,S3-578763001,US,S3,32,0.7440,0.9990
S1-161089684,S2-799652563,India,S2,1,1.0000,0.9993
S1-161139999,S2-554154027,India,S2,1,1.0000,0.9958
S1-161139999,S3-19988473,India,S3,3,0.8667,0.9993
S1-161139999,S2-988367404,India,S2,4,0.7491,0.9953
S1-161139999,S3-711680250,India,S3,5,0.6400,0.8255
S1-161145673,S3-803937064,US,S3,1,1.0000,0.9999
S1-161145673,S3-59616252,US,S3,2,1.0000,0.9999
S1-161145673,S2-508617298,US,S2,3,1.0000,0.9997
S1-161145673,S3-741037210,US,S3,4,0.7944,1.0000
S1-161216038,S3-839639128,India,S3,1,1.0000,0.9990
S1-161216038,S3-569488222,India,S3,2,0.9000,0.9944
S1-161216038,S2-749430720,India,S2,26,0.7513,0.9829
S1-161420151,S3-278331484,India,S3,1,0.9000,0.9998
S1-161420151,S2-823244540,India,S2,6,0.7396,0.9975
S1-161455937,S2-970418832,US,S2,1,0.7667,0.5741
S1-161455937,S2-614255888,US,S2,2,0.7667,0.7854
S1-161455937,S3-974500774,US,S3,3,0.7061,0.9997
S1-161509840,S3-341646709,India,S3,1,1.0000,0.9990
S1-161509840,S2-608645831,India,S2,2,1.0000,0.9997
S1-161509840,S2-301460671,India,S2,3,1.0000,0.9997
S1-161509840,S2-646148948,India,S2,4,0.7667,0.9996
S1-161511607,S3-515807127,US,S3,1,0.8257,0.9996
S1-161557902,S2-930791742,India,S2,1,1.0000,0.9874
S1-161557902,S3-503122895,India,S3,3,0.8544,0.9960
S1-161634821,S3-801446948,India,S3,1,1.0000,1.0000
S1-161634821,S3-774698263,India,S3,2,1.0000,1.0000
S1-161634821,S3-711052,India,S3,3,1.0000,1.0000
S1-161634821,S2-158218027,India,S2,4,1.0000,0.9999
S1-161708141,S2-992997642,India,S2,1,1.0000,1.0000
S1-161708141,S2-270354858,India,S2,2,1.0000,0.9993
S1-161708141,S2-153816634,India,S2,3,1.0000,0.9975
S1-161708141,S2-102846183,India,S2,4,1.0000,0.9993
S1-161711931,S2-963303792,US,S2,1,1.0000,1.0000
S1-161735892,S3-332540499,US,S3,1,1.0000,0.9993
S1-161735892,S3-317517150,US,S3,2,1.0000,0.9993
S1-161735892,S2-635022059,US,S2,3,1.0000,0.9993
S1-161735892,S2-711149830,US,S2,4,0.8500,0.9978
S1-161825670,S3-767467386,US,S3,1,1.0000,1.0000
S1-161825670,S3-210280588,US,S3,2,1.0000,1.0000
S1-161825670,S2-782759549,US,S2,3,1.0000,0.9995
S1-161825670,S2-809127889,US,S2,5,0.6926,0.9997
S1-161825670,S2-544652947,US,S2,6,0.6926,0.9997
S1-161825670,S2-132149012,US,S2,7,0.6603,0.9916
S1-161976550,S3-826298894,US,S3,1,1.0000,1.0000
S1-161976550,S2-616099822,US,S2,522,0.6228,0.9907
S1-162016223,S2-61657751,US,S2,1,1.0000,0.9996
S1-162016223,S2-537831660,US,S2,229,0.5833,0.9713
S1-162050200,S3-520011578,US,S3,1,1.0000,1.0000
S1-162070507,S3-378307808,India,S3,1,1.0000,0.9984
S1-162070507,S2-783129003,India,S2,2,0.8949,0.9991
S1-162070507,S2-950354404,India,S2,3,0.7500,0.9973
S1-162070507,S2-103139170,India,S2,4,0.7500,0.9971
S1-16209512,S2-721986484,US,S2,1,1.0000,1.0000
S1-162148121,S3-138560477,US,S3,1,1.0000,0.9997
S1-162148121,S2-603157320,US,S2,72,0.6146,0.9983
S1-162182333,S2-854344276,US,S2,1,1.0000,1.0000
S1-162182333,S3-885492208,US,S3,2,0.7667,0.9875
S1-162182333,S3-501242395,US,S3,4,0.7667,0.2724
S1-162226238,S3-283434866,India,S3,1,0.7667,1.0000
S1-162226238,S2-592473841,India,S2,2,0.7000,0.9752
S1-162226238,S2-465228309,India,S2,3,0.7000,0.9970
S1-162271787,S3-775395496,US,S3,1,1.0000,1.0000
S1-162271787,S2-539362041,US,S2,3,0.9000,1.0000
S1-162320177,S3-5773786,US,S3,1,0.9000,0.9966
S1-162320177,S3-495403425,US,S3,2,0.9000,0.9999
S1-162320177,S3-401994790,US,S3,3,0.8182,0.9949
S1-162320177,S3-165349483,US,S3,4,0.7729,0.9970
S1-162320177,S2-198742372,US,S2,5,0.6396,0.9996
S1-162320177,S2-468827262,US,S2,6,0.4833,0.9605
S1-162331995,S2-27444660,US,S2,1,1.0000,0.9997
S1-162464910,S3-875197442,US,S3,1,0.6708,0.9984
S1-162515869,S2-396752857,India,S2,1,1.0000,0.9993
S1-162515869,S3-861075221,India,S3,76,0.6146,0.9889
S1-162564870,S2-654912106,US,S2,1,1.0000,0.9970
S1-162564870,S2-549479633,US,S2,2,1.0000,1.0000
S1-162564870,S2-734455813,US,S2,7,0.7667,0.9995
S1-162564870,S3-102975302,US,S3,12,0.6667,0.9980
S1-162606141,S2-67371461,India,S2,1,0.8667,0.9988
S1-162606141,S2-482118574,India,S2,2,0.8667,0.3151
S1-162606141,S2-95227721,India,S2,37,0.5481,0.9994
S1-162720201,S2-805415304,US,S2,4,0.7667,0.7185
S1-162720201,S3-808776543,US,S3,11,0.6728,0.9833
S1-162739727,S3-274951046,US,S3,1,0.8784,0.9996
S1-162739727,S2-574957537,US,S2,2,0.8619,0.9996
S1-162739727,S3-175650758,US,S3,3,0.8527,0.9990
S1-162739727,S3-629600163,US,S3,4,0.6744,0.9997
S1-162754322,S3-363306307,India,S3,1,0.8667,0.7192
S1-162754322,S3-34254384,India,S3,2,0.8667,0.7644
S1-162754322,S3-190535184,India,S3,3,0.8667,0.7192
S1-162755937,S3-616995857,India,S3,1,0.8619,0.9992
S1-162755937,S3-448337690,India,S3,2,0.8556,0.9919
S1-162821878,S3-437766658,India,S3,1,1.0000,1.0000
S1-162821878,S2-31612989,India,S2,2,1.0000,1.0000
S1-162821878,S3-122034816,India,S3,9,0.7667,0.6329
S1-162865369,S3-265142027,US,S3,1,1.0000,0.9997
S1-162865369,S2-394117385,US,S2,2,1.0000,0.9995
S1-162865369,S3-805849803,US,S3,3,0.7667,0.5275
S1-162865369,S3-345540397,US,S3,4,0.7667,0.9951
S1-162906363,S3-206663878,US,S3,1,1.0000,1.0000
S1-162906363,S2-392915013,US,S2,2,0.8724,0.9996
S1-162906363,S3-103032691,US,S3,4,0.7667,0.7948
S1-162906363,S2-146725542,US,S2,7,0.7652,0.9997
S1-162906363,S3-971123201,US,S3,8,0.7351,1.0000
S1-162918786,S3-914219806,US,S3,1,0.8273,0.9989
S1-162918786,S2-328114056,US,S2,3,0.7667,0.4739
S1-162918786,S2-276563617,US,S2,5,0.6533,0.9962
S1-162981644,S3-796546045,US,S3,1,1.0000,1.0000
S1-162981644,S2-116863630,US,S2,2,1.0000,1.0000
S1-162981644,S3-972681467,US,S3,3,0.8262,0.9992
S1-16300033,S3-347120886,US,S3,1,1.0000,0.9999
S1-16300033,S3-279381650,US,S3,2,1.0000,0.9999
S1-16300033,S2-437962627,US,S2,3,1.0000,1.0000
S1-16300033,S2-623789630,US,S2,6,0.7667,0.4739
S1-16300033,S3-749108484,US,S3,7,0.6714,0.9999
S1-16300033,S3-963705385,US,S3,8,0.6146,0.9808
S1-163029366,S3-944067488,India,S3,1,1.0000,0.9996
S1-163029366,S3-536921302,India,S3,2,0.8778,0.9994
S1-163029366,S3-759358960,India,S3,326,0.5278,0.8879
S1-16307637,S3-859924758,US,S3,1,1.0000,0.9998
S1-16307637,S3-169487733,US,S3,2,0.7667,0.9994
S1-16307637,S2-410930447,US,S2,5,0.7377,0.9997
S1-163137293,S3-624694554,India,S3,1,1.0000,0.9995
S1-163203078,S2-258647885,US,S2,1,0.8500,0.9935
S1-163203078,S3-735226289,US,S3,2,0.7667,0.9965
S1-163203078,S2-463357282,US,S2,5,0.6748,0.9951
S1-163203259,S3-8458300,US,S3,1,1.0000,0.9996
S1-163203259,S2-752499179,US,S2,2,1.0000,1.0000
S1-163203259,S3-578408478,US,S3,3,0.9183,0.9997
S1-163203259,S2-708367588,US,S2,4,0.8879,0.9985
S1-16321339,S3-775455097,US,S3,1,0.7667,0.9983
S1-16321339,S2-271099474,US,S2,4,0.7667,0.3469
S1-163233890,S2-768665168,India,S2,1,1.0000,0.9978
S1-163322739,S3-636435370,US,S3,1,1.0000,0.9997
S1-163322739,S2-596929263,US,S2,79,0.7667,0.9995
S1-163344303,S3-81214952,India,S3,2,1.0000,0.9925
S1-163344303,S3-758907731,India,S3,3,1.0000,0.9980
S1-163344303,S3-241218656,India,S3,5,1.0000,0.9983
S1-163344303,S2-56850331,India,S2,6,1.0000,0.9982
S1-163352735,S3-862814059,US,S3,1,1.0000,0.9997
S1-163352735,S2-67604364,US,S2,2,1.0000,1.0000
S1-163352735,S3-909225589,US,S3,3,0.8407,0.9996
S1-163352735,S3-510082896,US,S3,4,0.8333,0.9997
S1-16335625,S3-532129368,India,S3,4,0.6515,0.9955
S1-163391767,S2-38859493,India,S2,1,0.8019,0.9940
S1-163391767,S2-292914578,India,S2,2,0.8019,0.9940
S1-163391767,S3-615388095,India,S3,3,0.7667,0.9969
S1-163394574,S3-887354265,India,S3,1,0.9000,0.9940
S1-163394574,S3-724142901,India,S3,2,0.9000,0.9952
S1-163394574,S2-132413255,India,S2,3,0.8899,0.9997
S1-163394574,S2-62785539,India,S2,4,0.7415,0.9978
S1-163486795,S2-998611698,US,S2,1,0.8667,0.9997
S1-163486795,S2-431910947,US,S2,2,0.8500,0.9911
S1-163486795,S3-594085052,US,S3,3,0.8304,0.9999
S1-163520004,S3-808349003,US,S3,1,0.9000,0.9999
S1-163520004,S2-396431054,US,S2,2,0.7889,0.9995
S1-163520004,S2-693939648,US,S2,9,0.7667,0.9997
S1-163524759,S2-487431662,US,S2,1,0.9042,0.9997
S1-163524759,S3-955275051,US,S3,2,0.9000,0.9996
S1-163524759,S2-418731982,US,S2,3,0.8652,0.9998
S1-163524759,S2-657827504,US,S2,4,0.7111,0.9924
S1-163562369,S3-760965954,India,S3,2,0.8667,0.9866
S1-163562369,S2-51786690,India,S2,67,0.7667,0.7625
S1-163685249,S2-29046607,US,S2,1,0.9198,0.9995
S1-163685249,S2-421601556,US,S2,2,0.8826,0.9997
S1-163700102,S3-641483594,India,S3,1,1.0000,1.0000
S1-163700102,S3-6150029,India,S3,2,1.0000,0.9988
S1-163700102,S2-578385185,India,S2,3,0.8576,0.9988
S1-163700102,S3-839730549,India,S3,4,0.7333,0.9869
S1-163702931,S3-521320742,US,S3,1,1.0000,1.0000
S1-163702931,S2-799560518,US,S2,2,1.0000,1.0000
S1-163702931,S3-581580975,US,S3,3,0.7667,0.8679
S1-163702931,S2-149984696,US,S2,5,0.7667,0.5519
S1-163739317,S3-262714214,US,S3,1,1.0000,1.0000
S1-163739317,S2-117362083,US,S2,2,0.9000,0.9998
S1-163775871,S2-352297160,India,S2,1,0.9333,0.9035
S1-163775871,S3-877874415,India,S3,114,0.6417,0.9947
S1-163801258,S2-281275570,US,S2,2,0.7667,0.9993
S1-163801258,S2-174240991,US,S2,3,0.7667,0.9993
S1-163963199,S2-170110043,US,S2,1,0.8895,0.9996
S1-163963199,S3-566757757,US,S3,2,0.8212,0.9995
S1-163973564,S3-755945326,US,S3,1,1.0000,1.0000
S1-16399956,S2-452189384,India,S2,1,1.0000,0.9997
S1-16399956,S2-444836218,India,S2,2,0.9133,0.9992
S1-164017572,S3-640840210,US,S3,1,1.0000,1.0000
S1-164017572,S2-500759136,US,S2,2,0.8233,0.9995
S1-164163801,S3-913395868,US,S3,1,1.0000,1.0000
S1-164163801,S2-165623313,US,S2,2,0.8583,0.9996
S1-164166429,S3-259128101,US,S3,1,1.0000,1.0000
S1-164166429,S2-44937362,US,S2,2,1.0000,0.9997
S1-164166429,S2-429622488,US,S2,3,0.9014,0.9996
S1-164166429,S2-19606257,US,S2,4,0.7847,0.9932
S1-164179954,S3-740292042,US,S3,1,1.0000,0.9997
S1-164179954,S2-904715273,US,S2,2,0.8667,0.9817
S1-164179954,S2-798030110,US,S2,3,0.8667,0.8801
S1-164179954,S2-506315077,US,S2,4,0.8667,0.8801
S1-164254368,S3-522078066,India,S3,1,0.8667,0.4969
S1-164285976,S3-577429630,US,S3,1,1.0000,0.9995
S1-164285976,S2-731792069,US,S2,2,1.0000,1.0000
S1-164285976,S3-70556169,US,S3,3,0.7667,0.7910
S1-164285976,S2-771311698,US,S2,5,0.7667,0.7910
S1-164485499,S2-264545919,US,S2,1,1.0000,0.9998
S1-164485499,S2-189821924,US,S2,2,1.0000,1.0000
S1-164485499,S3-563093527,US,S3,3,0.7667,0.9970
S1-164672855,S2-399569896,US,S2,1,1.0000,1.0000
S1-164672855,S2-936258224,US,S2,2,0.7991,0.9993
S1-164781469,S3-198476543,India,S3,1,0.8667,0.9690
S1-164781469,S2-670390446,India,S2,2,0.8667,0.9990
S1-164781469,S2-505506427,India,S2,3,0.8667,0.9921
S1-164992939,S2-343011244,US,S2,1,1.0000,0.9998
S1-165070609,S2-464520707,US,S2,1,1.0000,0.9995
S1-165070609,S3-398946342,US,S3,3,0.6458,0.9921
S1-165216296,S2-613257267,India,S2,1,0.9000,0.9674
S1-165216296,S3-273231708,India,S3,1131,0.7250,0.9927
S1-165249495,S3-617781741,India,S3,1,1.0000,0.9950
S1-165249495,S3-378719313,India,S3,2,1.0000,0.9993
S1-165249495,S2-248417211,India,S2,3,1.0000,0.9996
S1-165249495,S2-31391903,India,S2,4,0.8500,0.9987
S1-165249495,S2-350155662,India,S2,5,0.8083,0.9949
S1-165249495,S3-672078893,India,S3,10,0.7061,0.9999
S1-165260901,S3-602001825,US,S3,1,0.9205,0.9934
S1-165260901,S2-212997386,US,S2,2,0.8544,0.9990
S1-165291655,S2-560795860,India,S2,1,1.0000,1.0000
S1-165291655,S2-178179448,India,S2,2,1.0000,0.9990
S1-165291655,S2-724969373,India,S2,3,0.9014,0.9983
S1-165291655,S3-146031511,India,S3,5,0.7847,0.9848
S1-165337752,S2-322876827,US,S2,1,0.8500,0.9977
S1-165337752,S3-981493898,US,S3,2,0.8048,0.9997
S1-165337752,S3-185434496,US,S3,3,0.7667,0.2506
S1-165337752,S3-156499757,US,S3,5,0.7667,0.9959
S1-165362462,S3-214548354,US,S3,1,1.0000,1.0000
S1-165362462,S2-752999161,US,S2,2,0.9000,0.9999
S1-165362462,S2-119709338,US,S2,3,0.9000,1.0000
S1-165462143,S3-257049106,India,S3,2,1.0000,0.9985
S1-165462143,S2-707942812,India,S2,3,1.0000,0.9996
S1-165462143,S3-582594972,India,S3,166,0.7548,0.9920
S1-165472170,S2-899413389,India,S2,1,1.0000,1.0000
S1-165472170,S3-148754043,India,S3,3,0.8396,0.9984
S1-165557197,S2-723541865,US,S2,1,1.0000,0.9996
S1-165557197,S2-643403999,US,S2,2,1.0000,1.0000
S1-165557197,S2-489383169,US,S2,3,1.0000,0.9996
S1-165557197,S2-484856289,US,S2,19,0.7667,0.9529
S1-165559597,S3-780658579,India,S3,26,0.7381,0.9888
S1-165559597,S2-572695820,India,S2,83,0.6514,0.9982
S1-165594795,S2-545930700,US,S2,1,1.0000,0.9998
S1-165594795,S2-600676961,US,S2,2,0.8879,0.9998
S1-165594795,S2-358719151,US,S2,4,0.7818,0.9994
S1-165612158,S2-24067678,US,S2,1,0.7667,0.9926
S1-1656198,S3-767776061,India,S3,1,1.0000,0.9999
S1-1656198,S3-390759078,India,S3,2,0.7667,0.9823
S1-165631775,S2-31271517,US,S2,1,1.0000,1.0000
S1-165631775,S3-18535330,US,S3,2,0.8262,0.9988
S1-165631775,S2-723553037,US,S2,3,0.8262,0.9991
S1-165649600,S3-837698158,US,S3,1,1.0000,0.9996
S1-165649600,S2-657460631,US,S2,58,0.7667,0.9378
S1-165649600,S3-415859623,US,S3,74,0.7026,0.9998
S1-165649600,S2-8211251,US,S2,76,0.6333,0.9984
S1-165669504,S2-935320668,US,S2,1,1.0000,1.0000
S1-165669504,S3-30003793,US,S3,17,0.7667,0.9934
S1-165724718,S3-846403567,India,S3,3,0.8667,0.6764
S1-165753911,S3-476345379,US,S3,1,1.0000,1.0000
S1-165753911,S2-717938617,US,S2,2,1.0000,1.0000
S1-165753911,S2-728481846,US,S2,3,0.9000,0.9962
S1-165753911,S2-58169856,US,S2,4,0.8619,0.9995
S1-165753911,S2-418821254,US,S2,5,0.7985,0.9995
S1-165758397,S3-290462590,US,S3,1,1.0000,1.0000
S1-165758397,S2-925918984,US,S2,2,0.6699,0.9893
S1-165913396,S2-70655959,India,S2,1,0.8667,0.9994
S1-165915666,S2-865638126,US,S2,1,0.9000,0.9999
S1-165915666,S2-682105163,US,S2,3,0.5923,0.9976
S1-165915666,S3-800533588,US,S3,4,0.5476,0.9443
S1-165988899,S2-233823416,US,S2,1,1.0000,1.0000
S1-165988899,S3-885330611,US,S3,2,0.7667,0.7760
S1-165988899,S2-273506811,US,S2,3,0.7667,0.9893
S1-165988899,S2-112654286,US,S2,4,0.7667,0.8996
S1-166079762,S2-921232603,US,S2,1,1.0000,1.0000
S1-166079762,S2-73984446,US,S2,2,1.0000,1.0000
S1-166079762,S2-583374411,US,S2,3,1.0000,1.0000
S1-166079762,S3-951673253,US,S3,4,0.7667,0.6185
S1-166079762,S2-234901482,US,S2,6,0.7273,0.9986
S1-166145425,S3-442101627,US,S3,1,1.0000,1.0000
S1-166145425,S3-190958868,US,S3,2,1.0000,1.0000
S1-166145425,S2-928784451,US,S2,3,1.0000,1.0000
S1-166145425,S3-363134521,US,S3,256,0.6863,0.9976
S1-166159496,S3-804178905,India,S3,1,1.0000,0.9984
S1-166159496,S2-969551528,India,S2,2,0.9500,0.9637
S1-166159496,S2-46214815,India,S2,3,0.9500,0.9999
S1-166159496,S3-275317999,India,S3,4,0.8667,0.9355
S1-166159496,S3-160930451,India,S3,5,0.8667,0.9913
S1-166230602,S2-85848857,US,S2,1,0.9000,0.9971
S1-166230602,S3-239954162,US,S3,2,0.8179,0.9977
S1-166230602,S2-707944607,US,S2,5,0.7277,0.9882
S1-166230602,S3-714292100,US,S3,6,0.6538,0.9982
S1-166265323,S2-891635264,US,S2,1,1.0000,0.9999
S1-166265323,S2-723551418,US,S2,2,1.0000,0.9999
S1-166265323,S2-855598300,US,S2,3,0.9000,1.0000
S1-166265323,S3-960318265,US,S3,4,0.8268,0.9998
S1-166287799,S2-611200687,US,S2,1,0.9000,0.9946
S1-166287799,S2-215530000,US,S2,3,0.7042,0.9981
S1-166287799,S2-408995693,US,S2,4,0.5874,0.9553
S1-166301436,S2-904081887,India,S2,1,1.0000,0.9999
S1-166301436,S2-447353927,India,S2,2,1.0000,1.0000
S1-166301436,S2-324659498,India,S2,3,1.0000,1.0000
S1-166326794,S3-410269230,US,S3,1,1.0000,1.0000
S1-166326794,S2-356852217,US,S2,2,1.0000,1.0000
S1-166326794,S3-651307496,US,S3,3,0.7923,0.9979
S1-166326794,S3-1571980,US,S3,4,0.7923,0.9971
S1-166326794,S2-489069759,US,S2,5,0.7923,0.9971
S1-166330778,S2-252281337,US,S2,1,0.8667,0.9997
S1-166330778,S3-832900981,US,S3,2,0.8243,0.9998
S1-166330778,S2-299231219,US,S2,3,0.6043,0.9668
S1-166353304,S2-588984063,India,S2,1,0.9000,0.9836
S1-166377309,S3-57617812,US,S3,1,1.0000,0.9999
S1-166377309,S2-767867154,US,S2,2,1.0000,0.9998
S1-166377309,S2-642130009,US,S2,3,1.0000,0.9998
S1-166377309,S3-268587923,US,S3,4,0.9000,0.9995
S1-166391010,S3-762341008,India,S3,1,1.0000,0.9998
S1-166391010,S2-750780772,India,S2,24,0.8246,0.9910
S1-166391010,S2-760024768,India,S2,990,0.7296,0.9936
S1-166415877,S3-854282930,US,S3,1,1.0000,0.9999
S1-166415877,S3-142282936,US,S3,2,1.0000,1.0000
S1-166415877,S2-358362963,US,S2,3,1.0000,0.9989
S1-166486726,S3-419329910,India,S3,1,1.0000,0.9961
S1-166486726,S3-407326563,India,S3,2,1.0000,0.9999
S1-166486726,S3-466250250,India,S3,4,0.9000,0.2845
S1-166486726,S2-561310186,India,S2,6,0.9000,0.9993
S1-166486726,S3-140912953,India,S3,73,0.6747,0.9987
S1-166486726,S2-858269417,India,S2,74,0.6667,0.5626
S1-166493658,S2-774282219,India,S2,1,1.0000,0.9997
S1-166493658,S2-381059486,India,S2,3,0.8042,0.9998
S1-166493658,S3-172240917,India,S3,4,0.7667,0.8736
S1-166493658,S3-290176235,India,S3,5,0.7375,0.9928
S1-166493658,S3-603238752,India,S3,6,0.7043,0.9753
S1-16650770,S3-492559072,US,S3,1,1.0000,0.9993
S1-166531501,S3-57149960,India,S3,1,0.8667,0.9714
S1-166531501,S3-451764597,India,S3,2,0.8667,0.9998
S1-166531501,S2-497687456,India,S2,285,0.5000,0.9967
S1-166679156,S2-581301272,India,S2,1,1.0000,1.0000
S1-166679156,S3-613146761,India,S3,2,0.7812,0.9998
S1-166679156,S2-222077228,India,S2,3,0.7667,0.8206
S1-166679156,S2-583178893,India,S2,4,0.7410,0.9960
S1-166693716,S3-318828764,India,S3,1,1.0000,1.0000
S1-166693716,S2-90639289,India,S2,2,0.8262,0.9975
S1-166693716,S3-418353639,India,S3,3,0.7667,0.8239
S1-166694039,S2-969549581,India,S2,1,1.0000,0.9990
S1-166694039,S3-742232679,India,S3,2,0.9500,0.9884
S1-166694039,S3-70840035,India,S3,3,0.9500,0.9906
S1-166694039,S3-278601297,India,S3,4,0.9000,0.9903
S1-166707584,S3-858047767,India,S3,1,1.0000,0.9999
S1-166707584,S2-541125853,India,S2,2,0.8758,0.9997
S1-166790134,S3-999833226,India,S3,1,1.0000,0.9999
S1-166790134,S2-886245229,India,S2,2,1.0000,1.0000
S1-166790134,S2-579040194,India,S2,3,1.0000,1.0000
S1-166790134,S3-678643993,India,S3,4,0.8156,0.9998
S1-166790134,S2-414735754,India,S2,5,0.8042,0.9996
S1-166798492,S3-910206678,US,S3,1,1.0000,1.0000
S1-166798492,S3-219765739,US,S3,3,0.8057,0.9997
S1-166798492,S2-286232563,US,S2,4,0.7985,0.9995
S1-166798492,S3-447594109,US,S3,5,0.7500,0.9999
S1-166798492,S3-446872454,US,S3,6,0.6690,0.9975
S1-16688271,S3-351345169,US,S3,1,1.0000,0.9996
S1-16688271,S2-496620021,US,S2,2,1.0000,1.0000
S1-16688271,S2-346588087,US,S2,3,0.8544,0.9940
S1-166889265,S3-836559757,India,S3,1,1.0000,1.0000
S1-166889265,S2-534858726,India,S2,2,0.9600,0.9961
S1-166889265,S2-154123598,India,S2,3,0.9600,0.9959
S1-166889265,S2-20761315,India,S2,8,0.7505,0.9947
S1-166889265,S3-51254306,India,S3,9,0.7451,0.9985
S1-166898844,S3-10398304,India,S3,1,1.0000,0.9962
S1-166908272,S3-854115911,India,S3,1,1.0000,0.9990
S1-166908272,S3-324976716,India,S3,2,0.9600,0.9992
S1-166908272,S2-582625126,India,S2,3,0.9600,0.9698
S1-166908272,S2-390627303,India,S2,4,0.9600,0.9960
S1-166908272,S3-96148668,India,S3,5,0.7667,0.6665
S1-166908272,S3-185920622,India,S3,6,0.7667,0.6665
S1-166908272,S2-474289833,India,S2,225,0.5704,0.9946
S1-166955065,S3-244973086,US,S3,1,1.0000,1.0000
S1-166955065,S3-790319072,US,S3,2,0.8000,0.9990
S1-166955065,S3-137580928,US,S3,3,0.7733,0.9999
S1-166955065,S2-886496693,US,S2,5,0.7667,0.9993
S1-167040790,S3-244483203,US,S3,1,1.0000,1.0000
S1-167040790,S2-752234071,US,S2,2,0.9232,0.9995
S1-167040790,S3-65119487,US,S3,3,0.8480,0.9990
S1-167040790,S2-371056156,US,S2,4,0.8480,0.9992
S1-167040790,S3-94483458,US,S3,6,0.6333,0.9998
S1-167069527,S3-834879909,US,S3,1,1.0000,1.0000
S1-167069527,S2-270044288,US,S2,2,1.0000,0.9993
S1-167141903,S3-55184972,US,S3,2,0.7667,0.9935
S1-167141903,S2-955718772,US,S2,5,0.7667,0.9974
S1-167141903,S2-4360287,US,S2,9,0.7667,0.9982
S1-167141903,S2-379465360,US,S2,10,0.7667,0.9874
S1-167153604,S3-171096956,US,S3,1,0.7500,0.9993
S1-167235758,S2-25883788,India,S2,1,1.0000,1.0000
S1-167235758,S3-346849433,India,S3,2,0.7667,0.9935
S1-167260164,S2-923413986,India,S2,1,0.8179,0.9997
S1-167260164,S3-54255679,India,S3,2,0.7246,0.9984
S1-167260164,S2-878647736,India,S2,22,0.5119,0.9981
S1-167313931,S3-394512876,US,S3,186,0.6583,0.9997
S1-167317568,S3-751966113,US,S3,1,1.0000,1.0000
S1-167317568,S3-499127169,US,S3,2,1.0000,1.0000
S1-167317568,S3-306207474,US,S3,6,0.7667,0.9969
S1-167317568,S2-59256963,US,S2,11,0.6061,0.9979
S1-167327696,S2-736549428,US,S2,1,1.0000,0.9998
S1-167327696,S2-539750771,US,S2,2,1.0000,0.9998
S1-167327696,S2-183523753,US,S2,3,0.7952,0.9992
S1-167347585,S2-500753722,US,S2,1,1.0000,0.9996
S1-167347585,S3-444635625,US,S3,2,0.7833,0.9985
S1-167347585,S2-704079068,US,S2,3,0.6924,0.9984
S1-167347585,S3-431455002,US,S3,4,0.6884,0.7754
S1-167353688,S2-278603583,US,S2,1,1.0000,1.0000
S1-167353688,S3-792522097,US,S3,2,0.8387,0.9991
S1-167353688,S3-462217110,US,S3,3,0.7992,0.9983
S1-167377832,S3-776293296,US,S3,1,1.0000,1.0000
S1-167412442,S3-427943989,US,S3,1,1.0000,1.0000
S1-167412442,S2-417564955,US,S2,2,0.7195,0.9954
S1-167412442,S3-675582699,US,S3,3,0.6077,0.9977
S1-167412442,S2-193497136,US,S2,4,0.5889,0.9923
S1-167474345,S3-914753588,US,S3,3,0.9000,0.9922
S1-167474345,S3-779953097,US,S3,4,0.9000,0.9967
S1-167474345,S3-418862232,US,S3,2762,0.6500,0.9052
S1-167494791,S3-705298277,US,S3,1,1.0000,0.9997
S1-167494791,S3-474904768,US,S3,2,1.0000,0.9998
S1-167494791,S2-455524835,US,S2,3,0.8515,0.9994
S1-167494791,S3-556831918,US,S3,24,0.7167,0.9955
S1-167494791,S3-197261459,US,S3,28,0.5896,0.9998
S1-167676986,S3-896021328,India,S3,1,1.0000,0.9994
S1-167676986,S2-446881192,India,S2,2,1.0000,0.9996
S1-167676986,S3-14687721,India,S3,3,0.9014,0.9998
S1-167676986,S3-4368628,India,S3,4,0.8135,0.9979
S1-167676986,S2-506787128,India,S2,7,0.4722,0.9518
S1-167758215,S2-55903895,US,S2,1,0.7619,0.9960
S1-167799365,S3-621230632,US,S3,1,0.7667,0.9980
S1-167799365,S2-994552514,US,S2,2,0.5521,0.9842
S1-167804562,S2-322296674,India,S2,1,0.8054,0.9962
S1-167856916,S2-363947602,India,S2,1,0.8692,0.9993
S1-167863221,S3-815451184,US,S3,264,0.7333,0.9975
S1-167863221,S3-454203861,US,S3,265,0.6882,0.9947
S1-167895377,S3-144428749,India,S3,1,1.0000,1.0000
S1-167895377,S2-217005685,India,S2,2,1.0000,1.0000
S1-167981660,S2-989034471,India,S2,1,1.0000,1.0000
S1-167981660,S3-794016572,India,S3,2,0.9000,0.9998
S1-167981660,S3-663726477,India,S3,17,0.5812,0.9777
S1-167994275,S2-591081583,India,S2,1,0.9333,1.0000
S1-167994275,S2-516640491,India,S2,2,0.9333,0.9950
S1-167994275,S3-113227134,India,S3,3,0.9000,0.9660
S1-167994275,S3-166662038,India,S3,5,0.8056,0.9910
S1-16805302,S3-780012189,US,S3,1,1.0000,1.0000
S1-16805302,S3-303224773,US,S3,2,0.8067,0.9996
S1-16805302,S2-103422474,US,S2,3,0.7667,0.9996
S1-168099873,S3-647210458,US,S3,1,1.0000,1.0000
S1-168099873,S2-296707964,US,S2,2,1.0000,0.9882
S1-168099873,S2-372395917,US,S2,25,0.7667,0.9720
S1-168107452,S3-311858139,US,S3,1,1.0000,1.0000
S1-168107452,S2-634447618,US,S2,2,1.0000,0.9998
S1-168107452,S2-576515240,US,S2,3,1.0000,0.9998
S1-168107452,S2-545167025,US,S2,4,1.0000,1.0000
S1-168107452,S2-156757810,US,S2,25,0.6762,0.9978
S1-168144064,S3-957488088,India,S3,1,1.0000,0.9991
S1-168144064,S3-475869292,India,S3,2,1.0000,0.9990
S1-168144064,S2-694900602,India,S2,3,1.0000,0.9999
S1-168144064,S2-260659424,India,S2,4,0.7782,0.9996
S1-168212884,S3-981266413,US,S3,1,1.0000,1.0000
S1-168212884,S2-885020990,US,S2,2,1.0000,0.9996
S1-168212884,S2-148838656,US,S2,3,1.0000,0.9997
S1-168212884,S3-409213667,US,S3,28,0.7533,0.9971
S1-168246169,S3-808614455,India,S3,1,0.7667,0.9982
S1-168246169,S3-660864640,India,S3,3,0.7667,0.6249
S1-168335222,S2-412693283,US,S2,1,0.9000,0.9961
S1-168335222,S3-601684477,US,S3,2,0.8667,0.6072
S1-168335222,S3-19904101,US,S3,4,0.7159,0.9999
S1-168394985,S3-773854709,India,S3,935,0.7061,0.9919
S1-168436931,S3-586706724,India,S3,2,0.8667,0.9992
S1-168436931,S2-703649590,India,S2,3,0.8667,0.9998
S1-168474292,S3-427804969,US,S3,4,0.7667,0.9957
S1-168474292,S3-175576185,US,S3,6,0.7667,0.7169
S1-168474292,S2-38678941,US,S2,12,0.7667,0.9982
S1-168474292,S2-354411780,US,S2,13,0.7667,0.9982
S1-168474292,S2-156628124,US,S2,15,0.7667,0.9984
S1-168528296,S3-160894628,US,S3,2,0.7215,0.9987
S1-168575114,S2-990298136,US,S2,1,1.0000,1.0000
S1-168575114,S3-240561824,US,S3,2,0.9000,0.9999
S1-168575114,S2-361691196,US,S2,3,0.8471,0.9990
S1-168575114,S3-279488781,US,S3,6,0.7000,1.0000
S1-168575114,S3-589038487,US,S3,8,0.6396,0.9969
S1-168660478,S3-758123939,India,S3,2,0.7667,0.9908
S1-168660478,S3-313433894,India,S3,4,0.6942,0.9999
S1-168667990,S2-846514650,US,S2,1,1.0000,0.9997
S1-168667990,S3-290993673,US,S3,2,0.9000,0.9998
S1-168667990,S3-242233742,US,S3,3,0.8062,0.9999
S1-168705278,S2-101725604,US,S2,1,1.0000,1.0000
S1-168705278,S2-272029246,US,S2,2,0.8018,0.9993
S1-168705278,S3-404967942,US,S3,3,0.7667,0.9301
S1-168705278,S2-44457975,US,S2,10,0.7667,0.9900
S1-168777658,S3-933921552,US,S3,1,1.0000,1.0000
S1-168777658,S3-278047748,US,S3,2,1.0000,0.9992
S1-168777658,S2-530430615,US,S2,3,1.0000,1.0000
S1-168777658,S2-160573833,US,S2,81,0.7275,0.9997
S1-16878120,S3-922168437,US,S3,1,0.8076,0.9989
S1-168804605,S3-837557158,US,S3,1,0.9172,0.9999
S1-168804605,S2-579810478,US,S2,3,0.7667,0.9985
S1-168872679,S3-698436906,US,S3,1,1.0000,1.0000
S1-168872679,S2-809514301,US,S2,2,1.0000,1.0000
S1-168872679,S3-874364036,US,S3,3,0.8333,0.9988
S1-168872679,S2-10393141,US,S2,4,0.7758,0.9993
S1-168872679,S2-699425487,US,S2,5,0.7667,0.9987
S1-168872679,S2-807171655,US,S2,7,0.7667,0.4327
S1-168901605,S2-687914655,India,S2,1,0.9600,0.9933
S1-168901605,S2-203404537,India,S2,2,0.9600,0.9933
S1-168901605,S3-733447570,India,S3,20,0.8197,0.9993
S1-168952073,S3-922715219,US,S3,1,0.7667,0.9981
S1-168952073,S2-132198482,US,S2,2,0.7667,0.7948
S1-168957504,S3-957600780,US,S3,1,1.0000,0.9996
S1-168957504,S3-639339520,US,S3,2,1.0000,0.9998
S1-168957504,S2-621758806,US,S2,3,1.0000,1.0000
S1-169043848,S3-108893101,India,S3,1,0.8281,0.9786
S1-169043848,S3-131801395,India,S3,4,0.6882,0.9968
S1-169081154,S3-577413012,US,S3,1,1.0000,1.0000
S1-1691040,S3-348315861,India,S3,71,0.7119,0.9988
S1-169119,S3-432269119,US,S3,1,1.0000,0.9989
S1-169119,S2-333814563,US,S2,1876,0.7667,0.5420
S1-169119,S3-392880103,US,S3,2151,0.7154,0.9997
S1-169204386,S3-919054078,US,S3,1,0.9000,0.9979
S1-169204386,S2-736099850,US,S2,2,0.8156,0.9990
S1-169259685,S3-960151713,India,S3,1,0.8667,0.7152
S1-169280240,S2-225016229,India,S2,6,0.8667,0.9938
S1-169285018,S3-734084347,US,S3,1,0.7771,0.9982
S1-169285018,S2-391530894,US,S2,2,0.7771,0.9996
S1-169285018,S2-90108600,US,S2,3,0.7667,0.9664
S1-169298658,S3-839078394,US,S3,2,0.7390,0.9996
S1-169371790,S2-405030845,India,S2,1,1.0000,1.0000
S1-169371790,S2-271231204,India,S2,2,1.0000,0.9999
S1-169371790,S3-252581725,India,S3,3,0.7576,0.9994
S1-169444500,S2-62825036,India,S2,1,1.0000,0.9999
S1-169444500,S3-854544675,India,S3,4,0.8222,0.9893
S1-169503871,S3-297248508,US,S3,1,1.0000,1.0000
S1-169503871,S2-665490829,US,S2,2,1.0000,0.9995
S1-169660403,S3-334217772,US,S3,1,1.0000,0.9994
S1-169660403,S3-518899236,US,S3,2,0.9000,0.9951
S1-169660403,S2-483265314,US,S2,3,0.7262,0.9636
S1-169660403,S2-785871,US,S2,4,0.6333,0.9941
S1-169668059,S2-411325599,India,S2,1,0.8667,0.9998
S1-169668059,S3-944740698,India,S3,3,0.7544,0.9990
S1-169739451,S3-577082884,US,S3,1,1.0000,1.0000
S1-169739451,S3-159310041,US,S3,2,1.0000,1.0000
S1-169739451,S3-471421068,US,S3,3,0.8333,0.9997
S1-169739451,S2-846930756,US,S2,93,0.7667,0.9188
S1-169739451,S3-378639196,US,S3,153,0.6667,0.9987
S1-16974169,S3-94365882,US,S3,1,1.0000,1.0000
S1-16974169,S3-707756277,US,S3,2,0.8724,0.9997
S1-16974169,S2-635186659,US,S2,3,0.8667,0.9997
S1-16974169,S3-729746997,US,S3,4,0.7933,0.9997
S1-16982206,S3-544716233,India,S3,1,0.8667,0.7929
S1-170134919,S3-765207201,India,S3,1,1.0000,0.9992
S1-170134919,S2-892248386,India,S2,2,0.9333,0.9999
S1-170134919,S3-515523864,India,S3,5,0.6577,0.9967
S1-170197904,S3-472867763,India,S3,1,1.0000,0.9985
S1-170197904,S3-402942569,India,S3,2,1.0000,0.9989
S1-170197904,S2-984104441,India,S2,3,1.0000,0.9989
S1-170197904,S2-906494821,India,S2,4,1.0000,0.9991
S1-170197904,S2-536271924,India,S2,5,1.0000,0.9975
S1-170197904,S2-227959090,India,S2,7,0.6847,0.9967
S1-170243501,S3-869563694,US,S3,1,1.0000,0.9996
S1-170243501,S2-281964400,US,S2,2,0.8647,0.9997
S1-170243501,S2-481339315,US,S2,3,0.8619,0.9993
S1-170243501,S2-400206067,US,S2,5,0.7470,0.9985
S1-170246086,S2-778332363,US,S2,1,1.0000,1.0000
S1-170246086,S2-327922017,US,S2,2,1.0000,1.0000
S1-170246086,S3-453868357,US,S3,3,0.9000,0.9998
S1-170246086,S3-442144418,US,S3,4,0.7801,0.9953
S1-170246086,S2-687517270,US,S2,5,0.7778,0.9991
S1-170328048,S3-211513758,US,S3,1,1.0000,1.0000
S1-170328048,S2-546077218,US,S2,215,0.7667,0.2744
S1-170328048,S3-647119944,US,S3,289,0.6569,0.9958
S1-170338612,S3-699957356,India,S3,1,0.8692,0.9984
S1-170338612,S2-46293584,India,S2,2,0.7281,0.9958
S1-170446488,S2-289228995,US,S2,1,1.0000,0.9997
S1-170496522,S2-739452097,US,S2,1,0.9000,0.9951
S1-170496522,S3-76011400,US,S3,2,0.8042,0.9995
S1-170496522,S2-305979483,US,S2,72,0.5728,0.9962
S1-170496522,S2-53136927,US,S2,76,0.5645,0.9942
S1-170626057,S3-325413378,US,S3,1,1.0000,0.9994
S1-170626057,S3-874216562,US,S3,2,0.8083,0.9975
S1-170626057,S2-211793124,US,S2,5,0.7667,0.9981
S1-170709246,S2-555743811,India,S2,1,0.7865,0.9699
S1-17075747,S2-639505905,India,S2,1,1.0000,1.0000
S1-17075747,S2-341800888,India,S2,2,1.0000,0.9999
S1-17075747,S3-831464023,India,S3,3,0.8667,0.9989
S1-17075747,S3-396563332,India,S3,40,0.6103,0.4167
S1-170772069,S3-897934735,India,S3,1,1.0000,0.9972
S1-170772069,S3-759048817,India,S3,2,1.0000,0.9967
S1-170772069,S2-192701888,India,S2,3,0.9000,0.9609
S1-170772069,S3-791112139,India,S3,4,0.7833,0.9936
S1-17086041,S3-844696194,US,S3,1,1.0000,1.0000
S1-17086041,S3-956488289,US,S3,2,0.8212,0.9992
S1-170878039,S3-817921341,US,S3,1,1.0000,1.0000
S1-171025346,S3-814073709,India,S3,1,1.0000,0.9997
S1-171025346,S3-770679025,India,S3,2,0.7769,0.9994
S1-171057488,S3-580062001,US,S3,1,1.0000,0.9998
S1-171057488,S3-955995120,US,S3,2,0.7667,0.7924
S1-171082903,S2-385656882,US,S2,1,0.9000,1.0000
S1-171082903,S2-222025625,US,S2,3,0.7135,0.9978
S1-171082903,S3-333195564,US,S3,4,0.7018,0.9830
S1-171193624,S2-598402150,India,S2,8,0.6833,0.9725
S1-171193624,S3-155239789,India,S3,64,0.5497,0.9810
S1-171267383,S3-98976159,India,S3,1,1.0000,0.9989
S1-171267383,S3-980951274,India,S3,2,1.0000,0.9992
S1-171267383,S3-594215616,India,S3,3,1.0000,1.0000
S1-171267383,S3-505495395,India,S3,4,1.0000,0.9990
S1-171267383,S2-935197826,India,S2,6,0.8500,0.5834
S1-171267383,S2-122716512,India,S2,7,0.8500,0.9963
S1-171267383,S2-392393101,India,S2,8,0.6492,0.8888
S1-171267383,S2-959909779,India,S2,11,0.5470,0.9205
S1-17136391,S3-59171274,US,S3,1,0.8135,0.9956
S1-17136391,S2-546275281,US,S2,2,0.7667,0.3719
S1-17136391,S2-867306601,US,S2,3,0.7444,0.9901
S1-17136391,S2-794389907,US,S2,4,0.7252,0.9520
S1-17136391,S2-6254270,US,S2,5,0.5583,0.9883
S1-171422843,S3-400489668,US,S3,1,1.0000,0.9998
S1-171422843,S3-778960256,US,S3,2,0.8823,0.9996
S1-171422843,S2-620630605,US,S2,3,0.8179,0.9994
S1-171422843,S3-76480020,US,S3,4,0.8135,0.9989
S1-171422843,S3-242616088,US,S3,5,0.8135,0.9988
S1-171430897,S3-895444818,US,S3,1,0.9000,0.9999
S1-171430897,S2-927419441,US,S2,2,0.9000,0.9981
S1-171430897,S2-747910158,US,S2,3,0.9000,0.9981
S1-171430897,S2-536190354,US,S2,4,0.9000,1.0000
S1-171430897,S2-718201805,US,S2,256,0.5296,0.9943
S1-171431095,S3-56126955,US,S3,1,1.0000,1.0000
S1-171431095,S2-728954171,US,S2,2,1.0000,1.0000
S1-171431095,S2-990006229,US,S2,3,0.9198,0.9999
S1-171502857,S3-29096140,US,S3,1,1.0000,0.9996
S1-171502857,S3-271850833,US,S3,2,1.0000,0.9996
S1-171502857,S2-352750362,US,S2,3,1.0000,0.9976
S1-171502857,S3-540103587,US,S3,7,0.6706,0.9997
S1-171502857,S2-643836134,US,S2,8,0.6357,0.9954
S1-171502857,S3-586029717,US,S3,9,0.6000,0.9939
S1-171502857,S3-165099028,US,S3,10,0.5914,0.9914
S1-171503847,S3-420974665,US,S3,1,1.0000,1.0000
S1-171503847,S3-143014464,US,S3,229,0.5833,0.9950
S1-17150515,S3-608703400,US,S3,1,1.0000,1.0000
S1-17150515,S2-513194516,US,S2,2,1.0000,1.0000
S1-171603556,S3-954329823,US,S3,1,1.0000,1.0000
S1-171603556,S2-743044861,US,S2,2,0.8333,0.9997
S1-17162100,S2-438596783,US,S2,1,0.9000,0.9944
S1-17162100,S2-772287795,US,S2,4,0.7667,0.7271
S1-171634860,S2-694818765,US,S2,1,1.0000,1.0000
S1-171634860,S2-582492520,US,S2,2,1.0000,1.0000
S1-171634860,S3-172835679,US,S3,3,0.7944,0.9981
S1-171712561,S3-126695554,US,S3,1,1.0000,0.9997
S1-171712561,S2-753605072,US,S2,2,1.0000,0.9999
S1-171712561,S2-799014882,US,S2,3,0.8197,0.9981
S1-171712561,S2-531739628,US,S2,4,0.7667,0.9992
S1-171738823,S3-292517217,India,S3,2,0.7667,0.9999
S1-171756934,S3-51175298,India,S3,1,0.9000,0.9995
S1-171756934,S3-349254482,India,S3,2,0.9000,0.9998
S1-171756934,S2-200732180,India,S2,10,0.7061,0.9761
S1-17190414,S3-312431601,India,S3,1,1.0000,0.9999
S1-17190414,S3-262142047,India,S3,2,1.0000,0.9978
S1-17190414,S2-780471641,India,S2,3,1.0000,0.9974
S1-17190414,S2-519000467,India,S2,4,1.0000,0.9941
S1-17190414,S2-217925883,India,S2,21,0.6260,0.9939
S1-171912358,S2-356881739,US,S2,1,1.0000,1.0000
S1-171912358,S2-141491201,US,S2,2,1.0000,0.9998
S1-171912358,S3-615036334,US,S3,3,0.5766,0.9939
S1-171966749,S3-92885803,US,S3,1,1.0000,1.0000
S1-171966749,S2-910812960,US,S2,2,1.0000,0.9998
S1-171966749,S3-159125055,US,S3,9,0.6652,0.9982
S1-171985923,S3-768970826,India,S3,1,0.8667,0.9746
S1-171985923,S3-45898,India,S3,2,0.8667,0.9282
S1-172009065,S2-642812579,US,S2,1,1.0000,0.9996
S1-172009065,S2-20741595,US,S2,2,1.0000,0.9995
S1-17202433,S2-997280705,US,S2,1,1.0000,0.9998
S1-17202433,S3-550414970,US,S3,2,0.8333,0.9991
S1-17202433,S2-932893893,US,S2,3,0.8333,0.9996
S1-17202433,S3-709366494,US,S3,4,0.8062,0.9992
S1-17202433,S2-411271736,US,S2,6,0.7667,0.7801
S1-17202433,S2-116282757,US,S2,7,0.7049,0.9929
S1-172198910,S3-226890413,US,S3,1,1.0000,0.9996
S1-172198910,S2-824601917,US,S2,2,1.0000,1.0000
S1-172198910,S2-618972073,US,S2,3,1.0000,1.0000
S1-172264267,S2-202448960,India,S2,2,0.7143,0.9980
S1-172264267,S2-516785530,India,S2,22,0.6185,0.9925
S1-172269634,S3-640058370,US,S3,1,1.0000,1.0000
S1-172269634,S3-44493159,US,S3,2,1.0000,1.0000
S1-172269634,S2-465739357,US,S2,3,0.7232,0.9972
S1-172279879,S2-415257903,India,S2,1,1.0000,0.9998
S1-172279879,S2-279994118,India,S2,2,1.0000,1.0000
S1-172279879,S2-247953033,India,S2,3,1.0000,0.9998
S1-172279879,S3-261076098,India,S3,5,0.6576,0.9840
S1-172279879,S3-679786255,India,S3,6,0.6233,0.9494
S1-172279879,S3-386727130,India,S3,7,0.6233,0.8847
S1-172346173,S3-968067853,India,S3,1,0.8667,0.8497
S1-172346173,S3-497177997,India,S3,981,0.5500,0.3372
S1-172410570,S2-190588481,India,S2,1,1.0000,0.9984
S1-172410570,S2-162128513,India,S2,2,1.0000,0.9991
S1-172410570,S3-192629858,India,S3,4,0.7619,0.9975
S1-17244075,S3-969296260,India,S3,1,0.7667,0.9994
S1-17244075,S2-403212567,India,S2,2,0.7667,0.9999
S1-172444211,S3-63030636,US,S3,1,0.8333,0.9991
S1-172444211,S3-476348118,US,S3,2,0.8333,0.9955
S1-172444211,S2-187439171,US,S2,3,0.8333,0.9997
S1-172504062,S3-507729940,India,S3,1,1.0000,0.9987
S1-172504062,S3-175064872,India,S3,2,0.9200,0.9998
S1-172504062,S2-437540148,India,S2,4,0.6750,0.9835
S1-172546056,S3-797048413,India,S3,1,1.0000,0.9999
S1-172546056,S2-625125989,India,S2,2,1.0000,1.0000
S1-172546056,S2-117237382,India,S2,3,1.0000,0.9980
S1-172546056,S3-590294706,India,S3,4,0.7733,0.9653
S1-172546056,S2-241331906,India,S2,6,0.5556,0.9501
S1-172585031,S3-397447986,US,S3,1,1.0000,0.9998
S1-172585031,S3-272724585,US,S3,2,1.0000,0.9995
S1-172585031,S3-920604881,US,S3,3,0.8544,0.9991
S1-172638369,S3-860681028,US,S3,1,0.8667,0.9993
S1-172638369,S3-277043787,US,S3,2,0.8667,0.7237
S1-172638369,S2-375474127,US,S2,3,0.8667,0.9999
S1-172638369,S2-34286904,US,S2,4,0.8667,0.9972
S1-172652021,S3-892210577,US,S3,2,0.8059,0.9998
S1-172652021,S3-599839397,US,S3,3,0.6721,0.9944
S1-172667135,S3-58878048,US,S3,1,1.0000,0.9993
S1-172705608,S3-71010248,US,S3,5,0.7205,0.9989
S1-172771804,S2-275872899,India,S2,1,1.0000,1.0000
S1-172771804,S3-748957422,India,S3,2,0.8500,0.9974
S1-172771804,S3-548082399,India,S3,3,0.7667,0.9947
S1-172771804,S3-48501571,India,S3,4,0.7667,0.8258
S1-172771804,S2-819207381,India,S2,66,0.5426,0.9882
S1-172788117,S3-539342490,India,S3,1085,0.6275,0.9856
S1-1727961,S3-240532833,US,S3,1,0.7876,0.9977
S1-1727961,S2-717409067,US,S2,2,0.7801,0.9961
S1-17280407,S3-261122492,US,S3,1,1.0000,1.0000
S1-17280407,S2-737470222,US,S2,2,0.9000,0.9993
S1-172857778,S2-176548180,US,S2,1,0.8131,0.9997
S1-172857778,S3-208295099,US,S3,2,0.7444,0.8612
S1-172896845,S3-515032403,India,S3,1,1.0000,0.9996
S1-172896845,S2-121945662,India,S2,4,0.5333,0.9497
S1-172900925,S2-969274137,India,S2,1,1.0000,1.0000
S1-172900925,S2-780882081,India,S2,2,1.0000,0.9998
S1-172900925,S2-572936915,India,S2,3,1.0000,1.0000
S1-172900925,S3-540300926,India,S3,4,0.9000,0.9970
S1-172900925,S3-414213488,India,S3,5,0.9000,0.9998
S1-172950762,S3-156045336,US,S3,1,1.0000,1.0000
S1-172950762,S2-965252369,US,S2,2,1.0000,0.9993
S1-172950762,S2-956261388,US,S2,3,1.0000,1.0000
S1-172950762,S3-369610907,US,S3,4,0.7742,0.9998
S1-17298788,S2-367291943,US,S2,1,0.8117,0.9968
S1-17298788,S2-270461687,US,S2,2,0.8117,0.9986
S1-17298788,S3-839194534,US,S3,4,0.7496,0.9991
S1-17298788,S3-186012129,US,S3,5,0.7362,0.9987
S1-173005739,S2-599087558,India,S2,1,1.0000,0.9999
S1-173005739,S3-365759007,India,S3,2,0.7667,0.9946
S1-173012180,S2-121584978,US,S2,5,0.6667,0.9979
S1-173174213,S3-614652115,US,S3,1,0.8667,0.2570
S1-1731757,S2-315260558,US,S2,1,1.0000,0.9995
S1-173180761,S3-998521958,US,S3,1,1.0000,1.0000
S1-173180761,S2-441774903,US,S2,2,1.0000,0.9997
S1-173180761,S2-582614596,US,S2,3,0.9232,0.9995
S1-173186458,S3-869531309,US,S3,1,0.7667,0.6001
S1-173196655,S3-712457875,India,S3,9,0.6429,0.9875
S1-173201956,S2-819298969,US,S2,1,1.0000,0.9998
S1-173217260,S3-350506485,US,S3,1,1.0000,0.9996
S1-173217260,S2-156590356,US,S2,2,1.0000,0.9998
S1-173217260,S2-577381324,US,S2,5,0.7667,0.9333
S1-173266886,S2-149077421,India,S2,1,0.9500,0.9893
S1-173273301,S2-806041523,US,S2,1,0.8500,0.9998
S1-173273301,S2-839119703,US,S2,2,0.8152,0.9986
S1-173273301,S2-960884439,US,S2,3,0.7500,0.9986
S1-173273301,S3-664549843,US,S3,5,0.6000,0.9249
S1-173276483,S3-305688035,US,S3,1,1.0000,0.9999
S1-173317662,S3-24901773,US,S3,1,1.0000,0.9998
S1-173317662,S2-983593307,US,S2,2,0.6333,0.9593
S1-17332497,S3-791638026,US,S3,1,0.9014,0.9996
S1-17332497,S3-96205917,US,S3,2,0.9000,0.9975
S1-17332497,S3-880685002,US,S3,3,0.8333,0.9982
S1-17332497,S2-290404363,US,S2,4,0.8014,0.9976
S1-17332497,S3-811946698,US,S3,5,0.7771,0.9998
S1-17332497,S2-768246531,US,S2,11,0.6145,0.9920
S1-173326643,S3-683184473,US,S3,2,0.8424,0.9984
S1-173326643,S2-265619245,US,S2,3,0.6733,0.9982
S1-173331868,S2-761789563,India,S2,1,1.0000,0.9999
S1-173364305,S3-732242772,US,S3,4,0.7667,0.5748
S1-173364305,S2-871987806,US,S2,6,0.7620,0.9985
S1-173364305,S3-547875649,US,S3,7,0.7232,0.9984
S1-173364305,S3-185170195,US,S3,8,0.7232,0.9976
S1-173404148,S2-798961272,US,S2,1,1.0000,0.9997
S1-173404148,S2-353043640,US,S2,2,1.0000,1.0000
S1-173404148,S2-729167708,US,S2,3,0.8784,0.9996
S1-173408569,S3-228339307,US,S3,1,1.0000,0.9996
S1-173408569,S3-16070847,US,S3,2,1.0000,0.9996
S1-173408569,S3-433640267,US,S3,7,0.7667,0.3406
S1-173436359,S3-217418567,US,S3,1,1.0000,1.0000
S1-173436359,S2-635473377,US,S2,2,1.0000,0.9999
S1-173436359,S2-242203057,US,S2,3,1.0000,0.9999
S1-173512687,S3-893103389,India,S3,54,0.7333,0.9963
S1-173528831,S3-120972573,US,S3,1,1.0000,0.9996
S1-173528831,S3-321120608,US,S3,2,0.9000,0.9911
S1-173528831,S2-377384711,US,S2,3,0.9000,0.9982
S1-173528831,S2-49541254,US,S2,32,0.7667,0.9836
S1-173539348,S2-762976256,US,S2,1,1.0000,0.9996
S1-173539348,S2-192077816,US,S2,2,1.0000,1.0000
S1-173539348,S2-710716789,US,S2,9,0.7667,0.9958
S1-173539348,S2-349236984,US,S2,14,0.7273,0.9972
S1-173549389,S3-320641775,US,S3,1,1.0000,0.9976
S1-173549389,S3-59595440,US,S3,2,0.8379,0.9985
S1-173549389,S3-561596440,US,S3,3,0.8227,0.9962
S1-173549389,S2-206083167,US,S2,12,0.7565,0.9967
S1-173549389,S3-4163304,US,S3,13,0.6942,0.9991
S1-173555484,S2-115209959,India,S2,1,1.0000,0.9979
S1-173555484,S3-99041314,India,S3,2,0.8204,0.9984
S1-173555484,S2-526252736,India,S2,16,0.7544,0.9958
S1-173555484,S3-806833975,India,S3,18,0.5917,0.9780
S1-173578485,S3-503011365,US,S3,2,0.7667,0.3895
S1-173609651,S2-192213586,US,S2,1,0.9000,0.9981
S1-173609651,S3-53299002,US,S3,2,0.7090,0.9854
S1-173671502,S2-841414045,US,S2,1,1.0000,1.0000
S1-173708767,S2-951326445,India,S2,1,1.0000,1.0000
S1-173708767,S2-586538139,India,S2,2,1.0000,1.0000
S1-173708767,S3-787595080,India,S3,3,0.9333,0.9972
S1-173708767,S3-780003027,India,S3,18,0.7629,0.9960
S1-173786984,S3-8751340,US,S3,1,1.0000,0.9996
S1-173867828,S3-866930772,US,S3,1,0.8255,0.9991
S1-173867828,S2-975723617,US,S2,2,0.7588,0.9961
S1-173867828,S2-814175770,US,S2,3,0.7500,0.9998
S1-173867828,S2-824555932,US,S2,5,0.6795,0.9969
S1-173871261,S3-614737632,India,S3,1,1.0000,1.0000
S1-173871261,S3-289577446,India,S3,2,1.0000,0.9997
S1-173871261,S2-47345471,India,S2,3,1.0000,1.0000
S1-173871261,S3-745264873,India,S3,4,0.7714,0.9997
S1-173871261,S3-253019415,India,S3,5,0.7347,1.0000
S1-173898808,S2-249110016,US,S2,1,0.9000,0.9999
S1-173898808,S3-799483481,US,S3,2,0.8231,0.9988
S1-173898808,S3-51492558,US,S3,3,0.7667,0.6655
S1-173898808,S3-699673920,US,S3,5,0.6867,0.9963
S1-173971830,S2-472305350,India,S2,66,0.5855,0.9996
S1-173976526,S2-335210257,US,S2,1,0.7576,0.9994
S1-174007116,S2-504187164,US,S2,1,1.0000,0.9997
S1-174007116,S2-123720593,US,S2,2,1.0000,1.0000
S1-174007116,S2-923686676,US,S2,3,0.8917,0.9993
S1-174007116,S3-14772115,US,S3,4,0.8658,0.9996
S1-174007116,S2-35370907,US,S2,5,0.7667,0.5748
S1-174007116,S3-672793381,US,S3,10,0.5385,0.9968
S1-174076301,S2-938847011,US,S2,1,0.8527,0.9994
S1-174076301,S2-831218168,US,S2,2,0.8527,0.9991
S1-174076301,S2-142798355,US,S2,3,0.8527,0.9992
S1-174076301,S3-23019223,US,S3,4,0.7133,0.9998
S1-174076301,S3-14599473,US,S3,5,0.6451,0.9984
S1-17421780,S2-435480118,India,S2,1,1.0000,1.0000
S1-174248327,S3-463477247,US,S3,1,0.8862,0.9989
S1-174248327,S3-493993754,US,S3,3,0.7897,0.9991
S1-174281436,S2-240412490,US,S2,1,1.0000,0.9997
S1-174281436,S3-347711636,US,S3,2,0.9211,0.9999
S1-174281436,S3-761260483,US,S3,3,0.7667,0.9998
S1-174281436,S3-828883903,US,S3,25,0.7583,0.9647
S1-174281436,S2-752680889,US,S2,26,0.7092,0.9980
S1-174295234,S3-485266307,US,S3,1,1.0000,0.9998
S1-174295234,S2-764512427,US,S2,2,0.8500,0.9986
S1-174295234,S2-251520335,US,S2,3,0.8500,0.9989
S1-174295234,S3-599135079,US,S3,167,0.7619,0.9997
S1-174295234,S3-147198576,US,S3,168,0.7045,1.0000
S1-174308012,S2-265084009,US,S2,1,1.0000,1.0000
S1-174308012,S2-205746156,US,S2,2,1.0000,1.0000
S1-174308012,S3-652857246,US,S3,3,0.8667,0.9981
S1-174308012,S3-449387478,US,S3,5,0.8667,0.9986
S1-174308012,S3-406385419,US,S3,86,0.5458,0.9325
S1-174462667,S3-888097981,India,S3,1,1.0000,0.9967
S1-174524586,S3-655223066,India,S3,1,1.0000,0.9999
S1-174524586,S3-202338765,India,S3,2,1.0000,0.9999
S1-174524586,S2-726341250,India,S2,3,1.0000,0.9999
S1-174524586,S2-249745551,India,S2,5,0.8042,0.6509
S1-174524586,S2-955958271,India,S2,10,0.7667,0.9048
S1-174573813,S3-123002302,India,S3,1,0.8593,0.9949
S1-174618604,S2-910994123,US,S2,1,1.0000,1.0000
S1-174618604,S2-556538263,US,S2,2,1.0000,1.0000
S1-174618604,S2-263797136,US,S2,3,1.0000,1.0000
S1-174618604,S3-96889710,US,S3,4,0.7667,0.2294
S1-17466892,S3-231179146,US,S3,21,0.7667,0.9947
S1-17466892,S2-73008216,US,S2,38,0.7667,0.0947
S1-17466892,S2-566583838,US,S2,41,0.7667,0.9880
S1-17466892,S2-414459090,US,S2,49,0.7667,0.0947
S1-174682336,S2-957950938,India,S2,1,1.0000,1.0000
S1-174682336,S3-657358926,India,S3,2,0.8667,0.9997
S1-174682774,S3-458353717,US,S3,1,1.0000,1.0000
S1-174682774,S2-846477052,US,S2,3,0.7576,0.9996
S1-174682774,S3-593497464,US,S3,4,0.7396,0.9580
S1-174738186,S2-609574484,India,S2,1,0.9333,0.9999
S1-174738186,S2-653673664,India,S2,5,0.8026,0.9971
S1-174746280,S2-988638894,US,S2,1,0.8667,0.9999
S1-174746280,S3-533255664,US,S3,2,0.8333,0.9976
S1-174746280,S2-421415103,US,S2,3,0.7000,0.9600
S1-17474678,S2-977828508,US,S2,1,1.0000,0.9995
S1-17474678,S3-542029170,US,S3,2,0.8029,0.9984
S1-174772094,S2-321324999,US,S2,1,0.8991,0.9995
S1-174772094,S3-58649198,US,S3,2,0.8324,0.9996
S1-174799239,S3-215699069,India,S3,1,1.0000,0.9967
S1-174799239,S3-712148896,India,S3,1067,0.6914,0.9951
S1-174799239,S3-440736838,India,S3,1069,0.6914,0.9998
S1-174799239,S3-194429607,India,S3,1074,0.6833,0.9967
S1-174833826,S3-553618717,US,S3,1,1.0000,1.0000
S1-174841441,S3-944859557,US,S3,1,1.0000,1.0000
S1-174841441,S2-792601550,US,S2,2,1.0000,1.0000
S1-174841441,S2-742535205,US,S2,3,1.0000,1.0000
S1-174841441,S2-218186298,US,S2,4,1.0000,1.0000
S1-174920017,S3-575798617,India,S3,1,0.9198,0.9998
S1-174943548,S2-46826518,US,S2,1,0.9000,0.9994
S1-174943548,S3-427241047,US,S3,2,0.7081,0.9979
S1-174944110,S3-901133089,India,S3,1,1.0000,0.9996
S1-174944110,S3-205530119,India,S3,2,1.0000,0.9998
S1-174944110,S2-110641084,India,S2,3,1.0000,0.9996
S1-174944110,S2-302810860,India,S2,5,0.8658,0.9922
S1-174944110,S2-708078408,India,S2,62,0.6833,0.9968
S1-174944110,S2-552893218,India,S2,64,0.6833,0.9988
S1-174997887,S2-296284386,US,S2,41,0.7667,0.9988
S1-174997887,S3-657438930,US,S3,43,0.6392,0.9998
S1-175026474,S2-316983324,US,S2,1,1.0000,0.9998
S1-175026474,S3-365685678,US,S3,2,0.8527,0.9994
S1-175043151,S3-238215345,US,S3,1,0.6771,0.9956
S1-175075172,S3-837450846,India,S3,1,1.0000,0.9997
S1-175075172,S2-838880708,India,S2,6,1.0000,0.9972
S1-175079324,S3-564243447,India,S3,1,1.0000,1.0000
S1-175079324,S2-410153479,India,S2,2,1.0000,1.0000
S1-175128776,S3-874084573,India,S3,1,0.8667,0.9989
S1-175128776,S3-392937238,India,S3,2,0.8667,0.6525
S1-175128776,S3-178760073,India,S3,3,0.8667,0.7818
S1-175128776,S2-526188857,India,S2,4,0.8667,0.9777
S1-175160718,S3-825729170,India,S3,1,1.0000,0.9996
S1-175160718,S2-166555090,India,S2,2,1.0000,0.9995
S1-175160718,S3-37184184,India,S3,3,0.8544,0.9986
S1-175160718,S2-384037401,India,S2,13,0.6222,0.9916
S1-175168450,S3-746860581,US,S3,1,0.8667,0.9127
S1-175168450,S2-855849152,US,S2,2,0.7847,0.9974
S1-175168450,S2-610031891,US,S2,6,0.7284,0.9988
S1-175265393,S2-787948771,US,S2,1,0.9198,0.9998
S1-175265393,S3-306827755,US,S3,2,0.8667,0.8653
S1-175265393,S3-723026065,US,S3,3,0.7359,0.9174
S1-175265393,S2-895623240,US,S2,4,0.4208,0.2834
S1-175265393,S3-64496253,US,S3,5,0.3875,0.4208
S1-175304456,S3-734896647,US,S3,1,1.0000,1.0000
S1-175304456,S2-163327334,US,S2,2,0.7246,0.9959
S1-175314205,S3-690351077,India,S3,1,1.0000,0.9999
S1-175314205,S3-162719930,India,S3,14,0.7333,0.9911
S1-175401730,S3-468980638,US,S3,1,0.8652,0.9993
S1-175401730,S3-415989161,US,S3,2,0.7667,0.9116
S1-175401730,S3-933926970,US,S3,3,0.7544,0.9991
S1-175401730,S2-734992035,US,S2,4,0.6608,0.9867
S1-175437301,S2-139721269,US,S2,91,0.6933,0.9960
S1-175452300,S3-617772419,US,S3,15,0.7667,0.9992
S1-175452300,S3-521406269,US,S3,18,0.7667,0.9987
S1-175463374,S2-782419243,US,S2,1,0.7000,0.9980
S1-175625700,S3-994493781,US,S3,1,0.8451,0.9989
S1-175625700,S2-60553778,US,S2,2,0.8451,0.9988
S1-175625700,S3-81609457,US,S3,3,0.7267,0.9997
S1-175625700,S2-632033195,US,S2,4,0.6333,0.9993
S1-175654413,S2-330723783,India,S2,5,0.7667,0.8992
S1-17568931,S3-798210259,India,S3,1,1.0000,0.9986
S1-17568931,S2-715475746,India,S2,2,1.0000,0.9999
S1-17568931,S3-909276293,India,S3,3,0.9042,0.9995
S1-17568931,S3-896301715,India,S3,4,0.7992,0.9972
S1-175726326,S2-263736863,US,S2,1,0.9000,0.9999
S1-175726326,S2-291155889,US,S2,11,0.7667,0.2907
S1-175760861,S2-386694800,India,S2,1,1.0000,1.0000
S1-175760861,S2-168826047,India,S2,2,0.8163,0.9955
S1-175760861,S2-267187198,India,S2,3,0.7179,0.9975
S1-175785894,S3-950153207,US,S3,1,1.0000,1.0000
S1-175785894,S2-389945568,US,S2,2,1.0000,1.0000
S1-175785894,S3-302146306,US,S3,3,0.8083,0.9983
S1-175785894,S3-467048394,US,S3,4,0.7667,0.8316
S1-175785894,S3-664966336,US,S3,5,0.7458,0.9973
S1-175785894,S2-476796557,US,S2,6,0.7083,0.9981
S1-175785894,S2-812062027,US,S2,7,0.7000,0.9078
S1-175785894,S2-312361810,US,S2,8,0.6544,0.9997
S1-175791116,S3-940282493,India,S3,1,1.0000,0.9908
S1-175791116,S3-634581943,India,S3,2,1.0000,0.9964
S1-175791116,S2-181454366,India,S2,3,1.0000,0.9978
S1-175791116,S2-682567782,India,S2,4,0.8407,0.9814
S1-175791116,S3-403310577,India,S3,12,0.7667,0.2601
S1-175833536,S3-409169287,US,S3,1,1.0000,0.9972
S1-175860545,S3-482940566,India,S3,1,0.8667,0.9999
S1-175860545,S3-345221506,India,S3,2,0.8667,0.8056
S1-175949173,S3-412327563,India,S3,1,1.0000,0.9999
S1-175949173,S2-323695889,India,S2,2,1.0000,0.9999
S1-175949173,S3-804462003,India,S3,4,0.8451,0.9406
S1-175949173,S2-12619313,India,S2,5,0.7569,0.9996
S1-176007181,S2-37807909,US,S2,1,1.0000,0.9995
S1-176007181,S3-169126332,US,S3,3,0.7667,0.3054
S1-176029679,S3-720559116,India,S3,1,1.0000,1.0000
S1-176029679,S2-604570929,India,S2,2,1.0000,0.9989
S1-176059878,S3-104908598,India,S3,1,1.0000,0.9985
S1-176059878,S2-648812211,India,S2,2,1.0000,1.0000
S1-176059878,S2-53953803,India,S2,3,1.0000,0.9994
S1-176157896,S3-169331773,US,S3,1,1.0000,1.0000
S1-176157896,S2-907162812,US,S2,2,0.8667,0.9921
S1-176157896,S2-340790836,US,S2,3,0.8667,0.9995
S1-176157896,S3-331145555,US,S3,52,0.7667,0.9978
S1-176200481,S2-501801062,US,S2,1,1.0000,0.9998
S1-176200481,S2-702918313,US,S2,2,0.9251,0.9999
S1-176200481,S2-255552774,US,S2,3,0.9167,0.9975
S1-176200481,S2-77856689,US,S2,4,0.9000,0.9994
S1-176283703,S3-964601508,US,S3,1,1.0000,1.0000
S1-176283703,S2-139082844,US,S2,2,1.0000,1.0000
S1-176283703,S3-55684962,US,S3,9,0.6792,0.9939
S1-176329170,S3-617503226,US,S3,1,1.0000,1.0000
S1-176329170,S3-595271850,US,S3,2,1.0000,1.0000
S1-176329170,S3-308445466,US,S3,3,1.0000,1.0000
S1-176329170,S2-999179910,US,S2,4,1.0000,1.0000
S1-176329170,S2-813938329,US,S2,5,0.7333,0.9552
S1-176345458,S3-582077777,US,S3,1,0.9333,0.9995
S1-176345458,S2-247790039,US,S2,3,0.7918,0.9999
S1-176345458,S2-631062912,US,S2,4,0.7667,0.5786
S1-176345458,S3-928776719,US,S3,5,0.7643,1.0000
S1-176345458,S2-335450061,US,S2,6,0.7152,0.9976
S1-176356022,S3-343651178,India,S3,74,0.7667,0.9979
S1-176393905,S2-112210158,US,S2,1,1.0000,0.9988
S1-176393905,S3-814035235,US,S3,2,0.7865,0.9794
S1-176393905,S2-688555057,US,S2,11,0.6643,0.9793
S1-176425742,S3-527748615,US,S3,2,0.7667,0.9941
S1-176425742,S3-837275067,US,S3,6,0.7471,0.9973
S1-176442819,S3-79234524,US,S3,10,0.7395,0.9975
S1-176442819,S2-840426038,US,S2,11,0.6816,0.9981
S1-176442819,S2-848815198,US,S2,12,0.6644,0.9991
S1-176442819,S2-171933885,US,S2,13,0.6644,0.9996
S1-176609228,S3-594846982,India,S3,1,0.9500,0.9820
S1-176609228,S3-296988432,India,S3,2,0.8500,0.9552
S1-176609228,S3-275267827,India,S3,21,0.5762,0.9377
S1-176646706,S3-525277923,US,S3,5,0.7667,0.9983
S1-176845802,S2-190123481,India,S2,1,0.9500,0.9858
S1-176912140,S2-492819394,India,S2,1,1.0000,1.0000
S1-176912140,S2-347302440,India,S2,38,0.6905,0.9782
S1-17700195,S2-147829438,India,S2,1,0.8667,0.9991
S1-177015221,S2-885462866,US,S2,1,1.0000,1.0000
S1-177015221,S2-11834397,US,S2,2,1.0000,0.9999
S1-177015221,S3-787787936,US,S3,3,0.8292,0.9989
S1-177015221,S2-988687203,US,S2,4,0.8292,0.9990
S1-17710079,S2-890682238,US,S2,1,1.0000,0.9994
S1-17710079,S2-717030430,US,S2,2,0.8387,0.9998
S1-17710079,S3-79945852,US,S3,3,0.7576,0.9918
S1-177148878,S2-980396156,India,S2,1,1.0000,0.9997
S1-177148878,S2-483887476,India,S2,2,1.0000,0.9982
S1-177148878,S3-851689627,India,S3,3,0.9000,0.9897
S1-177148878,S2-844009271,India,S2,4,0.7444,0.9990
S1-177148878,S3-172144961,India,S3,5,0.7083,0.8833
S1-177148878,S3-957393341,India,S3,6,0.6822,0.9687
S1-177253388,S3-499178987,US,S3,1,0.7905,0.9961
S1-177253388,S3-262695499,US,S3,172,0.7222,0.9998
S1-177268432,S2-60149085,India,S2,1,1.0000,0.9996
S1-177268432,S3-482653168,India,S3,5,0.8667,0.9953
S1-177269546,S3-146014129,US,S3,1,1.0000,0.9995
S1-177269546,S2-822856194,US,S2,2,0.9000,0.9999
S1-177288100,S3-232255822,US,S3,1,1.0000,1.0000
S1-177288100,S2-877051910,US,S2,2,1.0000,1.0000
S1-177289983,S3-311599584,India,S3,1,1.0000,1.0000
S1-177289983,S2-761394279,India,S2,2,1.0000,0.9999
S1-177289983,S2-872301032,India,S2,55,0.7333,0.9962
S1-177289983,S3-262681509,India,S3,57,0.7061,0.9989
S1-177393275,S2-525686557,India,S2,1,1.0000,1.0000
S1-177393275,S3-684966046,India,S3,30,0.6641,0.9961
S1-177482926,S2-121850884,US,S2,1,0.7667,0.9924
S1-177482926,S2-749134931,US,S2,2,0.6865,0.9988
S1-177507244,S2-42681376,US,S2,1,0.8372,0.9970
S1-17767816,S3-846102623,India,S3,1,1.0000,1.0000
S1-17767816,S3-687647237,India,S3,2,1.0000,0.9996
S1-17767816,S3-455378950,India,S3,3,1.0000,0.9998
S1-17767816,S2-184243895,India,S2,4,0.7667,0.9120
S1-177685566,S3-310100430,India,S3,1,0.7262,0.9735
S1-177685566,S3-367405354,India,S3,2,0.6942,1.0000
S1-177753050,S3-928892669,India,S3,1,1.0000,0.9997
S1-177753050,S3-750785952,India,S3,2,1.0000,0.9995
S1-177753050,S2-155484785,India,S2,3,1.0000,1.0000
S1-177753050,S3-294251113,India,S3,28,0.7190,0.9987
S1-177753050,S2-671225748,India,S2,29,0.7061,0.9993
S1-177773996,S3-532850502,India,S3,3,0.7667,0.6819
S1-177773996,S3-137013479,India,S3,9,0.7000,0.9204
S1-177773996,S2-795952510,India,S2,10,0.6795,0.9984
S1-177915272,S2-543514763,US,S2,1,1.0000,1.0000
S1-177915272,S3-193549387,US,S3,11,0.7451,0.7673
S1-177915272,S3-675702722,US,S3,12,0.7157,0.9969
S1-177915272,S3-804581327,US,S3,29,0.6061,0.9981
S1-177915306,S2-463130925,US,S2,1,1.0000,1.0000
S1-177915306,S3-9623796,US,S3,5,0.7667,0.9996
S1-177915306,S2-823446968,US,S2,136,0.6357,0.9939
S1-177996915,S2-607493741,India,S2,1,1.0000,1.0000
S1-177996915,S3-770110660,India,S3,2,0.7952,0.9998
S1-177996915,S3-373453219,India,S3,3,0.7667,0.9984
S1-178004987,S3-906301236,US,S3,2,0.6970,0.9978
S1-178056573,S3-499158973,India,S3,1,1.0000,1.0000
S1-178056573,S2-877709447,India,S2,2,0.9333,0.9745
S1-178056573,S3-813950879,India,S3,3,0.8451,0.9996
S1-17805811,S2-592111316,US,S2,1,0.8176,0.9992
S1-17805811,S2-476312632,US,S2,2,0.7833,0.9979
S1-17805811,S3-285507926,US,S3,3,0.6676,0.9768
S1-17805811,S3-909191473,US,S3,7,0.5628,0.9682
S1-17808952,S3-34029396,US,S3,1,1.0000,0.9998
S1-17808952,S2-750030371,US,S2,2,1.0000,0.9996
S1-17808952,S3-34437403,US,S3,3,0.8292,0.9987
S1-178352058,S3-350759249,India,S3,1,0.8667,0.7879
S1-178454587,S3-529127980,India,S3,1,0.7667,0.9935
S1-178454705,S3-888398977,India,S3,1,1.0000,0.9988
S1-178454705,S3-609028074,India,S3,2,1.0000,1.0000
S1-178454705,S3-473335427,India,S3,3,1.0000,0.9995
S1-178454705,S2-690932296,India,S2,4,0.9333,0.9982
S1-178454705,S2-222692447,India,S2,5,0.7273,0.9936
S1-178523583,S2-389061533,India,S2,1,1.0000,1.0000
S1-178523583,S2-374492895,India,S2,2,1.0000,0.9998
S1-178523583,S3-600614263,India,S3,3,0.6803,0.9988
S1-178541232,S2-942226831,US,S2,1,0.9000,1.0000
S1-178583543,S3-228054924,India,S3,1,0.9200,0.9959
S1-178588712,S2-654548196,US,S2,1,0.8667,0.9895
S1-178588712,S2-405265227,US,S2,2,0.7839,0.9794
S1-178588712,S3-984976553,US,S3,3,0.6296,0.9904
S1-17859105,S3-319330130,US,S3,1,1.0000,0.9989
S1-17859105,S2-750575030,US,S2,2,1.0000,0.9994
S1-17859105,S2-420704353,US,S2,3,1.0000,0.9991
S1-17859105,S2-102606616,US,S2,4,1.0000,0.9998
S1-17859105,S3-482975892,US,S3,5,0.8436,0.9993
S1-17859105,S2-46113637,US,S2,8,0.6476,0.9966
S1-178636882,S2-780568534,US,S2,1,1.0000,1.0000
S1-178636882,S2-462167293,US,S2,2,1.0000,0.9998
S1-178636882,S2-4037731,US,S2,3,1.0000,0.9997
S1-178636882,S3-820525749,US,S3,4,0.7667,0.4739
S1-178636882,S3-793879297,US,S3,5,0.7667,0.9909
S1-178636882,S3-241377257,US,S3,6,0.7667,0.4017
S1-178636882,S2-478176554,US,S2,8,0.7061,0.9998
S1-178636882,S3-339719654,US,S3,9,0.6333,0.9976
S1-178636882,S3-259227042,US,S3,10,0.6333,0.9988
S1-178658199,S3-810919939,US,S3,1,0.8801,0.9996
S1-178658199,S3-242473310,US,S3,14,0.7667,0.5974
S1-178731000,S2-715757458,India,S2,1,0.7923,0.9990
S1-178734970,S3-931763863,US,S3,1,1.0000,1.0000
S1-178734970,S3-969936524,US,S3,2,0.8083,0.9997
S1-178734970,S3-735217174,US,S3,3,0.7667,0.6447
S1-178734970,S2-4892914,US,S2,4,0.7218,0.9963
S1-178743317,S3-586386049,US,S3,1,1.0000,1.0000
S1-178743317,S2-625382442,US,S2,2,1.0000,1.0000
S1-178743317,S2-230154619,US,S2,3,1.0000,0.9992
S1-178790329,S2-199456547,India,S2,1,0.9333,0.9998
S1-178790329,S3-270332923,India,S3,541,0.7667,0.9982
S1-178790329,S3-816019042,India,S3,1008,0.6072,0.9999
S1-178887018,S3-17611290,US,S3,1,1.0000,0.9998
S1-178887018,S2-630867757,US,S2,2,1.0000,0.9998
S1-178887018,S2-931995224,US,S2,3,0.8833,0.9994
S1-178887018,S3-49184019,US,S3,4,0.7991,0.9994
S1-178887018,S2-941719045,US,S2,208,0.7450,0.9992
S1-178887018,S3-548760733,US,S3,219,0.6500,0.9987
S1-178926242,S2-810734019,US,S2,1,0.9246,0.9998
S1-178926242,S3-940841022,US,S3,2,0.8133,0.9984
S1-178926242,S3-155145780,US,S3,3,0.7667,0.7851
S1-178968563,S3-877123881,India,S3,1,1.0000,1.0000
S1-178968563,S3-673956157,India,S3,2,1.0000,1.0000
S1-178968563,S3-308453743,India,S3,3,1.0000,0.9999
S1-178968563,S2-672854815,India,S2,4,1.0000,0.9997
S1-178968563,S3-993916809,India,S3,134,0.5455,0.9711
S1-178972015,S3-993112968,India,S3,1,1.0000,0.9983
S1-178972015,S3-325848076,India,S3,2,1.0000,0.9999
S1-178991616,S2-356238037,US,S2,1,0.8667,0.6569
S1-178991616,S3-749339381,US,S3,3,0.7071,0.9985
S1-178991616,S2-299130193,US,S2,4,0.6421,0.6557
S1-179147360,S2-375173798,US,S2,1,1.0000,0.9995
S1-179147360,S2-600685539,US,S2,2,0.8619,0.9986
S1-179147360,S2-110792461,US,S2,3,0.7619,0.9904
S1-179147360,S3-533260023,US,S3,5,0.6275,0.4012
S1-179176288,S3-780491544,India,S3,1,1.0000,0.9999
S1-179176288,S2-605868700,India,S2,2,0.9211,0.9998
S1-179181459,S2-148238570,US,S2,1,0.8287,0.9996
S1-179181459,S3-355532364,US,S3,2,0.8050,0.9983
S1-179226179,S2-740524653,India,S2,1,0.9000,0.9997
S1-179226179,S2-243387113,India,S2,2,0.6333,0.9690
S1-179226179,S3-305582456,India,S3,3,0.5833,0.9924
S1-179226179,S2-988597653,India,S2,5,0.4833,0.8370
S1-179372415,S2-472377967,India,S2,1,1.0000,1.0000
S1-179372415,S2-36189361,India,S2,2,1.0000,1.0000
S1-179372415,S3-303016809,India,S3,3,0.9000,0.9920
S1-179372415,S3-120703256,India,S3,10,0.6667,0.9842
S1-179384105,S2-601446145,US,S2,1,1.0000,1.0000
S1-179384105,S3-602095644,US,S3,2,0.9000,0.9945
S1-179384105,S3-897583256,US,S3,3,0.8117,0.9948
S1-179384105,S2-477237335,US,S2,4,0.7667,0.9980
S1-179386669,S3-653759538,US,S3,1,1.0000,0.9996
S1-179386669,S2-453426190,US,S2,2,1.0000,0.9997
S1-179433865,S2-155016473,India,S2,3,0.9000,0.9589
S1-179433865,S3-957301745,India,S3,47,0.7667,0.9989
S1-179433865,S3-297499989,India,S3,529,0.7667,0.9991
S1-179446295,S3-527464071,US,S3,1,1.0000,0.9999
S1-179446295,S3-729595976,US,S3,2,0.8387,0.9997
S1-179446295,S2-469841267,US,S2,3,0.7833,0.9994
S1-17949804,S3-524206703,India,S3,1,1.0000,0.9998
S1-17949804,S2-994661884,India,S2,2,1.0000,0.9925
S1-17949804,S2-954479278,India,S2,3,1.0000,0.9925
S1-17949804,S2-957342115,India,S2,4,0.8381,0.9974
S1-17951056,S3-651711953,India,S3,2,0.8667,0.9330
S1-179531847,S2-699235268,India,S2,3,1.0000,0.9988
S1-179531847,S2-289241907,India,S2,5,1.0000,0.9988
S1-179531847,S2-282076903,India,S2,6,1.0000,0.9979
S1-17968972,S3-291729247,India,S3,323,0.5455,0.9913
S1-179834244,S3-876145088,India,S3,1,1.0000,1.0000
S1-179834244,S3-401682368,India,S3,2,0.8905,0.9991
S1-179834244,S2-750758769,India,S2,3,0.8387,0.9934
S1-179834244,S3-122819910,India,S3,4,0.7396,0.9947
S1-17983636,S3-678757049,India,S3,1,0.8135,0.9964
S1-17983636,S2-43699613,India,S2,9,0.6681,0.9989
S1-179874028,S2-995278181,US,S2,1,0.9000,0.9999
S1-179874028,S3-712075422,US,S3,2,0.8571,0.9995
S1-179874028,S3-653967624,US,S3,3,0.8195,0.9990
S1-179874028,S3-442371079,US,S3,4,0.8054,0.9900
S1-179874028,S2-608558786,US,S2,5,0.7054,0.9786
S1-179885273,S3-140222406,US,S3,1,0.7762,0.9892
S1-179885273,S2-600059423,US,S2,3,0.7667,0.9975
S1-179885273,S3-671870110,US,S3,4,0.7000,0.9844
S1-179885273,S3-356848965,US,S3,5,0.6652,0.9982
S1-179906553,S2-80039415,India,S2,69,0.7500,0.9826
S1-179906553,S3-902566241,India,S3,114,0.5965,0.9762
S1-179915665,S2-120672934,US,S2,1,1.0000,0.9992
S1-179915665,S2-823504631,US,S2,2,0.8639,0.9997
S1-179915665,S2-952342456,US,S2,3,0.7758,0.9990
S1-179915665,S3-587818434,US,S3,4,0.7667,0.3653
S1-180006011,S3-355409840,India,S3,2,0.8667,0.5423
S1-180006011,S2-944841048,India,S2,3,0.8667,0.9941
S1-180034403,S2-121612100,US,S2,1,1.0000,0.9999
S1-180034403,S2-515870415,US,S2,2,0.8949,0.9997
S1-180034403,S2-643459448,US,S2,210,0.7525,0.9999
S1-180053748,S2-579577534,US,S2,1,1.0000,1.0000
S1-180053748,S2-273250217,US,S2,2,0.8544,0.9992
S1-180053748,S3-206616086,US,S3,3,0.7667,0.5275
S1-180053748,S3-18179588,US,S3,4,0.7377,0.9983
S1-180095936,S3-859533716,US,S3,1,1.0000,0.9998
S1-180095936,S3-219964826,US,S3,2,1.0000,1.0000
S1-180095936,S2-627234402,US,S2,3,0.9000,1.0000
S1-180095936,S3-464975540,US,S3,4,0.7872,0.9999
S1-180095936,S2-679129905,US,S2,5,0.7673,0.9987
S1-1801268,S3-49205914,India,S3,1,1.0000,0.9994
S1-1801268,S3-31828738,India,S3,12,0.7407,0.9996
S1-1801268,S2-29685687,India,S2,15,0.6933,0.9982
S1-180191468,S3-781017425,US,S3,1,0.8708,0.9816
S1-180191468,S3-794769961,US,S3,3,0.7455,0.9994
S1-180274662,S2-996161606,US,S2,1,0.8952,0.9993
S1-180274662,S3-955395012,US,S3,2,0.7667,0.2761
S1-180274662,S3-211627766,US,S3,3,0.6619,0.9993
S1-180291188,S2-785705579,India,S2,1,0.9200,0.9998
S1-180312666,S3-162844487,US,S3,1,1.0000,1.0000
S1-180313570,S3-929364213,India,S3,1,1.0000,1.0000
S1-180313570,S3-481381020,India,S3,2,1.0000,0.9988
S1-180313570,S2-148038678,India,S2,3,0.8143,0.9995
S1-180361432,S3-980069039,US,S3,1,1.0000,0.9996
S1-180361432,S2-510280449,US,S2,3,0.7619,0.9992
S1-180361432,S3-120420442,US,S3,4,0.7533,0.9998
S1-180361432,S2-535110357,US,S2,6,0.7133,0.9982
S1-180397004,S3-975391328,India,S3,1,0.7872,1.0000
S1-180397004,S2-609756756,India,S2,2,0.7340,0.9950
S1-180397004,S3-572481162,India,S3,3,0.7000,0.2598
S1-180416175,S2-839181196,India,S2,1,1.0000,0.9985
S1-180416175,S2-55052614,India,S2,1908,0.7190,0.9997
S1-180500331,S3-91800834,US,S3,1,1.0000,1.0000
S1-180500331,S3-849338448,US,S3,2,1.0000,0.9999
S1-180500331,S3-732861939,US,S3,3,1.0000,1.0000
S1-180500331,S2-556580610,US,S2,4,1.0000,1.0000
S1-180500331,S2-648867014,US,S2,5,0.8424,0.9993
S1-180530232,S3-474394643,India,S3,1,1.0000,0.9977
S1-180530232,S3-669204718,India,S3,16,0.7970,0.9979
S1-180530232,S3-133793353,India,S3,17,0.7970,0.9993
S1-180643960,S3-736899261,US,S3,1,1.0000,1.0000
S1-180643960,S2-296074474,US,S2,2,1.0000,1.0000
S1-180643960,S3-322923565,US,S3,846,0.6402,0.9995
S1-180649817,S3-660689415,India,S3,1,1.0000,0.9999
S1-180649817,S2-470202446,India,S2,2,1.0000,0.9999
S1-180668440,S2-115064752,US,S2,1,1.0000,0.9992
S1-180668440,S3-596103744,US,S3,2,0.8778,0.9994
S1-180668440,S3-987592769,US,S3,9,0.7362,0.9974
S1-180715293,S3-923191534,US,S3,1,0.7952,0.9993
S1-180736457,S3-798005667,India,S3,1,1.0000,1.0000
S1-180736457,S2-484444641,India,S2,5,0.6133,0.9999
S1-180737173,S3-57260013,India,S3,1,0.8126,0.9999
S1-180878660,S3-846053825,US,S3,1,0.9231,0.9999
S1-180878660,S3-175629346,US,S3,2,0.8083,0.9981
S1-180878660,S2-58625746,US,S2,3,0.7083,0.9943
S1-180878660,S2-401659289,US,S2,4,0.5867,0.9802
S1-180956762,S2-70563551,India,S2,1,1.0000,0.9923
S1-180956762,S3-360993193,India,S3,2,0.9500,0.9983
S1-180956762,S3-162342558,India,S3,3,0.9500,1.0000
S1-180956762,S2-482548994,India,S2,4,0.9200,0.9999
S1-180956762,S2-112614659,India,S2,6,0.9200,0.9927
S1-180956762,S3-899318682,India,S3,7,0.7667,0.9993
S1-180956762,S3-998572374,India,S3,8,0.6896,0.9987
S1-180956762,S3-861882523,India,S3,9,0.6896,0.9815
S1-180998062,S3-852384932,India,S3,1,0.7895,0.9921
S1-180998062,S3-36442808,India,S3,2,0.7697,0.9683
S1-180998062,S2-314672318,India,S2,4,0.7667,0.9984
S1-181016522,S3-434732368,US,S3,1,1.0000,0.9999
S1-181016522,S3-118672405,US,S3,2,0.7667,0.8097
S1-181016522,S2-146759647,US,S2,3,0.7667,0.9674
S1-181016522,S2-145918326,US,S2,4,0.7667,0.9866
S1-181016522,S2-207913855,US,S2,5,0.7236,0.9931
S1-181016522,S2-15109416,US,S2,7,0.6071,0.9931
S1-181023287,S3-112613764,US,S3,1,0.9000,0.9999
S1-181023287,S3-841528414,US,S3,2,0.8176,0.9811
S1-181023287,S2-88052194,US,S2,3,0.7733,0.9723
S1-181023287,S3-188607388,US,S3,8,0.6467,0.9942
S1-181030671,S3-675770748,US,S3,1,1.0000,1.0000
S1-181030671,S2-652325503,US,S2,11,0.4692,0.5825
S1-181035156,S3-708162558,US,S3,1,0.8667,0.9994
S1-181035156,S2-732927784,US,S2,4,0.6133,0.9834
S1-181298806,S3-421448227,India,S3,1,1.0000,1.0000
S1-181298806,S3-337594290,India,S3,2,1.0000,1.0000
S1-181298806,S2-761505277,India,S2,3,1.0000,0.9925
S1-181553816,S3-874462373,US,S3,1,0.7778,0.9954
S1-181605380,S2-453769596,US,S2,1,1.0000,0.9998
S1-181605380,S3-479333028,US,S3,2,0.8363,0.9999
S1-181636494,S2-637329214,US,S2,1,0.8667,0.9997
S1-181636494,S3-977800297,US,S3,2,0.8228,0.9996
S1-181636494,S2-339301205,US,S2,3,0.7912,0.9589
S1-181636494,S3-759958767,US,S3,4,0.7667,0.9331
S1-181636494,S3-486900370,US,S3,5,0.7292,0.9318
S1-181648645,S3-773141794,India,S3,1,0.8667,0.5294
S1-181648645,S3-23542180,India,S3,3,0.8667,0.6143
S1-181648645,S3-202626994,India,S3,4,0.8667,0.9664
S1-181649595,S2-285026,India,S2,1,0.9000,1.0000
S1-181649595,S2-677836510,India,S2,42,0.6491,0.9467
S1-181722690,S2-51270214,US,S2,1,1.0000,0.9998
S1-181722690,S2-343330318,US,S2,2,0.8152,0.9996
S1-181722690,S2-127937271,US,S2,3,0.8111,0.9995
S1-181750890,S2-84451461,India,S2,1,1.0000,0.9995
S1-181750890,S3-881534507,India,S3,2,0.9000,0.9997
S1-181829578,S2-625243499,US,S2,1,1.0000,1.0000
S1-181829578,S3-763303060,US,S3,19,0.7333,0.9999
S1-181868108,S3-805159806,US,S3,1,1.0000,1.0000
S1-181868108,S3-218139180,US,S3,2,1.0000,1.0000
S1-181868108,S2-975029543,US,S2,3,1.0000,0.9996
S1-181868108,S2-527327702,US,S2,6,0.7060,0.9989
S1-181912148,S3-73138972,India,S3,1,0.9333,1.0000
S1-181933551,S3-667732809,US,S3,1,0.9000,0.9999
S1-181933551,S3-211142072,US,S3,2,0.9000,0.9929
S1-181933551,S3-151455432,US,S3,4,0.7667,0.9984
S1-181933551,S2-242071911,US,S2,5,0.7667,0.9995
S1-181942534,S2-34958044,US,S2,1,1.0000,0.9996
S1-181942534,S2-217517620,US,S2,2,0.8500,0.9990
S1-181942534,S3-118973345,US,S3,4,0.7667,0.5910
S1-181950771,S3-389055555,US,S3,1,0.8296,0.9982
S1-181950771,S2-196750734,US,S2,2,0.8257,0.9997
S1-181981855,S2-82781105,US,S2,1,1.0000,1.0000
S1-181981855,S3-956416571,US,S3,6,0.7464,0.9990
S1-182011231,S2-562109907,India,S2,1,0.8667,0.7648
S1-182011231,S3-340486654,India,S3,10,0.7185,0.9989
S1-182037287,S2-808751318,US,S2,1,0.9000,0.9996
S1-182037287,S3-972630195,US,S3,2,0.8667,0.9993
S1-182184217,S3-240242110,US,S3,1,1.0000,0.9997
S1-182184217,S2-454643313,US,S2,2,1.0000,0.9998
S1-182184217,S2-42883674,US,S2,3,1.0000,1.0000
S1-182184217,S3-277513315,US,S3,4,0.6833,0.9762
S1-182184217,S2-147827778,US,S2,5,0.6833,0.9953
S1-182294679,S3-252936505,India,S3,5,0.8667,0.9942
S1-182330707,S3-273950661,US,S3,1,0.9000,0.9938
S1-182330707,S2-3074085,US,S2,2,0.7778,0.9959
S1-182330707,S3-109905308,US,S3,4,0.6583,0.9987
S1-182425424,S3-819018282,India,S3,1,1.0000,1.0000
S1-182443531,S2-362175727,India,S2,4,0.8026,0.9999
S1-182472951,S2-452325790,India,S2,1,1.0000,0.9999
S1-182472951,S3-218183279,India,S3,579,0.7667,0.9992
S1-182489307,S2-651639729,US,S2,1,0.9198,0.9998
S1-182489307,S2-230781962,US,S2,2,0.8658,0.9994
S1-182489307,S3-970026585,US,S3,3,0.8381,0.9995
S1-182489307,S2-671475628,US,S2,4,0.7950,0.9997
S1-182653240,S3-946172800,India,S3,1,1.0000,1.0000
S1-182653240,S3-528780267,India,S3,2,1.0000,0.9994
S1-182679758,S3-562383714,India,S3,1,1.0000,1.0000
S1-182679758,S3-212438720,India,S3,52,0.7396,0.9931
S1-182838672,S3-519689986,US,S3,1,1.0000,1.0000
S1-182838672,S3-457498074,US,S3,2,1.0000,0.9998
S1-182838672,S3-260459726,US,S3,3,1.0000,1.0000
S1-182838672,S2-625118691,US,S2,7,0.7667,0.9998
S1-182838672,S2-488757317,US,S2,10,0.7396,0.9996
S1-183010657,S3-538191376,India,S3,1,1.0000,0.9976
S1-183010657,S3-192064799,India,S3,2,0.8037,0.9868
S1-183109134,S3-653113327,India,S3,1,0.8708,0.9997
S1-183109134,S3-407482444,India,S3,9,0.7954,0.9992
S1-183109134,S3-54768379,India,S3,64,0.7364,0.9976
S1-183307166,S2-265462202,US,S2,16,0.7667,0.3875
S1-183335086,S3-539894027,India,S3,1,1.0000,0.9949
S1-183397003,S3-431730593,US,S3,13,0.7667,0.4344
S1-183397003,S3-393450711,US,S3,34,0.6583,0.8329
S1-183417901,S3-624169995,India,S3,1,1.0000,0.9999
S1-183417901,S3-559463695,India,S3,2,1.0000,0.9944
S1-183417901,S2-749374865,India,S2,3,1.0000,0.9994
S1-183417901,S2-28202096,India,S2,4,1.0000,0.9930
S1-183417901,S2-668969150,India,S2,5,0.7667,0.6329
S1-183448499,S2-388449172,India,S2,1,0.8667,0.9988
S1-183448499,S3-652097014,India,S3,3,0.7667,0.9980
S1-183521667,S3-578989337,India,S3,25,0.7533,0.9931
S1-183521667,S2-624103834,India,S2,26,0.7296,0.9994
S1-183521667,S2-198821118,India,S2,27,0.7296,0.9997
S1-18353504,S3-575863752,US,S3,1,0.9000,1.0000
S1-18353504,S2-239925325,US,S2,1225,0.6333,0.9956
S1-183537151,S2-594073163,US,S2,1,0.9000,0.9999
S1-183537151,S3-984778522,US,S3,2,0.6889,0.9726
S1-183537151,S3-64875270,US,S3,3,0.6889,0.9843
S1-183547477,S3-922626227,US,S3,5,0.7667,0.3549
S1-183622141,S2-690439930,India,S2,1,1.0000,0.9985
S1-183622141,S3-491671796,India,S3,2,0.9000,0.8412
S1-183622252,S3-823071313,India,S3,1,0.9000,0.8277
S1-183622252,S3-498082543,India,S3,2,0.9000,0.9999
S1-183622252,S3-146922555,India,S3,3,0.9000,0.8277
S1-183622252,S2-156431192,India,S2,4,0.8527,0.9988
S1-183655339,S3-361728547,India,S3,1,1.0000,1.0000
S1-183735179,S3-452504930,US,S3,1,1.0000,1.0000
S1-183787046,S3-661500755,US,S3,1,0.9111,0.9997
S1-183787046,S3-271985158,US,S3,2,0.9000,0.9940
S1-183787046,S2-249130725,US,S2,119,0.7028,0.9424
S1-183787046,S2-555245933,US,S2,122,0.6913,0.3011
S1-183792637,S3-894499735,US,S3,1,1.0000,1.0000
S1-183792637,S2-936333091,US,S2,2,1.0000,0.9999
S1-183792637,S2-139825475,US,S2,3,0.8708,0.9988
S1-183792637,S3-33362906,US,S3,11,0.6733,0.9999
S1-183804814,S3-344407857,India,S3,1,1.0000,0.9991
S1-183804814,S2-530064713,India,S2,2,1.0000,0.9944
S1-183804814,S3-933830443,India,S3,17,0.6795,0.9984
S1-18382104,S3-22960678,India,S3,65,0.7515,0.9931
S1-18382104,S3-807946953,India,S3,66,0.6714,0.9903
S1-183940833,S2-86949929,India,S2,5,0.7667,0.9605
S1-18397690,S2-596087800,US,S2,1,1.0000,0.9999
S1-18397690,S2-154715295,US,S2,2,0.7992,0.9961
S1-184060713,S2-456444153,US,S2,1,1.0000,1.0000
S1-184060713,S2-79402674,US,S2,7,0.7083,0.9895
S1-184060713,S2-984054792,US,S2,8,0.7063,0.9985
S1-184122132,S3-134907161,India,S3,1,1.0000,0.9977
S1-184122132,S3-409272112,India,S3,2,0.9148,0.9985
S1-184122132,S3-796072743,India,S3,3,0.8513,0.9997
S1-184122132,S3-347230149,India,S3,5,0.6795,0.9991
S1-184122132,S2-767716050,India,S2,10,0.6410,0.9987
S1-184170801,S3-247070940,India,S3,40,0.8667,0.8831
S1-184170801,S2-401889744,India,S2,1118,0.6048,0.8913
S1-184196976,S3-620387194,India,S3,4,0.7917,0.9934
S1-184196976,S2-985656482,India,S2,5,0.7697,0.9315
S1-184260488,S3-781192693,India,S3,1,1.0000,0.9989
S1-184260488,S3-295703637,India,S3,2,1.0000,0.9979
S1-184276220,S3-698203358,US,S3,1,1.0000,1.0000
S1-184276220,S2-137421042,US,S2,2,1.0000,1.0000
S1-184276220,S2-15826454,US,S2,3,0.9000,1.0000
S1-184276220,S3-732015154,US,S3,5,0.8131,0.9993
S1-184276220,S3-673074808,US,S3,6,0.8083,0.9999
S1-184291269,S2-37884320,India,S2,1,0.8407,0.9997
S1-184365217,S3-322885012,India,S3,1,1.0000,0.9982
S1-184365217,S2-118783645,India,S2,3,0.8729,0.9996
S1-184365217,S3-280185276,India,S3,111,0.6909,0.9995
S1-184365217,S3-333793413,India,S3,708,0.6000,0.9922
S1-184414701,S3-298057273,India,S3,29,0.7667,0.9989
S1-184444461,S2-50926182,India,S2,1,1.0000,1.0000
S1-184444461,S2-47343553,India,S2,2,1.0000,1.0000
S1-184444461,S2-409448205,India,S2,4,0.8451,0.9576
S1-184444461,S2-767649585,India,S2,5,0.7583,0.9998
S1-184444461,S3-584832022,India,S3,6,0.7450,0.9558
S1-184463047,S3-203479895,India,S3,1,1.0000,0.8704
S1-184463047,S2-787515808,India,S2,2,1.0000,0.9999
S1-184463047,S2-910161681,India,S2,7,0.7667,0.3591
S1-184501662,S3-623038765,US,S3,1,0.8667,0.2858
S1-184501662,S2-528726521,US,S2,3,0.8667,0.9970
S1-184612234,S3-928914712,India,S3,1,0.8985,0.9991
S1-184682557,S2-874453330,US,S2,1,0.7673,0.9987
S1-184682557,S2-443397344,US,S2,4,0.7156,0.9956
S1-184693471,S2-569351031,US,S2,1,0.9000,1.0000
S1-184693471,S2-463881846,US,S2,2,0.9000,0.9954
S1-184693471,S2-608373161,US,S2,25,0.7157,0.9839
S1-184693471,S3-57293920,US,S3,26,0.7107,0.9987
S1-184701054,S2-831997731,US,S2,1,1.0000,0.9998
S1-184701054,S2-34910618,US,S2,2,1.0000,0.9998
S1-184729479,S3-776884413,US,S3,1,1.0000,0.9995
S1-184729479,S2-772682440,US,S2,2,1.0000,0.9996
S1-184729479,S2-428085500,US,S2,3,1.0000,1.0000
S1-184729479,S3-936277734,US,S3,4,0.8273,0.9988
S1-184729479,S2-806972501,US,S2,5,0.7667,0.9867
S1-184812154,S2-64640287,India,S2,1,1.0000,0.9996
S1-184812154,S2-829255484,India,S2,3,0.8195,0.9996
S1-184812154,S3-683377636,India,S3,4,0.7797,0.9904
S1-184812154,S3-937775578,India,S3,8,0.7107,0.9932
S1-184894133,S3-788414010,India,S3,6,0.8163,0.9898
S1-184894133,S3-556181753,India,S3,128,0.5654,0.9995
S1-184958902,S3-634788225,US,S3,1,1.0000,1.0000
S1-184958902,S2-562116984,US,S2,2,1.0000,0.9998
S1-184958902,S3-532797298,US,S3,3,0.8491,0.9982
S1-184958902,S3-271656618,US,S3,4,0.8064,0.9967
S1-184958902,S3-773253797,US,S3,5,0.7667,0.9798
S1-184958902,S3-974166545,US,S3,6,0.6928,0.9983
S1-184974196,S3-602637749,India,S3,1,1.0000,0.9998
S1-184974196,S2-299415243,India,S2,2,1.0000,0.9965
S1-184974196,S2-175306225,India,S2,3,1.0000,0.9965
S1-184974196,S2-84886774,India,S2,54,0.6437,0.9993
S1-185007409,S3-952420696,US,S3,1,1.0000,1.0000
S1-185007409,S3-776997861,US,S3,2,1.0000,1.0000
S1-185007409,S3-53213353,US,S3,3,1.0000,1.0000
S1-185007409,S3-414867953,US,S3,4,1.0000,1.0000
S1-185007409,S3-128498756,US,S3,5,0.7658,0.9993
S1-185007409,S3-68631888,US,S3,6,0.7075,0.9999
S1-185067961,S3-549389262,India,S3,1,1.0000,0.9994
S1-185172264,S3-266145820,India,S3,1,1.0000,1.0000
S1-185172264,S3-146336639,India,S3,2,1.0000,1.0000
S1-185172264,S2-469969658,India,S2,3,1.0000,0.9986
S1-18525937,S2-852874653,US,S2,1,1.0000,0.9993
S1-18525937,S2-613756877,US,S2,2,1.0000,1.0000
S1-18525937,S2-275355229,US,S2,3,1.0000,1.0000
S1-18525937,S3-857156607,US,S3,4,0.7692,0.9655
S1-18525937,S2-758348585,US,S2,5,0.7692,0.9993
S1-18532267,S3-572583254,US,S3,1,1.0000,1.0000
S1-18532267,S2-130504414,US,S2,2,0.8752,0.9996
S1-18532267,S3-129017770,US,S3,3,0.7857,0.9988
S1-18532267,S2-743358913,US,S2,137,0.6905,0.9972
S1-185511039,S3-896288390,US,S3,2,0.7667,0.7501
S1-185511039,S3-210171687,US,S3,11,0.7667,0.8384
S1-185512689,S2-484812687,US,S2,1,1.0000,1.0000
S1-185512689,S3-131566717,US,S3,2,0.8037,0.9990
S1-185517874,S3-481958269,India,S3,1,1.0000,0.9992
S1-185517874,S3-16546136,India,S3,2,1.0000,0.9994
S1-185517874,S2-249471542,India,S2,3,0.9000,0.9999
S1-185517874,S3-59008213,India,S3,4,0.8287,0.9951
S1-185517874,S3-285239592,India,S3,5,0.7733,0.9996
S1-185572529,S3-356028450,US,S3,1,0.8204,0.9997
S1-185572529,S3-48517544,US,S3,2,0.6000,0.9790
S1-18572380,S2-9981392,US,S2,1,0.9217,0.9999
S1-18572380,S3-677987648,US,S3,2,0.9190,0.9998
S1-18572380,S2-527908498,US,S2,4,0.5577,0.9893
S1-185738515,S2-895160682,US,S2,1,0.7476,0.9984
S1-185738515,S2-486595320,US,S2,2,0.6932,0.9989
S1-185738515,S3-174733080,US,S3,3,0.6681,0.9985
S1-185774778,S3-723002339,India,S3,1,0.8527,0.9989
S1-185905348,S3-613822008,US,S3,1,1.0000,0.9997
S1-185905348,S2-250407987,US,S2,2,1.0000,0.9997
S1-185905348,S2-420310003,US,S2,3,0.8083,0.9996
S1-185941479,S3-364138121,US,S3,1,0.7667,0.9984
S1-186065449,S3-242412607,India,S3,3,0.6190,0.9996
S1-186065449,S2-753058019,India,S2,4,0.5500,0.8108
S1-186092792,S3-751929732,US,S3,1,1.0000,0.9976
S1-186092792,S2-914691744,US,S2,2,0.9000,0.9867
S1-186092792,S2-575621423,US,S2,132,0.7667,0.9966
S1-186092792,S2-193312048,US,S2,164,0.7667,0.9904
S1-186092792,S2-11894384,US,S2,177,0.7667,0.9989
S1-186123099,S2-953623583,India,S2,2,0.8952,0.9999
S1-186123099,S2-246648900,India,S2,3,0.8952,0.9998
S1-186123099,S3-270778686,India,S3,308,0.5000,0.9632
S1-186225906,S3-539573418,US,S3,1,1.0000,1.0000
S1-186225906,S2-624022522,US,S2,2,1.0000,0.9998
S1-186225906,S2-662985675,US,S2,3,0.8262,0.9988
S1-186225906,S3-247014627,US,S3,88,0.7667,0.3384
S1-1862346,S3-882077267,US,S3,1,1.0000,0.9998
S1-186235315,S3-188738165,US,S3,1,0.9167,0.9996
S1-186235315,S2-4247685,US,S2,2,0.8418,0.9999
S1-186235315,S2-463335272,US,S2,3,0.8372,0.9996
S1-186247244,S2-830614557,US,S2,1,0.9148,0.9999
S1-186300015,S3-551348936,US,S3,1,1.0000,1.0000
S1-186300015,S3-250585066,US,S3,2,1.0000,0.9999
S1-186300015,S2-373069099,US,S2,3,1.0000,0.9998
S1-186300015,S2-529167562,US,S2,4,0.8379,0.9982
S1-186300015,S2-820474333,US,S2,5,0.7667,0.9993
S1-186303990,S2-397374056,US,S2,1,0.9000,0.9999
S1-186303990,S3-878429741,US,S3,2,0.8667,0.9990
S1-186303990,S3-370099964,US,S3,3,0.8667,0.9963
S1-186303990,S3-247149761,US,S3,4,0.8667,0.8349
S1-186303990,S2-120561756,US,S2,142,0.7667,0.9310
S1-186303990,S3-294860384,US,S3,144,0.7606,0.9992
S1-186303990,S2-716090660,US,S2,147,0.6692,0.9954
S1-186312296,S3-45894274,US,S3,5,0.6926,0.9996
S1-186312296,S2-957894,US,S2,8,0.6544,0.9975
S1-186323398,S3-595196288,US,S3,1,0.9000,0.9756
S1-186323398,S3-44510627,US,S3,2,0.9000,0.9996
S1-186323398,S2-525968953,US,S2,3,0.8667,0.9994
S1-186323398,S2-310128489,US,S2,4,0.8667,0.9998
S1-186323398,S2-683328744,US,S2,1001,0.6500,0.8321
S1-186336403,S3-734335531,US,S3,1,1.0000,0.9984
S1-186336403,S3-525327578,US,S3,2,1.0000,1.0000
S1-186336403,S2-948039371,US,S2,3,1.0000,0.9991
S1-186336403,S3-15049458,US,S3,428,0.7667,0.8975
S1-186336403,S2-323468895,US,S2,805,0.7667,0.9996
S1-186432913,S3-692534491,US,S3,1,0.7667,0.5748
S1-186432913,S2-569302170,US,S2,2,0.7667,0.9970
S1-186436924,S3-546689811,India,S3,2,0.8333,0.9996
S1-186436924,S3-675685607,India,S3,3,0.8179,0.9980
S1-186436924,S2-894918132,India,S2,4,0.8179,0.9984
S1-186436924,S2-208772319,India,S2,5,0.7748,0.9998
S1-186497518,S2-586495789,India,S2,86,0.7583,0.9947
S1-186497518,S3-982110654,India,S3,270,0.5825,0.9565
S1-186581446,S3-365765984,India,S3,1,1.0000,0.9989
S1-186581446,S3-527556077,India,S3,3,0.8724,0.9995
S1-186581446,S2-555963610,India,S2,42,0.7667,0.6329
S1-186581446,S3-32893497,India,S3,111,0.6333,0.9999
S1-186593023,S2-489526963,US,S2,1,1.0000,1.0000
S1-186593023,S2-813648589,US,S2,2,0.7795,0.9976
S1-186593023,S3-308005605,US,S3,3,0.7667,0.9902
S1-186624149,S3-787033934,India,S3,1,1.0000,0.9999
S1-186624149,S3-63826999,India,S3,2,1.0000,0.9998
S1-186624149,S3-183017960,India,S3,3,0.7667,0.8685
S1-186624149,S2-820259339,India,S2,4,0.6733,0.9959
S1-186679271,S2-538211917,US,S2,1,0.6902,0.9961
S1-186704893,S2-513700121,India,S2,1,1.0000,0.9991
S1-186704893,S2-626418962,India,S2,234,0.5624,0.9953
S1-186706040,S2-826878606,US,S2,1,1.0000,1.0000
S1-186706040,S3-295243524,US,S3,7,0.7179,0.9979
S1-186706040,S3-241805738,US,S3,8,0.7037,0.9986
S1-186737217,S3-363516595,India,S3,4,0.7667,0.7761
S1-186737217,S3-522465017,India,S3,7,0.7000,0.9422
S1-186761262,S3-334435903,India,S3,1,1.0000,1.0000
S1-186761262,S2-892595869,India,S2,8,0.7533,0.9961
S1-186773146,S2-943517660,India,S2,2,1.0000,1.0000
S1-186773146,S2-542823778,India,S2,3,1.0000,1.0000
S1-186773146,S3-658950575,India,S3,18,0.7190,0.9948
S1-186773146,S3-547033548,India,S3,19,0.6072,1.0000
S1-186788298,S3-273090547,India,S3,1,0.8480,0.9994
S1-186921761,S2-856785840,India,S2,1,1.0000,0.9993
S1-186921761,S2-465747901,India,S2,2,1.0000,1.0000
S1-186921761,S3-727859410,India,S3,3,0.8957,0.9998
S1-186935090,S2-713307420,India,S2,1,0.9000,0.9840
S1-186935090,S2-240121170,India,S2,2,0.7619,0.9937
S1-187015169,S2-310944060,US,S2,1,1.0000,1.0000
S1-187015169,S2-92823822,US,S2,2,0.8449,0.9999
S1-187015169,S3-912873253,US,S3,3,0.8160,0.9999
S1-187015169,S3-985656154,US,S3,4,0.7667,0.9967
S1-187087676,S3-105167627,US,S3,1,1.0000,1.0000
S1-187087676,S2-400211184,US,S2,2,1.0000,1.0000
S1-187087676,S2-230393302,US,S2,3,1.0000,0.9996
S1-187087676,S2-22950520,US,S2,4,1.0000,1.0000
S1-187087676,S3-132837700,US,S3,5,0.9000,0.9959
S1-187087676,S3-738025125,US,S3,9,0.7410,0.9999
S1-187099530,S2-619592691,US,S2,1,1.0000,0.9996
S1-187099530,S2-109713565,US,S2,2,1.0000,1.0000
S1-187099530,S3-866758532,US,S3,8,0.7576,0.9994
S1-187099530,S3-313339079,US,S3,9,0.7525,0.9994
S1-187170083,S3-374616334,US,S3,1,1.0000,0.9993
S1-187170083,S2-705173658,US,S2,2,1.0000,0.9990
S1-187179299,S3-979182559,US,S3,1,1.0000,1.0000
S1-187179299,S3-893221736,US,S3,2,1.0000,1.0000
S1-187179299,S2-386613721,US,S2,3,1.0000,0.9999
S1-187179299,S3-451628200,US,S3,8,0.8083,0.9988
S1-187180975,S3-185365236,US,S3,1,1.0000,1.0000
S1-187180975,S2-986904596,US,S2,6,0.7667,0.5748
S1-187188575,S3-324448647,US,S3,1,1.0000,1.0000
S1-187188575,S2-534163788,US,S2,2,0.8667,0.8957
S1-187226547,S3-899474826,India,S3,1,1.0000,0.9996
S1-187226547,S2-335022363,India,S2,2,1.0000,0.9993
S1-187275510,S2-934273371,US,S2,1,1.0000,1.0000
S1-187275510,S3-872032756,US,S3,3,0.7667,0.4765
S1-187275510,S2-869849762,US,S2,11,0.7576,0.9974
S1-187330327,S3-118681473,US,S3,1,0.8387,0.9996
S1-187330327,S2-427691892,US,S2,2,0.8387,0.9993
S1-187330327,S3-89204127,US,S3,3,0.7667,0.2699
S1-187330327,S2-309120114,US,S2,4,0.7417,0.9980
S1-187516545,S2-919210846,US,S2,1,0.7667,0.9964
S1-187571038,S3-431317472,India,S3,1,1.0000,1.0000
S1-187571038,S2-907219673,India,S2,2,1.0000,0.9992
S1-187571038,S3-667272924,India,S3,14,0.6476,0.9906
S1-187593560,S2-457012801,US,S2,1,1.0000,0.9998
S1-187593560,S2-365536248,US,S2,2,1.0000,1.0000
S1-187593560,S3-23227174,US,S3,5,0.7667,0.5182
S1-187661264,S3-164001743,US,S3,1,1.0000,0.9999
S1-187663302,S3-819532731,US,S3,1,0.9235,0.9996
S1-187663302,S2-171326763,US,S2,2,0.7667,0.4646
S1-187738227,S3-787805997,US,S3,1,0.9222,0.9998
S1-187738227,S2-281307105,US,S2,2,0.9000,0.9985
S1-187770256,S3-860462733,India,S3,1,1.0000,0.9967
S1-187770256,S3-635298114,India,S3,2,1.0000,1.0000
S1-187770256,S2-570996817,India,S2,3,0.7949,0.9881
S1-187770256,S2-969408063,India,S2,24,0.6275,0.9695
S1-187826217,S3-453577061,India,S3,1,1.0000,0.9986
S1-187930627,S2-535460329,US,S2,1,0.8533,0.9996
S1-187930627,S3-953403899,US,S3,2,0.7667,0.2731
S1-188011718,S3-801204495,US,S3,1,1.0000,1.0000
S1-188011718,S2-741478124,US,S2,2,0.8729,0.9994
S1-188011718,S3-100553028,US,S3,3,0.8471,0.9991
S1-188092307,S3-113191487,US,S3,1,1.0000,1.0000
S1-188092307,S2-407432229,US,S2,2,1.0000,0.9991
S1-188092307,S3-599840919,US,S3,21,0.7667,0.0874
S1-188112618,S2-900722186,India,S2,1238,0.7296,0.9986
S1-188128171,S2-188627369,India,S2,1,0.8667,0.9988
S1-188196758,S3-362105142,US,S3,1,1.0000,0.9992
S1-188196758,S2-644167607,US,S2,2,1.0000,1.0000
S1-188311634,S2-292583711,US,S2,2,0.7667,0.9551
S1-188311634,S3-993365881,US,S3,3,0.6493,0.6424
S1-188572849,S3-348035126,US,S3,1,1.0000,1.0000
S1-188572849,S3-204660907,US,S3,2,0.8681,0.9995
S1-188572849,S2-973183394,US,S2,3,0.8222,0.9980
S1-188572849,S2-741644207,US,S2,5,0.7667,0.5855
S1-188572849,S3-291584866,US,S3,9,0.7275,0.9999
S1-188572849,S3-33011124,US,S3,10,0.6577,0.9949
S1-188733792,S2-382469706,US,S2,1,1.0000,1.0000
S1-188733792,S3-950962364,US,S3,2,0.8018,0.9997
S1-188733792,S3-841227306,US,S3,3,0.7833,0.9998
S1-188922640,S2-502475328,US,S2,1,1.0000,1.0000
S1-188922640,S2-447060789,US,S2,2,1.0000,1.0000
S1-188922640,S2-339006097,US,S2,3,1.0000,1.0000
S1-188935581,S2-626399500,US,S2,1,1.0000,1.0000
S1-188935581,S2-45841682,US,S2,2,1.0000,1.0000
S1-188935581,S2-156542180,US,S2,3,1.0000,1.0000
S1-188935581,S3-22440172,US,S3,15,0.5722,0.9998
S1-188942885,S3-299017765,India,S3,1,1.0000,0.9999
S1-188942885,S2-670172416,India,S2,2,0.8752,0.9996
S1-18895063,S3-637564628,India,S3,1,0.8667,0.9842
S1-18895063,S3-260328613,India,S3,2,0.8667,0.6590
S1-18895063,S2-288957063,India,S2,3,0.8667,0.9354
S1-189027522,S3-844318664,US,S3,1,1.0000,0.9999
S1-189027522,S2-954096927,US,S2,2,0.9000,1.0000
S1-189085344,S3-671476556,US,S3,1,1.0000,1.0000
S1-189085344,S3-333988303,US,S3,2,1.0000,0.9996
S1-189085344,S3-420408783,US,S3,16,0.7667,0.7664
S1-189085344,S3-295059399,US,S3,35,0.6847,0.9916
S1-189085344,S2-231366097,US,S2,38,0.5455,0.9875
S1-189290730,S2-9865431,US,S2,1,0.8647,0.9997
S1-189290730,S2-490224588,US,S2,2,0.8018,0.9994
S1-189290730,S3-883853577,US,S3,3,0.7667,0.9948
S1-189290730,S3-738238097,US,S3,4,0.7667,0.9988
S1-189290730,S3-244503620,US,S3,6,0.7667,0.5748
S1-189299045,S2-850436940,US,S2,1,1.0000,0.9998
S1-189299045,S2-186908771,US,S2,2,1.0000,1.0000
S1-189299045,S3-693667657,US,S3,20,0.6500,0.9959
S1-189299045,S3-546263267,US,S3,21,0.6296,0.9946
S1-189352789,S3-742189591,India,S3,1,1.0000,1.0000
S1-189352789,S3-326061587,India,S3,2,1.0000,0.9975
S1-189352789,S2-317152754,India,S2,3,1.0000,1.0000
S1-189352789,S2-119750011,India,S2,4,1.0000,1.0000
S1-189352789,S3-169639520,India,S3,3203,0.7133,0.9952
S1-189352789,S2-828196375,India,S2,3204,0.7026,0.9959
S1-189519690,S2-333322766,US,S2,1,1.0000,1.0000
S1-189519690,S3-859456491,US,S3,2,0.7833,0.9987
S1-18955622,S2-817024234,India,S2,1,1.0000,1.0000
S1-18955622,S2-10940127,India,S2,2,1.0000,0.9983
S1-18960148,S2-163219547,US,S2,1,0.9000,0.9992
S1-18960148,S3-431105994,US,S3,2,0.7805,0.9997
S1-189680926,S3-873940322,India,S3,1,0.8667,0.9878
S1-189680926,S3-64540178,India,S3,2,0.8667,0.3789
S1-1897237,S3-234212790,US,S3,1,1.0000,1.0000
S1-1897237,S2-671177517,US,S2,2,0.8619,0.9996
S1-1897237,S3-293957210,US,S3,3,0.7692,0.9987
S1-189728794,S2-853676532,US,S2,1,0.7692,0.9993
S1-189729103,S3-352641388,US,S3,2,0.7667,0.7421
S1-189752019,S3-665017471,India,S3,1,1.0000,0.9999
S1-189752019,S2-707580574,India,S2,2,0.7667,0.7706
S1-189752019,S3-686825564,India,S3,3,0.7594,0.9999
S1-189752019,S3-76953474,India,S3,4,0.5269,0.9214
S1-189761703,S3-326759373,India,S3,5,0.8667,0.9996
S1-189761703,S2-342336324,India,S2,9,0.8667,0.9988
S1-189762360,S3-388249993,India,S3,1,1.0000,0.9997
S1-189762360,S2-220520902,India,S2,2,1.0000,0.9999
S1-189762360,S3-518084266,India,S3,3,0.8556,0.9986
S1-189762360,S2-562179867,India,S2,19,0.6190,0.9978
S1-189940648,S3-759564403,US,S3,1,1.0000,0.9997
S1-189940648,S2-794724214,US,S2,2,1.0000,0.9997
S1-189940648,S3-12058688,US,S3,104,0.6667,0.9977
S1-189940648,S2-100656196,US,S2,105,0.6599,0.9977
S1-19004211,S3-968641665,US,S3,1,1.0000,1.0000
S1-19004211,S3-876399803,US,S3,2,1.0000,0.9992
S1-19004211,S3-399900585,US,S3,3,1.0000,0.9992
S1-19004211,S2-565658037,US,S2,4,0.9000,0.9876
S1-190079409,S3-625921053,India,S3,1,0.9500,0.9999
S1-190079409,S2-536416828,India,S2,2,0.9200,0.8945
S1-190079409,S2-995951498,India,S2,119,0.5639,0.5394
S1-190085526,S3-520004485,India,S3,1,1.0000,1.0000
S1-190100237,S3-976927764,India,S3,1,0.9000,0.9980
S1-190100237,S2-124861507,India,S2,11,0.5500,0.5264
S1-190100237,S3-606280983,India,S3,13,0.5190,0.9968
S1-190136360,S2-979930404,US,S2,1,1.0000,1.0000
S1-190136360,S2-146187603,US,S2,2,1.0000,0.9998
S1-190136360,S3-62151317,US,S3,3,0.7970,0.9757
S1-190136360,S2-518645931,US,S2,5,0.7321,0.9991
S1-190172881,S2-975391126,US,S2,1,1.0000,0.9996
S1-190172881,S2-391822533,US,S2,2,0.7527,0.9989
S1-190172881,S3-906740304,US,S3,3,0.6782,0.9982
S1-190173223,S3-657853035,India,S3,12,0.9000,0.9978
S1-190207937,S3-244146766,US,S3,1,0.9000,0.9999
S1-190207937,S2-217872098,US,S2,2,0.9000,0.9999
S1-190207937,S3-579900423,US,S3,46,0.6833,0.9999
S1-190235846,S2-220534701,US,S2,1,0.8059,0.9980
S1-190235846,S3-87398504,US,S3,2,0.7667,0.9931
S1-190235846,S3-436693813,US,S3,3,0.7667,0.9931
S1-190330088,S3-641864292,US,S3,1,1.0000,1.0000
S1-190330088,S2-600111749,US,S2,2,1.0000,1.0000
S1-190330088,S2-459916551,US,S2,3,0.5556,0.9920
S1-190337467,S2-608242614,US,S2,1,0.5381,0.9926
S1-190340180,S2-202289447,US,S2,1,0.8544,0.9973
S1-190340180,S2-142441302,US,S2,2,0.8149,0.9991
S1-190340180,S2-40984985,US,S2,3,0.7218,0.9581
S1-190342492,S2-52301774,US,S2,9,0.6544,0.9970
S1-190342492,S2-153895254,US,S2,10,0.5944,0.9974
S1-190390092,S3-675443670,India,S3,1,0.7667,1.0000
S1-190390092,S3-4023261,India,S3,2,0.7667,0.9990
S1-190390092,S3-233116725,India,S3,3,0.7667,1.0000
S1-190390092,S2-98550891,India,S2,4,0.7667,1.0000
S1-190390092,S3-212887377,India,S3,5,0.5667,0.7003
S1-190438859,S3-260300447,US,S3,1,1.0000,0.9997
S1-190438859,S2-738703728,US,S2,2,1.0000,0.9993
S1-190438859,S2-342590059,US,S2,3,1.0000,0.9993
S1-190438859,S2-330757622,US,S2,4,1.0000,1.0000
S1-190438859,S2-3300492,US,S2,5,0.8126,0.9995
S1-190438859,S3-384478573,US,S3,6,0.7970,0.9974
S1-190589345,S3-222701091,US,S3,1,1.0000,1.0000
S1-190589345,S3-212321805,US,S3,2,1.0000,1.0000
S1-190589345,S2-480709545,US,S2,3,1.0000,1.0000
S1-19059438,S2-149001761,US,S2,1,1.0000,0.9999
S1-19059438,S3-80208884,US,S3,2,0.9310,0.9995
S1-19059438,S2-124439143,US,S2,3,0.8523,0.9988
S1-190685682,S2-584188892,India,S2,1,0.9000,0.9998
S1-190685682,S3-42650778,India,S3,2,0.8544,0.9994
S1-190754249,S2-812465885,US,S2,1,1.0000,0.9999
S1-190754249,S3-27231495,US,S3,2,0.8589,0.9985
S1-190754249,S2-842780491,US,S2,7,0.7667,0.2973
S1-190928298,S3-112149682,US,S3,1,1.0000,0.9998
S1-190928298,S2-6797049,US,S2,2,0.8719,0.9994
S1-191004161,S3-151340856,India,S3,66,0.7262,0.9995
S1-191004161,S3-823878963,India,S3,75,0.5778,0.9998
S1-191126509,S2-681897355,US,S2,1,1.0000,1.0000
S1-191126509,S3-400635656,US,S3,67,0.7481,0.9999
S1-191126509,S2-194275917,US,S2,68,0.6847,0.9976
S1-191214022,S3-157570620,India,S3,3,0.8100,0.9981
S1-191266435,S2-948863445,India,S2,52,0.7667,0.5897
S1-191297859,S3-56619802,India,S3,1,1.0000,0.9998
S1-191297859,S2-815880929,India,S2,2,0.7667,0.2825
S1-191297859,S2-615872767,India,S2,3,0.7667,0.3449
S1-191297859,S2-279110245,India,S2,4,0.7667,0.2825
S1-191312642,S3-588818581,US,S3,1,1.0000,0.9998
S1-191312642,S2-715338578,US,S2,2,1.0000,0.9998
S1-191312642,S3-947792503,US,S3,3,0.8410,0.9998
S1-191469130,S3-935100710,India,S3,1,1.0000,0.9974
S1-191469130,S2-383383524,India,S2,2,1.0000,1.0000
S1-191469130,S3-734664300,India,S3,3,0.8246,0.9997
S1-191500418,S3-134089674,India,S3,2,0.7467,0.9993
S1-191618270,S3-563800498,US,S3,1,1.0000,1.0000
S1-191618270,S3-48780575,US,S3,2,1.0000,1.0000
S1-191618270,S2-808920101,US,S2,3,1.0000,0.9996
S1-191618270,S2-779481743,US,S2,4,1.0000,1.0000
S1-191618270,S2-391053617,US,S2,5,1.0000,1.0000
S1-191618270,S2-298221350,US,S2,6,1.0000,1.0000
S1-191641559,S2-437095011,India,S2,1,1.0000,0.9986
S1-191715672,S3-959195957,US,S3,1,1.0000,0.9991
S1-191715672,S3-845533591,US,S3,2,1.0000,1.0000
S1-191715672,S3-217058504,US,S3,3,1.0000,0.9991
S1-191715672,S2-3686766,US,S2,4,1.0000,1.0000
S1-191715672,S2-293800409,US,S2,5,1.0000,0.9996
S1-191715672,S2-208523257,US,S2,6,1.0000,1.0000
S1-191715672,S2-549293235,US,S2,115,0.7000,0.9992
S1-191724404,S2-595967927,India,S2,1,0.9333,0.9919
S1-191728599,S3-915206315,US,S3,502,0.7544,0.9336
S1-191753420,S3-690718082,US,S3,1,1.0000,1.0000
S1-191761986,S3-566344678,US,S3,1,0.7667,0.9966
S1-19189728,S3-891645003,US,S3,1,1.0000,0.9999
S1-19189728,S3-708265724,US,S3,2,0.8692,0.9997
S1-192152105,S2-866681689,US,S2,1,1.0000,1.0000
S1-192152105,S3-141704429,US,S3,3,0.6410,0.9971
S1-192192412,S3-545098714,US,S3,1,1.0000,1.0000
S1-192192412,S2-748736074,US,S2,2,0.8667,0.9997
S1-192192412,S2-185880184,US,S2,3,0.8667,0.8638
S1-192221319,S3-399480719,US,S3,1,1.0000,1.0000
S1-192221319,S2-678089596,US,S2,2,1.0000,1.0000
S1-192456093,S2-154986368,US,S2,1,1.0000,1.0000
S1-192456093,S2-350582364,US,S2,2,0.8423,0.9998
S1-192456093,S3-472932097,US,S3,3,0.7667,0.2530
S1-192548338,S3-706619062,India,S3,1,1.0000,1.0000
S1-192548338,S2-726138507,India,S2,2,1.0000,0.9994
S1-192548338,S2-535574613,India,S2,3,1.0000,1.0000
S1-1925642,S2-472005575,US,S2,1,1.0000,1.0000
S1-1925642,S2-412998054,US,S2,2,0.8176,0.9997
S1-192603484,S3-572024655,US,S3,1,1.0000,1.0000
S1-192603484,S2-15507946,US,S2,2,0.8437,0.9996
S1-192603484,S3-500157758,US,S3,3,0.7730,0.9989
S1-192613705,S2-300881296,US,S2,2,0.6889,0.6348
S1-192613705,S2-616532139,US,S2,3,0.6527,0.9964
S1-1926167,S2-536272565,US,S2,1,1.0000,1.0000
S1-1926167,S2-33757025,US,S2,2,0.9310,0.9996
S1-1926167,S3-412838546,US,S3,3,0.8407,0.9993
S1-1926167,S2-690261651,US,S2,4,0.7798,0.9977
S1-192705315,S2-937612581,US,S2,5,0.7667,0.7714
S1-192705315,S2-651021129,US,S2,9,0.5559,0.9951
S1-192706169,S3-75251003,US,S3,1,1.0000,0.9999
S1-192707471,S2-583191794,India,S2,1,1.0000,1.0000
S1-192707471,S3-792844542,India,S3,6,0.7476,0.9993
S1-192707471,S3-658186647,India,S3,7,0.7228,1.0000
S1-192776068,S3-368464360,India,S3,1,1.0000,0.9999
S1-192862474,S2-671000574,US,S2,1,0.7667,0.4510
S1-192866165,S2-707955926,US,S2,1,1.0000,0.9998
S1-192866165,S3-895181020,US,S3,2,0.8667,0.8341
S1-192866165,S3-120887288,US,S3,3,0.8667,0.9997
S1-192866165,S3-840438785,US,S3,5,0.7324,0.9550
S1-192866165,S3-688509424,US,S3,6,0.6379,0.9999
S1-192948133,S3-469361684,India,S3,1,1.0000,0.9975
S1-192948133,S2-89097453,India,S2,2,0.9000,0.9643
S1-192967804,S3-665936744,US,S3,1,1.0000,1.0000
S1-19304166,S2-126748855,India,S2,1,1.0000,0.9977
S1-19304166,S3-7018137,India,S3,2,0.9000,0.9766
S1-19304340,S2-984354200,US,S2,17,0.7667,0.9983
S1-19304340,S2-519802333,US,S2,22,0.7667,0.9983
S1-193063719,S2-828967040,India,S2,1,1.0000,0.9996
S1-193063719,S2-403188117,India,S2,2,1.0000,0.9996
S1-193063719,S3-534936989,India,S3,3,0.8246,0.9911
S1-193063719,S3-167208508,India,S3,6,0.6970,0.9882
S1-193063719,S2-256078650,India,S2,7,0.6863,0.9991
S1-193263931,S3-301472174,US,S3,1,1.0000,0.9999
S1-193263931,S2-385302561,US,S2,2,0.9183,0.9920
S1-193393869,S3-225583809,US,S3,1,0.7148,0.9867
S1-193393869,S2-153850583,US,S2,2,0.6608,0.9702
S1-193458260,S2-615770212,US,S2,1,1.0000,1.0000
S1-193458260,S2-560078588,US,S2,2,1.0000,1.0000
S1-193458260,S2-544401821,US,S2,3,1.0000,0.9992
S1-193458260,S3-631746677,US,S3,14,0.6762,0.9718
S1-19348716,S3-531055740,US,S3,1,1.0000,0.9999
S1-193506773,S3-790135146,US,S3,1,1.0000,0.9997
S1-193506773,S3-601088032,US,S3,2,0.7667,0.9896
S1-193582174,S2-250732621,US,S2,1,1.0000,1.0000
S1-193582174,S3-370066812,US,S3,2,0.9000,0.9998
S1-193582174,S2-421648592,US,S2,3,0.8363,0.9996
S1-193582174,S3-97673003,US,S3,4,0.8292,0.9972
S1-193582174,S2-171025595,US,S2,5,0.8292,0.9987
S1-193582174,S2-516801796,US,S2,6,0.8211,0.9991
S1-193664447,S3-870265919,US,S3,1,1.0000,0.9998
S1-193664447,S2-274939868,US,S2,2,0.7667,0.3354
S1-193862715,S3-232051938,India,S3,1,1.0000,1.0000
S1-193862715,S2-665775221,India,S2,2,1.0000,1.0000
S1-193862715,S2-594997247,India,S2,3,1.0000,1.0000
S1-193862715,S3-18018172,India,S3,4,0.8143,0.9996
S1-193922279,S3-914021684,US,S3,1,1.0000,0.9994
S1-193922279,S3-888874734,US,S3,2,0.9235,0.9999
S1-193922279,S2-229767944,US,S2,3,0.9000,0.9153
S1-193922279,S3-293237873,US,S3,5,0.8424,0.9998
S1-193930500,S2-456153508,US,S2,1,0.8228,0.9996
S1-193930500,S3-205703345,US,S3,2,0.8029,0.9975
S1-194032543,S2-692925181,India,S2,2,0.6367,0.9980
S1-194032543,S2-776737800,India,S2,37,0.5238,0.9882
S1-194050419,S3-942300910,US,S3,1,0.8667,0.9995
S1-194050419,S3-207157230,US,S3,2,0.8667,0.8141
S1-194050419,S2-563609691,US,S2,3,0.8015,0.9990
S1-194050419,S3-65625342,US,S3,22,0.6085,0.9838
S1-194051776,S2-659436525,US,S2,1,0.8256,0.9974
S1-194051776,S3-826787976,US,S3,2,0.7041,0.7727
S1-194140014,S2-52741251,US,S2,1,0.8167,0.9978
S1-194212467,S3-804997519,US,S3,1,0.9000,0.9995
S1-194212467,S3-505784902,US,S3,2,0.9000,0.9905
S1-194212467,S2-389235914,US,S2,3,0.9000,1.0000
S1-194212467,S3-904281047,US,S3,4,0.7144,0.9957
S1-194212467,S2-400903680,US,S2,5,0.6693,0.9985
S1-194214928,S3-128120596,India,S3,104,0.6214,0.9500
S1-194281702,S3-197949163,India,S3,1,1.0000,1.0000
S1-194281702,S3-598714172,India,S3,15,0.6061,0.9943
S1-194408239,S3-392597191,India,S3,108,0.6533,0.9924
S1-194451703,S3-483786166,US,S3,1,1.0000,1.0000
S1-194451703,S2-835990888,US,S2,2,1.0000,1.0000
S1-194451703,S2-184611401,US,S2,3,0.7752,0.9995
S1-194451703,S2-870427917,US,S2,142,0.5583,0.9831
S1-194535129,S2-673117612,US,S2,1,0.9000,0.9975
S1-194535129,S2-535230175,US,S2,2,0.7708,0.9987
S1-194556270,S3-489020514,US,S3,1,0.9333,0.9866
S1-194556270,S2-888045080,US,S2,2,0.9000,0.9999
S1-194556270,S2-466467527,US,S2,3,0.9000,0.9938
S1-194556270,S3-149164968,US,S3,6,0.7388,0.9763
S1-194556270,S2-731931261,US,S2,7,0.7054,0.9888
S1-19466750,S3-240317147,US,S3,1,1.0000,1.0000
S1-19466750,S2-89530374,US,S2,2,0.8333,0.9997
S1-194705388,S3-658048121,US,S3,1,0.9000,0.9999
S1-194705388,S2-940581764,US,S2,65,0.7667,0.9203
S1-194707772,S3-592192391,US,S3,1,1.0000,1.0000
S1-194707772,S3-101588718,US,S3,2,1.0000,1.0000
S1-194707772,S2-973450733,US,S2,3,1.0000,0.9994
S1-194707772,S2-708035501,US,S2,4,1.0000,0.9998
S1-194707772,S3-460951432,US,S3,919,0.7667,0.9985
S1-194852295,S2-507707926,India,S2,1,0.8647,0.9999
S1-194852295,S2-495439467,India,S2,2,0.8647,0.9999
S1-194852295,S3-993371874,India,S3,3,0.7797,0.9992
S1-194852295,S3-15588185,India,S3,13,0.7333,0.9657
S1-194896611,S3-569310827,India,S3,1,1.0000,0.9999
S1-194896611,S2-895733119,India,S2,5,0.6583,0.9986
S1-194935834,S3-143102812,India,S3,1,1.0000,0.9992
S1-19510396,S3-885640916,India,S3,1,0.7667,1.0000
S1-19510396,S2-539237780,India,S2,2,0.6667,1.0000
S1-19510396,S2-50436382,India,S2,3,0.6667,0.9922
S1-195128872,S3-497095980,India,S3,1,1.0000,1.0000
S1-195128872,S2-491084323,India,S2,2,1.0000,0.9961
S1-195128872,S2-145308901,India,S2,3,1.0000,0.9978
S1-195128872,S3-937535271,India,S3,5,0.6577,0.9985
S1-195190933,S3-381538393,India,S3,5,0.8143,0.9983
S1-195190933,S3-461887552,India,S3,6,0.7970,0.9991
S1-195190933,S2-919244246,India,S2,7,0.7970,0.9992
S1-195190933,S3-80997846,India,S3,11,0.7296,0.9906
S1-195190933,S3-766376412,India,S3,12,0.6758,0.9996
S1-195274227,S3-271111848,US,S3,1,1.0000,0.9989
S1-195274227,S3-261157117,US,S3,2,1.0000,0.9995
S1-195274227,S3-348637996,US,S3,72,0.7667,0.8902
S1-195274227,S2-309268187,US,S2,224,0.6667,0.9948
S1-195274227,S2-448761975,US,S2,226,0.6296,0.9972
S1-195347424,S2-359812702,US,S2,1,0.9000,0.9998
S1-195347424,S3-727024248,US,S3,2,0.7987,0.9997
S1-195347424,S2-993967110,US,S2,8,0.7667,0.5334
S1-195347424,S3-341446593,US,S3,13,0.7559,0.9999
S1-195353568,S2-414480354,India,S2,62,0.7061,0.9998
S1-195369248,S3-287980315,US,S3,1,0.9083,0.9990
S1-195369248,S3-906672972,US,S3,2,0.7730,0.9999
S1-195369248,S2-960832749,US,S2,8,0.7667,0.7775
S1-195369248,S3-630889757,US,S3,14,0.6190,0.9855
S1-195391809,S2-17141268,US,S2,24,0.7667,0.8472
S1-195391809,S3-789716819,US,S3,25,0.7544,0.9151
S1-1954255,S3-335217073,US,S3,1,1.0000,1.0000
S1-1954255,S2-186683988,US,S2,2,0.9000,0.9999
S1-195481751,S3-331849913,US,S3,1,0.7667,0.9957
S1-195519450,S3-494794856,US,S3,1,1.0000,1.0000
S1-195519450,S2-730116524,US,S2,2,0.9000,1.0000
S1-195519450,S2-707011134,US,S2,3,0.9000,1.0000
S1-195519450,S3-492410221,US,S3,4,0.8333,0.9980
S1-195519450,S3-578067337,US,S3,5,0.8212,0.9974
S1-195519450,S3-466890388,US,S3,6,0.8090,0.9995
S1-195519450,S3-557703874,US,S3,10,0.7333,0.9882
S1-195519450,S2-310452813,US,S2,12,0.7197,0.9931
S1-195525102,S2-98380826,US,S2,1,0.8667,0.7530
S1-195525102,S2-422751223,US,S2,2,0.7872,0.8835
S1-195525102,S3-723444466,US,S3,3,0.7451,0.9947
S1-195530928,S3-925956603,US,S3,2,0.7222,0.9986
S1-19555617,S2-560440245,US,S2,1,1.0000,0.9997
S1-19555617,S3-774188770,US,S3,2,0.7667,0.5719
S1-195567335,S3-542735443,India,S3,23,0.7667,0.7803
S1-195645370,S2-523610135,India,S2,1,0.7458,0.9987
S1-195754859,S3-752453053,US,S3,1,0.7667,0.5182
S1-195760693,S3-910558781,US,S3,1,1.0000,0.9998
S1-195760693,S2-837731106,US,S2,2,0.8833,0.9989
S1-195760693,S2-20113074,US,S2,12,0.7667,0.7948
S1-195768343,S3-821919448,US,S3,1,1.0000,1.0000
S1-195768343,S3-664495729,US,S3,2,1.0000,1.0000
S1-195768343,S2-742652150,US,S2,3,1.0000,1.0000
S1-195768343,S2-462270061,US,S2,4,1.0000,1.0000
S1-195768343,S3-797862802,US,S3,5,0.8658,0.9996
S1-195772791,S3-805677080,India,S3,1,0.8667,0.9274
S1-195818920,S2-70043324,India,S2,1,1.0000,0.9972
S1-195818920,S3-840550222,India,S3,2,0.9000,0.9991
S1-195818920,S3-39773456,India,S3,3,0.9000,0.9999
S1-195818920,S3-38253384,India,S3,5,0.6970,0.9957
S1-195854006,S2-763149361,India,S2,5,0.8667,0.6339
S1-195872328,S2-890792150,US,S2,1,0.8823,0.9949
S1-195895396,S2-290069074,US,S2,1,1.0000,1.0000
S1-195895396,S2-2031300,US,S2,2,1.0000,1.0000
S1-195895396,S3-806627750,US,S3,85,0.7436,0.7937
S1-195895396,S3-440242494,US,S3,86,0.7179,0.9956
S1-195895396,S2-178376453,US,S2,91,0.5833,0.9903
S1-196070780,S3-765229391,India,S3,1,1.0000,0.9983
S1-196171260,S3-448111606,US,S3,1,1.0000,1.0000
S1-196171260,S2-351780008,US,S2,2,1.0000,0.9997
S1-196171260,S3-247236819,US,S3,3,0.8658,0.9998
S1-196171260,S2-954892946,US,S2,4,0.8658,0.9998
S1-196171260,S3-607813259,US,S3,5,0.7893,0.9997
S1-196196785,S3-104883170,US,S3,1,1.0000,0.9997
S1-196196785,S2-87523900,US,S2,2,1.0000,1.0000
S1-196196785,S3-90130498,US,S3,3,0.7667,0.9973
S1-196196785,S3-852207300,US,S3,4,0.7667,0.9996
S1-196205464,S3-497065416,US,S3,1,1.0000,0.9996
S1-196205464,S3-174300219,US,S3,2,1.0000,0.9996
S1-196205464,S3-754458419,US,S3,3,0.8179,0.9981
S1-196205464,S2-913288957,US,S2,5,0.7667,0.9989
S1-196205464,S2-251723507,US,S2,6,0.7667,0.9997
S1-196241010,S3-916541467,US,S3,1,0.7667,0.5182
S1-196241010,S3-688676016,US,S3,3,0.7667,0.2683
S1-196241010,S3-579869257,US,S3,4,0.7667,0.7857
S1-196241010,S2-926532467,US,S2,7,0.7667,0.9977
S1-196345489,S3-213696493,India,S3,1,0.8396,0.9993
S1-196345489,S2-305051067,India,S2,4,0.4521,0.8881
S1-196386127,S3-12829658,India,S3,96,0.8667,0.7976
S1-196386127,S2-719835781,India,S2,116,0.8667,0.6652
S1-196391034,S3-598843388,US,S3,1,0.8619,0.9995
S1-196391034,S2-363741029,US,S2,2,0.8619,0.9995
S1-196391034,S2-655161876,US,S2,3,0.7667,0.9994
S1-196504202,S3-769722747,India,S3,2,0.8544,0.9953
S1-196508026,S3-173542977,US,S3,1,1.0000,0.9997
S1-196508026,S3-144035325,US,S3,2,1.0000,0.9998
S1-196508026,S2-670910421,US,S2,3,1.0000,1.0000
S1-196508026,S3-584348407,US,S3,4,0.8544,0.9992
S1-196508026,S3-32264334,US,S3,5,0.7667,0.8317
S1-196508026,S3-269476555,US,S3,6,0.7533,0.9996
S1-196520155,S3-958193785,US,S3,1,0.9000,0.9999
S1-196520155,S2-912234928,US,S2,2,0.9000,0.9918
S1-196520155,S3-548361138,US,S3,4,0.7667,0.8735
S1-196520155,S2-705823025,US,S2,8,0.7667,0.7104
S1-196574680,S2-485205317,India,S2,1,0.9333,0.9999
S1-196574680,S2-329322179,India,S2,2,0.9333,0.9999
S1-196574680,S2-819685622,India,S2,8,0.6846,0.5651
S1-19667941,S2-770512870,US,S2,1,1.0000,0.9997
S1-19667941,S2-722556997,US,S2,2,1.0000,0.9997
S1-196775782,S3-658189477,India,S3,1,1.0000,1.0000
S1-196779783,S2-244503352,US,S2,1,1.0000,1.0000
S1-196779783,S2-583564970,US,S2,2,0.7667,0.2624
S1-196793836,S3-737241684,US,S3,1,0.8928,0.9996
S1-196793836,S2-720516534,US,S2,2,0.8405,0.9991
S1-196837285,S3-836187686,US,S3,1,1.0000,0.9999
S1-196837285,S2-848321660,US,S2,2,1.0000,1.0000
S1-196837285,S2-798219881,US,S2,3,1.0000,1.0000
S1-196842983,S3-658457579,India,S3,1,1.0000,1.0000
S1-196913868,S2-855177833,India,S2,1,1.0000,0.9999
S1-196913868,S3-781715514,India,S3,3,0.7667,0.8685
S1-196913868,S3-312917992,India,S3,4,0.7262,0.9947
S1-196913868,S2-837548576,India,S2,5,0.7262,0.9935
S1-197042394,S3-280309447,US,S3,1,1.0000,1.0000
S1-197042394,S3-3734241,US,S3,2,0.8083,0.9999
S1-197042394,S3-172558623,US,S3,3,0.6944,0.9977
S1-197063620,S2-612346028,India,S2,7,0.6833,0.9993
S1-197063620,S2-352708799,India,S2,8,0.6833,0.9969
S1-197063620,S3-789916387,India,S3,9,0.6225,0.9997
S1-197099567,S3-918246463,India,S3,1,1.0000,0.9988
S1-197099567,S3-381908625,India,S3,2,1.0000,1.0000
S1-197099567,S2-29852926,India,S2,3,1.0000,0.9993
S1-197099567,S2-771059645,India,S2,4,0.9198,1.0000
S1-197142017,S3-735050312,India,S3,2,0.8619,0.9997
S1-197142017,S2-634900798,India,S2,11,0.7905,0.9992
S1-197142017,S3-47917538,India,S3,58,0.7157,0.9887
S1-197142017,S3-966576115,India,S3,90,0.6152,0.9834
S1-197203101,S3-77418568,US,S3,1,1.0000,1.0000
S1-197275032,S3-163356753,US,S3,1,1.0000,1.0000
S1-197275032,S2-287171463,US,S2,2,1.0000,1.0000
S1-197275032,S3-55753268,US,S3,3,0.8204,0.9989
S1-197275032,S3-596172552,US,S3,4,0.8083,0.9979
S1-197275032,S3-466600770,US,S3,5,0.7667,0.5275
S1-197275032,S2-726121123,US,S2,7,0.7179,0.9179
S1-19728647,S2-548388656,India,S2,1,1.0000,1.0000
S1-19728647,S3-379935128,India,S3,9,0.6451,0.9988
S1-19728647,S3-342491646,India,S3,10,0.5944,0.7108
S1-197290320,S3-626021245,India,S3,1,1.0000,0.9990
S1-197290320,S2-114333160,India,S2,2,1.0000,1.0000
S1-197290320,S3-793112106,India,S3,14,0.7544,0.8436
S1-197411009,S3-56089850,India,S3,1,1.0000,1.0000
S1-197411009,S3-393001014,India,S3,2,1.0000,0.9960
S1-197411009,S2-106979356,India,S2,3,1.0000,0.9952
S1-197411009,S2-27629782,India,S2,4,0.8752,0.9997
S1-197490107,S3-781206735,India,S3,86,0.6795,0.9974
S1-197598117,S3-63005835,India,S3,1,1.0000,0.9999
S1-197598117,S2-514565947,India,S2,2,1.0000,1.0000
S1-197598117,S2-384138262,India,S2,3,1.0000,1.0000
S1-197674946,S3-974077055,US,S3,1,0.8667,0.8146
S1-197674946,S3-683292865,US,S3,11,0.6529,0.8098
S1-197801843,S3-4349046,US,S3,1,1.0000,1.0000
S1-197801843,S2-169059657,US,S2,2,0.9000,0.9999
S1-197802416,S2-794075815,US,S2,11,0.7500,0.9472
S1-197802416,S3-904903801,US,S3,12,0.6026,0.9895
S1-197934161,S2-960019454,US,S2,1,1.0000,1.0000
S1-197934161,S2-785983696,US,S2,2,1.0000,0.9996
S1-197934161,S2-676001580,US,S2,3,1.0000,0.9994
S1-197934161,S2-625554150,US,S2,4,1.0000,0.9996
S1-197934161,S2-121793836,US,S2,5,1.0000,0.9996
S1-197934161,S3-212259351,US,S3,6,0.9000,0.9935
S1-197934161,S3-633412222,US,S3,7,0.7872,0.9999
S1-197941606,S2-886870030,US,S2,1,0.7667,0.9372
S1-197941606,S3-934383023,US,S3,2,0.7532,0.9999
S1-197986245,S3-431786100,US,S3,1,1.0000,0.9996
S1-197986245,S3-317882148,US,S3,2,1.0000,0.9996
S1-197986245,S3-400487266,US,S3,4,0.7262,0.9598
S1-198005482,S2-461854750,US,S2,1,1.0000,0.9996
S1-198005482,S3-266831547,US,S3,2,0.9000,1.0000
S1-198005482,S2-873952959,US,S2,6,0.7667,0.8163
S1-198005482,S3-90740867,US,S3,11,0.7388,0.9999
S1-198005482,S3-351757902,US,S3,12,0.6000,0.9919
S1-198016443,S3-418178713,US,S3,1,1.0000,0.9997
S1-198016443,S3-828847170,US,S3,2,0.8798,0.9992
S1-198043766,S2-538270161,India,S2,1,1.0000,0.9991
S1-198043766,S3-247036955,India,S3,17,0.7471,0.9990
S1-198061390,S3-574107979,US,S3,1,0.7797,0.9990
S1-198064126,S2-968261002,India,S2,1,1.0000,0.9961
S1-198064126,S3-124894942,India,S3,5,0.7782,0.9998
S1-198064126,S3-457935314,India,S3,22,0.7667,0.9027
S1-19813226,S3-879694680,US,S3,1,1.0000,0.9975
S1-19813226,S3-817656949,US,S3,2,1.0000,1.0000
S1-19813226,S3-728535883,US,S3,3,1.0000,1.0000
S1-19813226,S3-482103518,US,S3,4,1.0000,0.9996
S1-19813226,S2-766864250,US,S2,5,1.0000,0.9992
S1-19813226,S2-754855841,US,S2,6,1.0000,0.9999
S1-198140032,S2-78973041,India,S2,2,0.8667,0.9832
S1-19829424,S2-483606373,India,S2,1,1.0000,1.0000
S1-19829424,S3-789053749,India,S3,3,0.8400,0.9750
S1-19829424,S3-93315583,India,S3,410,0.4314,0.9218
S1-19833360,S2-463251389,US,S2,1,1.0000,0.9998
S1-19833360,S3-852701376,US,S3,2,0.8135,0.9994
S1-19833360,S2-491088252,US,S2,3,0.7889,0.9983
S1-198368813,S2-581007348,India,S2,1,1.0000,1.0000
S1-198368813,S2-187164462,India,S2,2,1.0000,0.9998
S1-198368813,S3-469509416,India,S3,3,0.9000,0.9999
S1-198396313,S3-937994116,US,S3,1,1.0000,0.9999
S1-198396313,S2-667998066,US,S2,2,1.0000,0.9999
S1-198396313,S3-535972367,US,S3,3,0.9000,0.9992
S1-198396313,S3-988536104,US,S3,4,0.7652,0.9996
S1-198396313,S3-82601876,US,S3,5,0.7518,0.9991
S1-198396313,S3-441274395,US,S3,6,0.7368,0.9944
S1-198502988,S3-814987705,India,S3,1,1.0000,0.9970
S1-198502988,S3-521061549,India,S3,2,1.0000,0.9999
S1-198502988,S2-714932446,India,S2,3,1.0000,1.0000
S1-198502988,S2-145194810,India,S2,4,1.0000,0.9999
S1-198502988,S2-677635456,India,S2,8,0.7083,0.9460
S1-198517504,S3-4258148,India,S3,1,1.0000,0.9985
S1-198517504,S2-213753074,India,S2,2,1.0000,0.9996
S1-19857830,S2-198363138,US,S2,1,1.0000,1.0000
S1-19857830,S3-997491001,US,S3,2,0.8387,0.9988
S1-198589411,S3-921133422,India,S3,1,0.8667,0.6221
S1-19861294,S2-556243680,US,S2,1,1.0000,0.9998
S1-19861294,S2-544023900,US,S2,2,0.8589,0.9999
S1-19861294,S2-920112668,US,S2,3,0.8544,0.9993
S1-19866457,S3-990101945,US,S3,1,1.0000,1.0000
S1-19866457,S3-891465999,US,S3,2,1.0000,1.0000
S1-19866457,S3-680006575,US,S3,3,1.0000,0.9996
S1-19866457,S2-542931287,US,S2,4,1.0000,1.0000
S1-19866457,S2-267675782,US,S2,5,1.0000,0.9997
S1-19868304,S3-747965766,India,S3,10,0.7667,0.0454
S1-19868304,S3-336386667,India,S3,40,0.7504,0.9988
S1-198713325,S3-812431533,US,S3,1,1.0000,1.0000
S1-198713325,S3-721769557,US,S3,2,1.0000,0.9997
S1-198713325,S2-395319049,US,S2,3,1.0000,0.9989
S1-198713325,S3-328902440,US,S3,4,0.8708,0.9998
S1-198713325,S3-38367460,US,S3,5,0.7847,0.9991
S1-198735727,S3-271440440,US,S3,1,1.0000,1.0000
S1-198735727,S2-552664666,US,S2,2,0.9000,1.0000
S1-198760642,S3-81782076,US,S3,1,1.0000,0.9995
S1-198760642,S3-431864351,US,S3,2,1.0000,0.9999
S1-198760642,S3-115899739,US,S3,3,1.0000,0.9999
S1-198760642,S2-795244781,US,S2,4,1.0000,1.0000
S1-199143349,S3-413185931,US,S3,1,0.8879,0.9997
S1-199143349,S3-419574913,US,S3,2,0.8673,0.9995
S1-199143349,S3-31137945,US,S3,3,0.7879,0.9951
S1-199143349,S2-557647272,US,S2,5,0.7500,0.9986
S1-199277059,S3-888208587,US,S3,1,1.0000,1.0000
S1-199277059,S2-166396702,US,S2,2,1.0000,1.0000
S1-199277059,S2-671126939,US,S2,3,0.9042,0.9983
S1-19928143,S3-774621020,India,S3,1,0.9000,0.8412
S1-19928143,S3-519891469,India,S3,2,0.9000,0.8412
S1-19928143,S3-721747383,India,S3,156,0.5402,0.9503
S1-199464904,S3-52510942,US,S3,1,0.7667,0.7687
S1-199464904,S2-706509293,US,S2,2,0.7595,0.9988
S1-199464904,S2-395801295,US,S2,4,0.6196,0.9938
S1-199494375,S3-984393051,US,S3,1,1.0000,0.9999
S1-199494375,S2-649080715,US,S2,2,1.0000,0.9998
S1-199494375,S2-196893577,US,S2,3,1.0000,0.9990
S1-199494375,S2-584153153,US,S2,4,0.8232,0.9995
S1-199494375,S2-717841990,US,S2,5,0.8080,0.9995
S1-199494375,S3-637969323,US,S3,169,0.7266,0.9965
S1-199549876,S3-675660373,US,S3,3,0.7667,0.9972
S1-199549876,S3-178864571,US,S3,26,0.7321,0.9986
S1-199570709,S3-458353037,US,S3,1,1.0000,0.9997
S1-199570709,S3-401506085,US,S3,16,0.6753,0.9993
S1-199587032,S3-864691642,US,S3,1,0.8163,0.9974
S1-199587032,S3-159532132,US,S3,206,0.7464,0.9990
S1-199587032,S3-77914147,US,S3,207,0.6950,0.9965
S1-199638675,S3-85606469,US,S3,1,1.0000,1.0000
S1-199638675,S3-438959683,US,S3,2,1.0000,0.9997
S1-199643152,S3-167047741,India,S3,63,0.7312,1.0000
S1-199717984,S2-404150477,US,S2,1,0.8500,0.9984
S1-199717984,S2-350629007,US,S2,2,0.8500,0.6022
S1-199717984,S3-392911611,US,S3,3,0.8316,0.9996
S1-199717984,S3-414474333,US,S3,4,0.8071,0.9997
S1-199717984,S3-309535604,US,S3,5,0.6898,0.7852
S1-199732986,S2-936572500,India,S2,1,0.9000,0.8857
S1-199732986,S2-6062004,India,S2,2,0.9000,0.9434
S1-199732986,S2-227122677,India,S2,3,0.9000,0.9999
S1-199732986,S3-363231645,India,S3,4,0.7407,0.9994
S1-199945721,S2-513968977,India,S2,1,0.8928,0.9995
S1-200017537,S2-428260539,US,S2,1,1.0000,1.0000
S1-200017537,S2-346150714,US,S2,2,0.8067,0.9995
S1-200017537,S2-457418253,US,S2,3,0.7697,0.9989
S1-200017537,S3-436128951,US,S3,6,0.7667,0.9973
S1-200025391,S2-708661586,India,S2,1,1.0000,0.9997
S1-200025391,S2-517294532,India,S2,2,1.0000,0.9997
S1-200025391,S2-167295798,India,S2,3,1.0000,1.0000
S1-200025391,S3-740740564,India,S3,4,0.7807,0.9996
S1-200025391,S3-358409756,India,S3,74,0.7437,0.9899
S1-200144604,S3-269273048,US,S3,1,0.8333,0.9990
S1-200144604,S3-197190472,US,S3,2,0.7863,0.9983
S1-200144604,S2-475784580,US,S2,3,0.7381,0.9988
S1-200145180,S2-241292946,India,S2,1,1.0000,0.9986
S1-200145180,S2-791199261,India,S2,2,0.7333,0.9983
S1-2002115,S3-341275976,US,S3,1,1.0000,1.0000
S1-2002115,S2-132719510,US,S2,2,1.0000,0.9998
S1-2002115,S2-852141437,US,S2,3,0.8862,0.9998
S1-2002115,S3-240437354,US,S3,13,0.7433,0.9983
S1-200260568,S2-163037927,US,S2,1,0.9212,0.9996
S1-200260568,S3-272456005,US,S3,2,0.7985,0.9997
S1-200325292,S3-322295489,India,S3,1,1.0000,1.0000
S1-200325292,S3-234360968,India,S3,2,1.0000,1.0000
S1-200325292,S2-706670826,India,S2,3,1.0000,1.0000
S1-200325292,S2-477634419,India,S2,4,1.0000,1.0000
S1-200325292,S3-524863720,India,S3,19,0.7451,0.9997
S1-200341830,S3-461252078,India,S3,2,0.8054,0.9986
S1-200341830,S2-29230922,India,S2,3,0.7451,0.9933
S1-200341830,S3-954413498,India,S3,22,0.6824,0.9991
S1-200361982,S2-894734200,India,S2,1,0.8724,0.9993
S1-200361982,S3-452754566,India,S3,2,0.7667,0.6200
S1-200376946,S3-72334286,India,S3,2,0.7667,0.9846
S1-200390335,S3-912861237,US,S3,1,1.0000,0.9997
S1-200390335,S2-998912686,US,S2,2,1.0000,1.0000
S1-200390335,S2-39081981,US,S2,3,1.0000,0.9995
S1-200390335,S2-383043477,US,S2,4,1.0000,0.9995
S1-200400003,S2-255537777,US,S2,1,0.8111,0.9996
S1-200640402,S2-837565499,US,S2,1,1.0000,1.0000
S1-200640402,S2-452311085,US,S2,2,1.0000,1.0000
S1-200640402,S2-239997827,US,S2,3,1.0000,0.9999
S1-20066114,S3-408200063,India,S3,1,0.9000,0.9833
S1-20066114,S2-101380487,India,S2,9,0.6228,0.9989
S1-200667293,S3-354377934,US,S3,1,0.7667,0.9911
S1-200667293,S2-183350422,US,S2,2,0.7667,0.9991
S1-200695859,S3-779440334,US,S3,1,1.0000,1.0000
S1-200695859,S2-639682562,US,S2,2,1.0000,0.9996
S1-200695859,S2-313766595,US,S2,3,1.0000,1.0000
S1-200695859,S3-994688049,US,S3,5,0.7667,0.9982
S1-200695859,S3-408233418,US,S3,207,0.7146,1.0000
S1-200743083,S3-16917778,US,S3,1,1.0000,1.0000
S1-200743083,S2-509244082,US,S2,2,1.0000,1.0000
S1-200743083,S2-291728433,US,S2,3,1.0000,0.9997
S1-200743083,S2-143255795,US,S2,4,0.8093,0.9986
S1-200743083,S2-182105418,US,S2,11,0.7292,0.9898
S1-200751342,S2-324693782,US,S2,1,1.0000,0.9996
S1-200840173,S2-492118384,US,S2,1,1.0000,1.0000
S1-200840173,S2-448375865,US,S2,2,1.0000,0.9994
S1-200840173,S3-485659921,US,S3,3,0.8778,0.9995
S1-200940032,S3-414347970,US,S3,1,0.9212,0.9994
S1-200940032,S3-896878356,US,S3,2,0.7762,0.9978
S1-200940032,S2-811012659,US,S2,4,0.5111,0.9617
S1-200981202,S3-762635257,US,S3,1,0.8212,0.9998
S1-200981202,S3-881969217,US,S3,2,0.7822,0.9961
S1-201003507,S3-131351008,US,S3,1,1.0000,0.9998
S1-201013938,S3-916404002,India,S3,1,0.8163,0.9973
S1-201033355,S3-285213266,US,S3,1,1.0000,1.0000
S1-201033355,S3-445243462,US,S3,2,0.8156,0.9993
S1-201033355,S2-779754191,US,S2,3,0.8083,0.9995
S1-201127733,S3-626617906,US,S3,1,0.9000,0.9832
S1-201127733,S2-339746000,US,S2,2,0.9000,1.0000
S1-201127733,S2-659438577,US,S2,111,0.5754,0.9903
S1-201228054,S2-904016761,US,S2,2,0.7315,0.9985
S1-201243386,S3-914930124,US,S3,1,1.0000,1.0000
S1-201243386,S2-311758179,US,S2,2,1.0000,0.9996
S1-201243386,S2-160477143,US,S2,3,1.0000,0.9993
S1-201243386,S3-706038099,US,S3,9,0.7667,0.5334
S1-201243386,S2-250984651,US,S2,21,0.6111,0.9987
S1-201348183,S3-76424241,US,S3,1,1.0000,1.0000
S1-201348183,S2-363849156,US,S2,2,1.0000,0.9996
S1-201348183,S3-549502468,US,S3,3,0.7667,0.9990
S1-201348183,S3-12157402,US,S3,5,0.7500,0.9952
S1-201387308,S3-393074944,India,S3,1,1.0000,0.9984
S1-201387308,S3-198270984,India,S3,2,1.0000,0.9972
S1-201387308,S2-494153181,India,S2,3,1.0000,0.9992
S1-201417691,S2-58677978,India,S2,1,1.0000,0.9795
S1-201417691,S3-673608330,India,S3,2,0.7667,0.7277
S1-201457157,S3-859380042,India,S3,1,0.7667,0.9995
S1-201457157,S2-909197627,India,S2,2,0.7000,0.9870
S1-201457157,S2-572609057,India,S2,3,0.7000,0.9914
S1-201457157,S2-316922971,India,S2,4,0.7000,0.9915
S1-201489031,S3-287712557,US,S3,1,1.0000,1.0000
S1-201489031,S3-1685724,US,S3,2,1.0000,0.9996
S1-201489031,S3-245982674,US,S3,3,0.7667,0.9998
S1-201489031,S2-975379949,US,S2,21,0.6458,0.9941
S1-201515418,S2-446168366,US,S2,28,0.7275,0.9987
S1-201670424,S2-506421451,US,S2,1,0.9111,0.9994
S1-201670424,S3-728325360,US,S3,2,0.6917,0.9980
S1-201670424,S2-702136680,US,S2,3,0.6782,0.9959
S1-201686876,S2-761081871,US,S2,1,1.0000,1.0000
S1-201686876,S3-730727502,US,S3,2,0.8179,0.9976
S1-201788882,S3-705139168,India,S3,1,1.0000,1.0000
S1-201788882,S2-78156085,India,S2,2,1.0000,0.9942
S1-201788882,S2-347672968,India,S2,3,1.0000,0.9999
S1-201788882,S2-423751918,India,S2,34,0.7250,0.9992
S1-201847724,S3-656964088,US,S3,1,0.9000,0.9955
S1-201847724,S3-425728020,US,S3,2,0.9000,0.9884
S1-201847724,S3-792156727,US,S3,3,0.5897,1.0000
S1-201854089,S3-282743002,US,S3,1,0.8167,0.9999
S1-201854089,S3-621211150,US,S3,3,0.7667,0.9904
S1-201854089,S2-998721391,US,S2,5,0.7667,0.2953
S1-201854089,S2-17549758,US,S2,10,0.7667,0.9987
S1-201873546,S3-793967603,India,S3,1,0.8667,0.9986
S1-201873546,S2-53890513,India,S2,2,0.8667,0.6858
S1-201873546,S2-453673490,India,S2,3,0.8667,0.9996
S1-201886059,S3-83882484,India,S3,1,1.0000,0.9977
S1-201886059,S2-574637271,India,S2,2,0.9000,0.9713
S1-201886059,S2-152959007,India,S2,3,0.9000,0.7812
S1-201926420,S2-534284186,US,S2,1,1.0000,0.9999
S1-201926420,S3-876625442,US,S3,2,0.9333,0.9999
S1-201926420,S3-669609464,US,S3,3,0.7107,0.9986
S1-201975757,S3-914548435,US,S3,1,1.0000,0.9998
S1-201975757,S2-704092909,US,S2,2,0.7667,0.5748
S1-201982246,S2-83973057,India,S2,1,1.0000,0.9998
S1-201986945,S3-646463686,India,S3,1,1.0000,0.9991
S1-201986945,S3-569056393,India,S3,2,1.0000,0.9991
S1-201986945,S3-455409469,India,S3,3,1.0000,0.9991
S1-201986945,S2-990255008,India,S2,4,1.0000,0.9998
S1-201986945,S2-956227957,India,S2,5,1.0000,0.9998
S1-202008830,S2-565977144,US,S2,1,0.8843,0.9997
S1-202008830,S3-24849805,US,S3,2,0.8756,0.9998
S1-202008830,S3-702447911,US,S3,3,0.7370,0.9982
S1-202067221,S3-374056996,India,S3,1,1.0000,0.9999
S1-202234198,S3-790351762,India,S3,1,1.0000,0.9995
S1-202234198,S2-502762357,India,S2,2,1.0000,0.9990
S1-202234198,S2-240720359,India,S2,3,1.0000,0.9997
S1-202234198,S3-460063637,India,S3,5,0.7576,0.9996
S1-202234198,S3-177530691,India,S3,6,0.7083,0.9994
S1-202629087,S3-508930320,India,S3,1,0.9333,0.9845
S1-202629087,S2-205091789,India,S2,2,0.8745,0.9996
S1-202629087,S2-364154729,India,S2,3,0.7923,0.9989
S1-202629087,S3-804269550,India,S3,7,0.7667,0.0424
S1-20265392,S3-57350488,US,S3,1,1.0000,1.0000
S1-20265392,S2-283820246,US,S2,2,1.0000,1.0000
S1-20265392,S2-604808288,US,S2,3,0.8090,0.9984
S1-202794156,S2-249338901,India,S2,44,0.7667,0.8037
S1-202813314,S3-110455970,US,S3,1,1.0000,0.9994
S1-202813314,S2-701451539,US,S2,16,0.7667,0.9265
S1-202813314,S2-827150745,US,S2,23,0.6061,0.9956
S1-202897180,S2-729741990,India,S2,1,1.0000,1.0000
S1-202897180,S2-157618996,India,S2,2,0.8037,0.9979
S1-202897180,S2-799383410,India,S2,4,0.7458,0.9997
S1-202917933,S3-658599241,India,S3,3,0.8667,0.7815
S1-202917933,S2-693111867,India,S2,9,0.8667,0.9990
S1-202933185,S3-557635892,US,S3,1,1.0000,1.0000
S1-202933185,S2-571981048,US,S2,2,1.0000,0.9998
S1-202933185,S3-470794940,US,S3,3,0.8107,0.9998
S1-202985008,S3-327151510,US,S3,8,0.9000,0.9896
S1-202985008,S3-18650020,US,S3,10,0.9000,0.9902
S1-202985008,S3-803400424,US,S3,403,0.7667,0.4139
S1-202985008,S3-435035812,US,S3,2767,0.6863,0.9839
S1-202985008,S2-828536872,US,S2,2790,0.6667,0.9931
S1-202985008,S2-783438372,US,S2,2821,0.6577,0.9979
S1-203067580,S2-39814166,US,S2,1,0.9000,0.9994
S1-203067580,S2-948472683,US,S2,2,0.8451,0.9985
S1-203067580,S3-771202067,US,S3,3,0.7667,0.8397
S1-203091123,S3-432803125,India,S3,1,1.0000,0.9990
S1-203091123,S3-409538043,India,S3,2,1.0000,0.9929
S1-203091123,S2-835545775,India,S2,3,1.0000,0.9998
S1-203107926,S2-705012562,US,S2,1,0.8977,0.9990
S1-203107926,S3-319517437,US,S3,2,0.8778,0.9997
S1-203107926,S2-253076290,US,S2,3,0.8778,0.9997
S1-203107926,S2-943609839,US,S2,4,0.7950,0.9997
S1-203211159,S3-124404558,India,S3,1,0.8667,0.7108
S1-203211159,S2-954254642,India,S2,8,0.7667,0.7874
S1-203235842,S3-58573028,India,S3,2,1.0000,1.0000
S1-203235842,S3-445867859,India,S3,3,1.0000,1.0000
S1-203235842,S3-414977365,India,S3,4,0.7667,0.5275
S1-203314634,S3-916227477,India,S3,1,1.0000,1.0000
S1-203314634,S2-161312598,India,S2,2,1.0000,0.9984
S1-203314634,S3-717814764,India,S3,14,0.7667,0.9907
S1-203314634,S3-475906938,India,S3,49,0.7296,0.9995
S1-20344714,S3-279962940,US,S3,1,1.0000,1.0000
S1-20350604,S3-853889029,US,S3,1,1.0000,0.9997
S1-20350604,S2-316785807,US,S2,99,0.7667,0.9989
S1-203514084,S3-144311538,US,S3,1,1.0000,0.9995
S1-203514084,S2-654024299,US,S2,2,1.0000,0.9995
S1-203514084,S2-716509160,US,S2,3,0.8667,0.0987
S1-203514084,S2-136286129,US,S2,184,0.6750,0.1802
S1-203571078,S2-590672815,US,S2,2,0.7667,0.9188
S1-203571078,S2-242677789,US,S2,3,0.7667,0.9979
S1-203588782,S3-912130108,US,S3,1,1.0000,0.9997
S1-203588782,S2-301066708,US,S2,2,0.8135,0.9995
S1-203602453,S3-406610852,India,S3,1,0.8471,0.9991
S1-203602453,S2-785751985,India,S2,15,0.7000,0.9957
S1-203602453,S2-672719873,India,S2,25,0.6782,0.9955
S1-203610061,S3-617277541,US,S3,1,1.0000,1.0000
S1-203610061,S3-141718340,US,S3,2,1.0000,1.0000
S1-203610061,S2-876907585,US,S2,3,0.7667,0.9996
S1-203610061,S2-629660014,US,S2,4,0.7667,0.9346
S1-203721988,S3-718352878,India,S3,1,1.0000,1.0000
S1-203721988,S2-442395294,India,S2,2,1.0000,0.9986
S1-203721988,S2-383418402,India,S2,3,1.0000,1.0000
S1-203817510,S3-42958784,US,S3,1,1.0000,0.9996
S1-203817510,S3-416084267,US,S3,2,1.0000,0.9999
S1-203817510,S2-203678791,US,S2,3,0.9212,0.9978
S1-203817510,S3-470794073,US,S3,4,0.8778,0.9989
S1-203817510,S3-60505862,US,S3,5,0.8719,0.9996
S1-203817510,S3-609767853,US,S3,6,0.8412,0.9995
S1-203841176,S3-465636380,US,S3,1,1.0000,0.9971
S1-203841176,S3-600932208,US,S3,2,0.8273,0.9995
S1-203841176,S2-851940329,US,S2,30,0.3762,0.8252
S1-203861275,S2-860036332,US,S2,1,1.0000,0.9998
S1-203861275,S3-302850943,US,S3,2,0.8667,0.4784
S1-203861275,S3-138074856,US,S3,3,0.7738,0.9999
S1-203861275,S2-877859882,US,S2,9,0.5048,0.9952
S1-203956227,S3-565052095,US,S3,1,1.0000,0.9989
S1-203956227,S2-318241139,US,S2,2,1.0000,0.9990
S1-203956227,S2-269929301,US,S2,3,1.0000,0.9998
S1-203981322,S3-421228513,US,S3,1,0.9250,0.9991
S1-203981322,S3-909661775,US,S3,2,0.8606,0.9976
S1-203981322,S3-250802175,US,S3,3,0.8527,0.9934
S1-204081108,S2-21153172,US,S2,1,1.0000,1.0000
S1-204129818,S3-814080461,India,S3,1,0.9000,0.9999
S1-204129818,S2-994074088,India,S2,2,0.8126,0.9993
S1-204129818,S3-123859652,India,S3,3,0.6333,0.9984
S1-204241732,S3-688864499,US,S3,1,1.0000,0.9999
S1-204241732,S2-10373436,US,S2,18,0.7667,0.7687
S1-204302224,S3-388856553,India,S3,1,1.0000,1.0000
S1-204302224,S2-790506355,India,S2,2,1.0000,0.9998
S1-204302224,S2-231391108,India,S2,3,1.0000,0.9981
S1-204302224,S3-106963058,India,S3,4,0.7333,0.9984
S1-204337522,S3-82063451,India,S3,1,0.9500,0.9995
S1-204337522,S3-419347713,India,S3,2,0.9500,0.9984
S1-204360158,S3-472460046,US,S3,1,1.0000,1.0000
S1-204360158,S2-896353648,US,S2,5,0.7667,0.9963
S1-204360158,S2-327880647,US,S2,8,0.7667,0.5140
S1-204366912,S3-706323979,US,S3,1,0.9344,0.9956
S1-204366912,S2-754552649,US,S2,2,0.8515,0.9987
S1-204366912,S2-624589024,US,S2,3,0.8515,0.9987
S1-204366912,S2-286330453,US,S2,4,0.8515,0.9990
S1-204399694,S3-738288016,India,S3,1,1.0000,0.9979
S1-204399694,S2-211118600,India,S2,11,0.6992,0.9800
S1-204425588,S2-421181483,US,S2,1,0.7754,0.9994
S1-204425588,S2-738682507,US,S2,2,0.7544,0.9994
S1-204485321,S3-986794553,US,S3,1,1.0000,0.9997
S1-204485321,S3-731962581,US,S3,2,1.0000,0.9996
S1-204485321,S3-302113176,US,S3,3,1.0000,1.0000
S1-204485321,S3-297754379,US,S3,4,1.0000,0.9997
S1-204492365,S2-53940028,India,S2,1,0.8667,0.9959
S1-204492365,S3-312502130,India,S3,2,0.7778,0.9987
S1-204493334,S3-68451789,US,S3,1,1.0000,1.0000
S1-204493334,S2-675254061,US,S2,2,1.0000,1.0000
S1-204571403,S3-46313080,India,S3,1,1.0000,0.9976
S1-204571403,S2-457255165,India,S2,2,1.0000,1.0000
S1-204571403,S2-23029341,India,S2,3,1.0000,1.0000
S1-204700021,S2-909888987,US,S2,1,0.9333,1.0000
S1-20473351,S3-901741390,India,S3,1,1.0000,1.0000
S1-20473351,S3-3377880,India,S3,2,1.0000,0.9999
S1-20473351,S2-9635102,India,S2,3,0.7762,0.9967
S1-20473351,S2-950229056,India,S2,4,0.7762,0.9998
S1-20473351,S2-774532876,India,S2,5,0.7667,0.9997
S1-20473351,S3-181666829,India,S3,7,0.7667,0.8735
S1-20473351,S3-913167549,India,S3,8,0.7577,0.9981
S1-205040025,S2-926444701,US,S2,1,1.0000,1.0000
S1-205040025,S3-457141148,US,S3,2,0.8048,0.9982
S1-205040025,S3-379227759,US,S3,3,0.7037,0.9999
S1-205040025,S2-960906258,US,S2,5,0.6822,0.9985
S1-205043055,S2-766646936,US,S2,1,1.0000,0.9997
S1-205043055,S2-321694059,US,S2,2,1.0000,1.0000
S1-205043055,S3-625029358,US,S3,3,0.8090,0.9992
S1-205043055,S2-529494832,US,S2,4,0.7667,0.9997
S1-205043055,S3-827584613,US,S3,5,0.7583,0.9994
S1-205043055,S3-575381623,US,S3,6,0.7583,0.9995
S1-205053620,S2-293589323,India,S2,1,0.7667,0.9981
S1-205053620,S2-124327261,India,S2,2,0.7667,0.9981
S1-205087933,S3-869406688,India,S3,1,1.0000,0.9455
S1-205087933,S2-175937232,India,S2,2,1.0000,0.9999
S1-205121377,S3-801565763,India,S3,2,0.9000,0.9970
S1-205121377,S3-470336974,India,S3,58,0.7333,0.9963
S1-205121377,S2-534807173,India,S2,77,0.6410,0.9998
S1-205121377,S2-625841282,India,S2,104,0.6098,0.9991
S1-205128266,S2-661548455,US,S2,1,0.7667,0.9819
S1-205128266,S3-176694853,US,S3,4,0.5833,0.9371
S1-205163007,S3-600033347,India,S3,1,1.0000,1.0000
S1-205163007,S2-667695013,India,S2,2,1.0000,1.0000
S1-205163007,S2-221869422,India,S2,3,1.0000,0.9997
S1-205163007,S3-102112361,India,S3,4,0.7667,0.9371
S1-205175910,S2-569157111,India,S2,9,0.8667,0.9999
S1-205175910,S3-49358090,India,S3,41,0.7667,0.9989
S1-205199618,S3-590372853,US,S3,1,1.0000,0.9998
S1-205199618,S2-893434274,US,S2,2,1.0000,0.9998
S1-205199618,S3-768729073,US,S3,3,0.8879,0.9997
S1-205203064,S3-33300526,India,S3,1,0.7905,0.9802
S1-205203064,S2-866003744,India,S2,7,0.7559,0.9998
S1-20523330,S3-217846906,US,S3,6,0.7658,0.9995
S1-205239891,S3-955627457,India,S3,1,1.0000,0.9974
S1-205239891,S3-851648669,India,S3,2,1.0000,0.9982
S1-205239891,S3-515547300,India,S3,3,1.0000,1.0000
S1-205239891,S3-141414212,India,S3,4,1.0000,0.9994
S1-205272483,S2-815615242,US,S2,1,1.0000,0.9997
S1-205272483,S2-527107733,US,S2,2,1.0000,1.0000
S1-205280817,S3-564620158,US,S3,1,1.0000,0.9988
S1-205280817,S2-743377637,US,S2,2,0.8179,0.9977
S1-205286405,S2-356070943,India,S2,1,1.0000,0.9990
S1-205286405,S3-564046648,India,S3,3,0.7667,0.9927
S1-205286405,S3-359557927,India,S3,5,0.6833,0.9999
S1-205294263,S3-822223137,India,S3,1,1.0000,0.9995
S1-20544467,S3-601033591,India,S3,1,0.9500,1.0000
S1-20544467,S2-937262005,India,S2,2,0.9500,0.9906
S1-20544467,S3-727164150,India,S3,3,0.8616,0.9939
S1-205491385,S3-868816139,India,S3,1,1.0000,0.9998
S1-205491385,S3-415116914,India,S3,2,1.0000,0.9990
S1-205491385,S2-857194980,India,S2,3,1.0000,0.9995
S1-205491385,S2-814787491,India,S2,4,1.0000,0.9999
S1-205491385,S3-753321052,India,S3,7,0.6533,0.9515
S1-205491385,S3-878990082,India,S3,18,0.5606,0.9668
S1-205553665,S3-963903203,India,S3,1,0.7667,0.9567
S1-205553665,S3-316851251,India,S3,2,0.7667,0.9034
S1-205589463,S2-492680837,US,S2,1,1.0000,1.0000
S1-205589463,S3-951953218,US,S3,4,0.8179,0.9982
S1-205620062,S3-328605246,India,S3,1,0.8172,0.9781
S1-205620062,S2-359490703,India,S2,2,0.7923,0.9968
S1-205638494,S2-7783324,US,S2,1,1.0000,1.0000
S1-205638494,S2-206054640,US,S2,2,1.0000,1.0000
S1-205638494,S3-423715470,US,S3,3,0.8667,0.9995
S1-20568073,S3-145709299,India,S3,1,1.0000,0.9968
S1-20568073,S2-400900968,India,S2,2,1.0000,0.9982
S1-20568073,S3-151093017,India,S3,3,0.8205,0.9994
S1-20568073,S3-96482640,India,S3,4,0.6733,0.9822
S1-205705520,S3-954016664,India,S3,1,1.0000,0.9995
S1-205705520,S3-473300276,India,S3,2,1.0000,0.9992
S1-205705520,S2-676421158,India,S2,3,1.0000,0.9865
S1-205705520,S2-250335681,India,S2,4,1.0000,0.9999
S1-20571088,S2-229422394,US,S2,5,0.7667,0.9823
S1-205713855,S3-292734413,US,S3,1,1.0000,1.0000
S1-205713855,S2-983983937,US,S2,2,1.0000,1.0000
S1-205713855,S2-921675394,US,S2,3,1.0000,0.9971
S1-205824025,S3-680033793,US,S3,1,1.0000,0.9999
S1-205824025,S3-216284508,US,S3,2,1.0000,1.0000
S1-205824025,S2-15831464,US,S2,3,1.0000,0.9997
S1-205824025,S2-121387437,US,S2,4,1.0000,0.9992
S1-205826489,S2-619875262,India,S2,62,0.7437,0.9734
S1-205880320,S3-318523600,India,S3,1,1.0000,1.0000
S1-205880320,S3-823750682,India,S3,89,0.7500,0.9949
S1-205880320,S2-983128080,India,S2,92,0.7197,0.8024
S1-205886085,S2-189513063,US,S2,1,0.8014,0.9997
S1-20590944,S2-113974809,US,S2,1,0.9000,0.9967
S1-20590944,S2-381751144,US,S2,12,0.6833,0.9983
S1-205933889,S2-815218318,India,S2,1,1.0000,0.9573
S1-205933889,S3-501300973,India,S3,3,0.8424,0.9983
S1-205933889,S3-794346290,India,S3,4,0.6926,0.9970
S1-205967777,S3-490468160,India,S3,1,0.8667,0.9941
S1-20600097,S2-507680664,US,S2,1,1.0000,1.0000
S1-20600097,S3-871710551,US,S3,2,0.9000,0.9999
S1-20600097,S3-390469415,US,S3,3,0.9000,0.9985
S1-206001682,S2-2317336,India,S2,1,1.0000,0.9892
S1-206001682,S3-578427907,India,S3,2,0.7667,0.9942
S1-206068834,S3-333236382,India,S3,1,1.0000,0.9994
S1-206068834,S2-462493293,India,S2,2,1.0000,0.9999
S1-206068834,S3-944890046,India,S3,9,0.6792,0.9999
S1-206274938,S3-952523526,US,S3,1,1.0000,1.0000
S1-206274938,S2-885656987,US,S2,2,1.0000,1.0000
S1-206274938,S2-664969126,US,S2,3,1.0000,1.0000
S1-206274938,S2-114634363,US,S2,4,1.0000,0.9997
S1-206375705,S3-613960027,India,S3,1,1.0000,0.9997
S1-206375705,S2-688637339,India,S2,2,1.0000,0.9998
S1-206375705,S2-630672947,India,S2,3,0.8758,0.9999
S1-206375705,S2-362630801,India,S2,4,0.8281,0.9958
S1-206375705,S2-980810821,India,S2,5,0.7190,0.9997
S1-20643394,S3-84660940,US,S3,1,0.7071,0.9984
S1-20643394,S2-951346259,US,S2,2,0.7071,0.9986
S1-206509917,S2-470896222,US,S2,1,1.0000,0.9997
S1-206509917,S2-354990289,US,S2,2,1.0000,0.9993
S1-206509917,S3-197951796,US,S3,4,0.6467,0.9968
S1-20651311,S2-754695962,US,S2,7,0.6852,0.9966
S1-206540702,S2-793326676,India,S2,1,0.8667,0.9898
S1-206540702,S2-269434519,India,S2,2,0.8667,0.9986
S1-206540702,S3-564606397,India,S3,3,0.7667,0.4527
S1-206540702,S3-380764631,India,S3,4,0.7667,0.9989
S1-20656088,S2-73190544,US,S2,1,1.0000,1.0000
S1-20656088,S3-321352461,US,S3,2,0.7667,0.5337
S1-20656088,S2-572082730,US,S2,3,0.7576,0.9998
S1-206562969,S2-449053109,US,S2,1,1.0000,0.9999
S1-206562969,S3-6440033,US,S3,2,0.8583,0.9995
S1-206562969,S3-929474159,US,S3,3,0.7782,0.9977
S1-206562969,S3-759469339,US,S3,4,0.7667,0.9996
S1-206651706,S3-977494225,US,S3,1,1.0000,0.9997
S1-206655639,S3-69541945,US,S3,1,1.0000,0.9996
S1-206655639,S3-541597925,US,S3,2,1.0000,1.0000
S1-206655639,S3-546786344,US,S3,3,0.8212,0.9978
S1-206655639,S2-892451473,US,S2,5,0.7667,0.9989
S1-206705455,S2-78952538,US,S2,1,0.9148,0.9997
S1-206705455,S2-728485676,US,S2,15,0.7667,0.9997
S1-206705455,S2-490265997,US,S2,19,0.7667,0.9242
S1-206705455,S2-367761100,US,S2,21,0.7667,0.8691
S1-206720556,S3-842605968,US,S3,1,0.9014,0.9998
S1-206720556,S3-324872359,US,S3,2,0.7667,0.7893
S1-206720556,S2-113405134,US,S2,4,0.7619,0.9951
S1-206720556,S3-935631417,US,S3,5,0.7273,0.9983
S1-206950071,S3-81728755,US,S3,1,1.0000,1.0000
S1-206950071,S3-566692009,US,S3,2,1.0000,0.9998
S1-206950071,S2-263085064,US,S2,3,1.0000,1.0000
S1-206972291,S3-813222027,India,S3,1,0.9000,0.9983
S1-206972291,S3-807556225,India,S3,2,0.9000,0.9998
S1-206994940,S3-682925420,US,S3,1,1.0000,0.9999
S1-206994940,S3-667499378,US,S3,2,1.0000,0.9999
S1-206994940,S2-113758796,US,S2,3,0.8333,0.9994
S1-206994940,S3-701546479,US,S3,4,0.7667,0.5949
S1-206994940,S3-557753365,US,S3,5,0.6667,0.9988
S1-20704808,S3-928973733,US,S3,5,0.7667,0.9926
S1-20704808,S3-942642850,US,S3,194,0.7652,0.9992
S1-207072194,S3-349707910,US,S3,1,0.8381,0.9989
S1-207072194,S3-85877616,US,S3,2,0.7667,0.7463
S1-207144308,S3-74079213,US,S3,1,0.7795,0.9963
S1-207144308,S3-501589480,US,S3,2,0.7667,0.3344
S1-207171824,S2-983318749,India,S2,1,1.0000,1.0000
S1-207171824,S3-45113681,India,S3,3,0.8667,0.8645
S1-207223745,S2-153344997,US,S2,1,1.0000,0.9998
S1-207223745,S2-758783212,US,S2,2,0.8798,0.9986
S1-207223745,S3-174247120,US,S3,79,0.7667,0.3180
S1-207223745,S2-641612726,US,S2,123,0.7667,0.7781
S1-20724410,S2-738885239,India,S2,1,1.0000,0.9998
S1-20724410,S2-221974511,India,S2,2,1.0000,1.0000
S1-20724410,S2-315618597,India,S2,3,0.8179,0.9975
S1-20724410,S3-250565189,India,S3,14,0.6559,0.9971
S1-207251411,S2-694837749,US,S2,1,1.0000,0.9997
S1-207251411,S2-63254316,US,S2,2,0.7933,0.9988
S1-207296937,S2-187635394,US,S2,2,0.8667,0.9758
S1-207418380,S3-8971166,US,S3,1,0.7980,0.9991
S1-207432499,S3-929963863,India,S3,1,0.7667,0.9856
S1-207432499,S3-602187589,India,S3,2,0.7667,0.9856
S1-207510986,S2-733093615,US,S2,1,1.0000,0.9988
S1-207510986,S3-284147764,US,S3,2,0.8862,0.9996
S1-207510986,S2-607331814,US,S2,3,0.8484,0.9997
S1-207578804,S3-614065224,US,S3,1,1.0000,0.9997
S1-207578804,S2-838561227,US,S2,2,1.0000,0.9998
S1-207578804,S2-827054265,US,S2,3,1.0000,0.9998
S1-207578804,S2-610729852,US,S2,4,1.0000,0.9998
S1-207831001,S2-770589709,India,S2,1254,0.6926,0.9997
S1-207837099,S3-201267670,India,S3,1,0.9333,0.9999
S1-207837099,S2-578081772,India,S2,2,0.9333,0.9999
S1-207905426,S3-142875408,India,S3,1,0.9000,0.9967
S1-207905426,S2-695262294,India,S2,2,0.8667,0.1956
S1-207905426,S2-570407814,India,S2,3,0.8667,0.4150
S1-20790925,S2-406536154,India,S2,1,1.0000,0.9989
S1-20790925,S2-787179206,India,S2,3,0.7667,0.9985
S1-20790925,S3-287574898,India,S3,79,0.7491,0.9755
S1-207916063,S3-843417128,India,S3,1,1.0000,0.9996
S1-207916063,S2-811972804,India,S2,2,0.7970,0.9988
S1-207974056,S2-872275899,India,S2,1,1.0000,0.9982
S1-207974056,S2-689510926,India,S2,57,0.7667,0.9456
S1-208015191,S3-319191342,US,S3,1,1.0000,0.9996
S1-208015191,S3-799697863,US,S3,19,0.7275,0.9997
S1-208059953,S3-880067759,US,S3,1,1.0000,0.9999
S1-208059953,S2-310603079,US,S2,2,0.9232,0.9994
S1-208059953,S2-206751323,US,S2,3,0.8733,0.9998
S1-208059953,S2-376942330,US,S2,4,0.8333,0.9989
S1-208059953,S3-179485885,US,S3,7,0.7580,0.9988
S1-2081423,S2-742138429,US,S2,1,1.0000,0.9993
S1-2081423,S2-714235144,US,S2,2,1.0000,0.9998
S1-2081423,S2-522739594,US,S2,3,0.8333,0.9990
S1-208155914,S2-881885030,US,S2,1,0.8879,0.9994
S1-208155914,S2-680139560,US,S2,2,0.8879,0.9913
S1-208155914,S2-360235036,US,S2,3,0.7732,0.9994
S1-208156703,S3-903216062,US,S3,1,1.0000,0.9999
S1-208156703,S3-671327081,US,S3,2,1.0000,0.9996
S1-208156703,S2-316171080,US,S2,3,1.0000,1.0000
S1-208156703,S3-568461438,US,S3,4,0.7733,0.9999
S1-208156703,S2-248205224,US,S2,111,0.6733,0.9990
S1-20818318,S2-16758647,India,S2,1,1.0000,0.9998
S1-20818318,S3-987545026,India,S3,2,0.9000,0.9219
S1-20818318,S3-791525133,India,S3,8,0.7471,0.8555
S1-2082073,S2-917177953,US,S2,2,0.8667,0.4994
S1-2082073,S2-565305569,US,S2,5,0.8667,0.3680
S1-2082073,S2-437529580,US,S2,7,0.8667,0.9988
S1-208209332,S3-248444459,US,S3,1,1.0000,1.0000
S1-208209332,S3-627491552,US,S3,2,0.8149,0.9989
S1-208209332,S3-827958052,US,S3,3,0.7878,0.9999
S1-208209332,S2-675548596,US,S2,4,0.7667,0.9985
S1-208237399,S3-658818070,US,S3,1,1.0000,0.9992
S1-208237399,S2-150813759,US,S2,2,1.0000,0.9995
S1-208248846,S3-862315090,US,S3,1,0.8697,0.9992
S1-208248846,S2-656026538,US,S2,3,0.7667,0.6479
S1-208248846,S2-35437635,US,S2,4,0.7667,0.9987
S1-208248846,S3-601275707,US,S3,8,0.6128,0.9989
S1-208289868,S3-434890634,India,S3,1,1.0000,0.9988
S1-208289868,S3-715136477,India,S3,3,0.8527,0.9996
S1-208289868,S3-836531540,India,S3,99,0.5833,0.9761
S1-208522141,S2-459017871,US,S2,1,0.8833,0.9988
S1-208522141,S3-576352321,US,S3,4,0.7095,0.9974
S1-208667023,S3-444536506,US,S3,8,0.7667,0.9799
S1-208667023,S2-95214830,US,S2,36,0.6377,0.9957
S1-208740700,S2-370506007,India,S2,1,1.0000,0.9999
S1-208740700,S3-197611146,India,S3,30,0.4942,0.2547
S1-208766610,S3-693662477,India,S3,1,1.0000,0.9992
S1-208766610,S3-20310070,India,S3,2,1.0000,1.0000
S1-208766610,S2-632265540,India,S2,3,1.0000,1.0000
S1-208766610,S3-647576474,India,S3,4,0.9211,0.9997
S1-208766610,S2-437943475,India,S2,5,0.8211,0.9985
S1-208766610,S2-861842229,India,S2,6,0.7333,0.9991
S1-208771272,S2-495619960,US,S2,1,1.0000,0.9997
S1-208771272,S2-495370406,US,S2,2,1.0000,0.9996
S1-208771272,S3-696075935,US,S3,3,0.7752,0.9992
S1-209061659,S3-491933426,India,S3,1,1.0000,0.9992
S1-209061659,S3-458955705,India,S3,2,1.0000,0.9991
S1-209061659,S2-6279925,India,S2,3,1.0000,0.9999
S1-209061659,S2-329733969,India,S2,4,1.0000,0.9969
S1-209131634,S2-671650116,India,S2,1,1.0000,1.0000
S1-209131634,S2-402197582,India,S2,2,1.0000,0.9984
S1-209131634,S3-482714065,India,S3,3,0.9333,0.9999
S1-209131634,S3-184775624,India,S3,94,0.5800,0.0334
S1-209144279,S2-280780791,US,S2,1,0.8085,0.9993
S1-209144279,S3-1917968,US,S3,2,0.7762,0.9982
S1-209171835,S2-980402180,US,S2,1,0.5905,0.9998
S1-209279380,S2-812716965,India,S2,1,1.0000,0.9980
S1-209279380,S3-760216633,India,S3,2,0.8026,0.9983
S1-209279380,S2-233296115,India,S2,3,0.8000,0.9991
S1-209280463,S2-602795807,US,S2,1,0.8208,0.9974
S1-209483420,S3-256812398,US,S3,1,0.8054,0.9972
S1-209483420,S2-116780365,US,S2,4,0.7667,0.9904
S1-209483420,S3-374472368,US,S3,64,0.7667,0.9968
S1-209483420,S2-42937597,US,S2,141,0.7667,0.5719
S1-209483420,S3-300693904,US,S3,166,0.7606,0.9942
S1-209556353,S3-8157975,India,S3,1,1.0000,0.9980
S1-209572048,S2-156951763,US,S2,1,1.0000,0.9989
S1-209572048,S3-386831052,US,S3,2,0.9000,0.9999
S1-209572048,S3-859740929,US,S3,3,0.7905,0.9943
S1-209608724,S2-558052873,India,S2,51,0.7262,0.9546
S1-209608724,S3-117334334,India,S3,52,0.7180,0.9953
S1-209628289,S3-430098180,India,S3,1,1.0000,0.9344
S1-209628289,S2-395358456,India,S2,2,1.0000,1.0000
S1-209628289,S2-118271841,India,S2,3,1.0000,0.9988
S1-209628289,S3-941003564,India,S3,4,0.8724,0.9979
S1-209628289,S3-720081580,India,S3,5,0.8619,0.9975
S1-209628289,S3-697548487,India,S3,7,0.7667,0.9892
S1-209628289,S2-487312627,India,S2,9,0.7667,0.9381
S1-209628289,S2-506085467,India,S2,13,0.7281,0.9961
S1-209703197,S3-591309569,US,S3,1,1.0000,1.0000
S1-209703197,S2-746819205,US,S2,2,1.0000,0.9997
S1-209703197,S2-384593804,US,S2,3,1.0000,0.9998
S1-209897504,S2-228441686,US,S2,1,1.0000,0.9998
S1-209932269,S3-912355322,India,S3,1,1.0000,0.9918
S1-209932269,S2-328580790,India,S2,2,1.0000,1.0000
S1-209932269,S2-195891518,India,S2,3,1.0000,0.9983
S1-209932269,S2-710679306,India,S2,4,0.8287,0.9986
S1-209965292,S3-593726425,US,S3,1,1.0000,1.0000
S1-210152186,S2-449126830,US,S2,1,1.0000,0.9998
S1-210152186,S3-824626891,US,S3,2,0.8667,0.8749
S1-210152186,S3-312023086,US,S3,3,0.8667,0.9996
S1-210152186,S3-531007754,US,S3,4,0.7917,0.9779
S1-210325238,S3-570057812,US,S3,1,1.0000,1.0000
S1-210329978,S3-852932787,US,S3,1,0.9000,0.9941
S1-210329978,S3-158516926,US,S3,2,0.9000,0.9971
S1-210329978,S2-254327076,US,S2,3,0.8667,0.9989
S1-210329978,S2-410487982,US,S2,4,0.7667,0.7851
S1-210411388,S3-261081824,US,S3,1,1.0000,0.9998
S1-210411388,S2-471500600,US,S2,2,1.0000,0.9997
S1-210411388,S3-411915292,US,S3,3,0.8111,0.9979
S1-210411388,S2-879980723,US,S2,4,0.7667,0.8756
S1-210411388,S2-267163427,US,S2,5,0.7667,0.9995
S1-210411388,S2-75902205,US,S2,6,0.6758,0.9993
S1-210430070,S3-824143289,India,S3,1,0.9500,0.9825
S1-210430070,S3-176663932,India,S3,1056,0.5833,0.9033
S1-210449087,S3-586090577,India,S3,2,1.0000,0.9970
S1-210487080,S2-301864072,US,S2,1,0.7667,0.9942
S1-210530879,S3-901318681,US,S3,1,1.0000,0.9997
S1-210530879,S3-471690459,US,S3,2,1.0000,0.9997
S1-210530879,S2-640343208,US,S2,3,1.0000,1.0000
S1-210530879,S3-202082730,US,S3,5,0.7026,0.9225
S1-210535518,S2-484983068,India,S2,2,0.7992,0.9975
S1-210535518,S3-774011243,India,S3,82,0.5758,0.9961
S1-210576726,S3-398080153,US,S3,1,0.8059,0.9998
S1-210576726,S3-272300188,US,S3,3,0.7667,0.3059
S1-210616440,S3-235295876,US,S3,1,1.0000,1.0000
S1-210616440,S2-937636547,US,S2,2,1.0000,0.9998
S1-210616440,S2-706416674,US,S2,3,1.0000,1.0000
S1-210616440,S3-778924959,US,S3,4,0.8284,1.0000
S1-210616440,S2-281059096,US,S2,5,0.8152,0.9998
S1-210723648,S3-908383402,US,S3,1,1.0000,0.9996
S1-210723648,S2-890737283,US,S2,2,1.0000,0.9998
S1-210723648,S2-340293816,US,S2,3,0.8513,0.9982
S1-210723648,S3-608487471,US,S3,6,0.7667,0.3405
S1-210723648,S2-156242088,US,S2,13,0.6965,0.9997
S1-210859973,S3-940220244,US,S3,1,1.0000,0.9997
S1-210859973,S3-790356674,US,S3,2,1.0000,1.0000
S1-210859973,S2-953222651,US,S2,3,0.6541,0.9975
S1-210956336,S2-74732044,India,S2,2,0.8667,0.9996
S1-210956336,S3-546413461,India,S3,13,0.7190,0.9988
S1-210993116,S3-718114882,US,S3,1,1.0000,1.0000
S1-210993116,S2-616556734,US,S2,3,0.7667,0.9997
S1-210993116,S2-547667712,US,S2,4,0.7667,0.9967
S1-211132196,S3-718360458,India,S3,1,1.0000,0.9998
S1-211132196,S2-938510355,India,S2,9,0.7748,0.9986
S1-211132196,S2-786699153,India,S2,19,0.7083,0.9981
S1-211204931,S2-416364267,US,S2,2,0.7083,0.9967
S1-211204931,S3-631457889,US,S3,3,0.6262,0.9986
S1-211232534,S3-472868323,US,S3,1,1.0000,1.0000
S1-211232534,S3-106404769,US,S3,2,1.0000,0.9997
S1-211232534,S3-435883855,US,S3,3,0.8708,0.9991
S1-211232534,S2-425034381,US,S2,4,0.7976,0.9975
S1-211257530,S2-423808569,US,S2,1,1.0000,0.9999
S1-211257530,S2-443591422,US,S2,2,0.8778,0.9974
S1-211257530,S3-957786139,US,S3,3,0.7667,0.9982
S1-211307588,S3-824215624,US,S3,1,1.0000,0.9998
S1-211307588,S3-51262718,US,S3,2,0.7667,0.9956
S1-211394762,S3-715605833,US,S3,1,0.9000,0.9999
S1-211394762,S2-780605471,US,S2,2,0.8877,0.9997
S1-211511880,S3-824489350,US,S3,1,1.0000,1.0000
S1-211511880,S3-779187822,US,S3,2,1.0000,0.9993
S1-211511880,S3-492864241,US,S3,3,1.0000,0.9993
S1-211511880,S3-230449577,US,S3,4,1.0000,0.9998
S1-211511880,S2-959163801,US,S2,5,1.0000,1.0000
S1-211511880,S2-721841682,US,S2,6,1.0000,0.9997
S1-211511880,S2-111988583,US,S2,7,1.0000,1.0000
S1-211562763,S3-366077777,US,S3,1,0.8273,0.9991
S1-211562763,S3-81659080,US,S3,2,0.6410,0.9978
S1-211602827,S2-945833570,US,S2,1,1.0000,1.0000
S1-211602827,S3-156806089,US,S3,2,0.8048,0.9963
S1-212000181,S3-857428508,US,S3,1,0.8667,0.9992
S1-21208393,S3-351698932,US,S3,1,1.0000,1.0000
S1-21208393,S2-957187066,US,S2,2,0.9000,0.9971
S1-21208393,S2-329095477,US,S2,16,0.6133,0.9895
S1-212147342,S2-99319968,India,S2,2,0.7121,0.9864
S1-212147342,S2-70643237,India,S2,4,0.7071,0.9756
S1-212151836,S2-94416478,US,S2,1,0.8667,0.6882
S1-212151836,S2-408358095,US,S2,2,0.8667,0.9964
S1-212151836,S2-130681673,US,S2,3,0.8667,0.9954
S1-212151836,S3-444532295,US,S3,4,0.7667,0.3467
S1-212160933,S3-932545947,India,S3,4,0.8179,0.9990
S1-212160933,S2-440898183,India,S2,5,0.7667,0.9997
S1-212160933,S2-979181558,India,S2,82,0.6606,0.9979
S1-212199559,S2-268642963,US,S2,1,1.0000,0.9999
S1-212199559,S3-99375165,US,S3,2,0.9182,0.9998
S1-21227753,S3-918669683,US,S3,2,0.8222,0.9990
S1-21227753,S3-461017700,US,S3,546,0.7619,0.9945
S1-212321562,S3-399884724,US,S3,47,0.5897,0.9904
S1-212418012,S2-563616086,US,S2,1,1.0000,1.0000
S1-212418012,S3-366383249,US,S3,2,0.8583,0.9994
S1-212418012,S2-580527277,US,S2,3,0.8583,0.9994
S1-212418012,S2-635492173,US,S2,4,0.7944,0.9974
S1-212513061,S3-542469791,India,S3,1,1.0000,0.9963
S1-212513061,S3-248234380,India,S3,3,0.8784,0.9988
S1-212513061,S2-257750022,India,S2,4,0.8333,0.9997
S1-212513061,S3-598979047,India,S3,5,0.7905,0.9980
S1-212513061,S3-468025845,India,S3,6,0.7667,0.9902
S1-212513061,S2-670199341,India,S2,7,0.6970,0.9992
S1-212513061,S2-132805860,India,S2,8,0.6771,0.9994
S1-212550776,S3-733417444,India,S3,1,1.0000,0.9993
S1-212624237,S2-453627034,US,S2,1,1.0000,1.0000
S1-212624237,S2-558894362,US,S2,3,0.7576,0.9995
S1-212624237,S3-427746461,US,S3,4,0.7395,0.9997
S1-212624237,S3-399979284,US,S3,5,0.7000,0.9969
S1-212704894,S2-593369044,India,S2,1,1.0000,1.0000
S1-212704894,S3-188172508,India,S3,2,0.8303,0.9997
S1-212738381,S2-874803580,India,S2,1,0.9000,0.8414
S1-212738381,S3-41157865,India,S3,2,0.7667,0.9940
S1-212738381,S3-318575059,India,S3,3,0.7389,0.9990
S1-212806135,S2-970899843,US,S2,1,0.9000,0.9999
S1-212806135,S3-683789430,US,S3,2,0.6667,0.9974
S1-212806135,S3-137224868,US,S3,3,0.6667,0.9986
S1-21280849,S2-856983773,India,S2,1,1.0000,0.9977
S1-21280849,S3-870083798,India,S3,2,0.8667,0.9647
S1-21280849,S2-936589427,India,S2,17,0.6437,0.9929
S1-21280849,S2-71921559,India,S2,19,0.6333,0.9814
S1-21280849,S3-249675176,India,S3,495,0.4759,0.8341
S1-212905831,S3-556989847,US,S3,1,1.0000,0.9997
S1-212905831,S2-355197760,US,S2,2,0.9000,0.9990
S1-212905831,S2-495595739,US,S2,5,0.5667,0.9711
S1-212995512,S3-21794144,US,S3,1,1.0000,0.9997
S1-212995512,S2-97431341,US,S2,2,1.0000,0.9995
S1-212995512,S3-656611296,US,S3,6,0.7190,0.9989
S1-213081732,S3-783314762,US,S3,1,0.7667,0.3742
S1-213081732,S2-476748423,US,S2,2,0.7333,0.9986
S1-213086255,S3-153996742,US,S3,1,1.0000,0.9997
S1-213086255,S2-943084700,US,S2,2,0.8509,0.9998
S1-213086255,S2-109855190,US,S2,3,0.7395,0.9981
S1-213086255,S2-937045427,US,S2,4,0.7077,0.9160
S1-213121657,S2-83178963,US,S2,1,1.0000,1.0000
S1-213121657,S3-953429886,US,S3,2,0.8451,0.9984
S1-213138599,S2-696180857,India,S2,1,1.0000,0.9997
S1-213138599,S2-517390427,India,S2,2,1.0000,0.9995
S1-213138599,S2-453353952,India,S2,3,1.0000,0.9995
S1-213138599,S2-185747148,India,S2,4,1.0000,0.9998
S1-213138599,S3-28820349,India,S3,6,0.7098,0.9985
S1-21317041,S3-455804981,US,S3,1,1.0000,1.0000
S1-21317041,S3-537417673,US,S3,2,0.7333,0.9991
S1-213285706,S3-637348623,US,S3,1,1.0000,1.0000
S1-213285706,S2-860405134,US,S2,3,0.8985,0.9997
S1-21335474,S3-118586989,US,S3,1,0.9000,0.9946
S1-21335474,S2-487238641,US,S2,12,0.6262,0.9992
S1-21335474,S3-840955298,US,S3,15,0.5795,0.9916
S1-213392063,S2-506319412,US,S2,1,1.0000,1.0000
S1-213392063,S2-767893633,US,S2,2,0.9296,0.9986
S1-213392063,S3-884881102,US,S3,3,0.8030,0.9994
S1-213415750,S2-907289811,US,S2,1,0.8042,0.9993
S1-213415750,S3-604554363,US,S3,3,0.7667,0.9920
S1-213426024,S2-118712025,US,S2,1,1.0000,1.0000
S1-213486443,S2-707812141,US,S2,1,1.0000,0.9999
S1-213486443,S3-622976989,US,S3,2,0.8333,0.9990
S1-213486443,S2-925147920,US,S2,3,0.8152,0.9999
S1-213493698,S3-618424055,US,S3,1,1.0000,1.0000
S1-213493698,S3-544211990,US,S3,2,1.0000,0.9996
S1-213493698,S2-95517080,US,S2,3,0.9000,0.9999
S1-213493698,S3-923019567,US,S3,4,0.8179,0.9982
S1-213493698,S3-351837511,US,S3,6,0.7533,0.9993
S1-213560722,S3-68750797,India,S3,1,0.6583,0.9973
S1-213561728,S2-764875676,US,S2,1,0.9000,0.9974
S1-213561728,S2-372512298,US,S2,2,0.9000,0.9974
S1-213561728,S3-885753142,US,S3,3,0.8558,0.9991
S1-213561728,S2-919729319,US,S2,4,0.7667,0.9969
S1-213588989,S3-960029061,India,S3,1,0.7667,1.0000
S1-213613077,S2-949732947,US,S2,1,0.8752,0.9998
S1-213635162,S2-290329785,US,S2,1,0.8667,0.9799
S1-213635162,S2-755644158,US,S2,33,0.7222,0.9724
S1-213635162,S3-302161558,US,S3,34,0.6833,0.9994
S1-213635162,S2-262973881,US,S2,35,0.6455,0.9821
S1-213635162,S2-67398978,US,S2,50,0.5500,0.9395
S1-21365329,S3-448626326,US,S3,1,1.0000,1.0000
S1-21365329,S2-304170252,US,S2,2,0.9000,0.9999
S1-21365329,S2-744403927,US,S2,3,0.7667,0.9997
S1-213739858,S3-7911951,US,S3,1,1.0000,0.9996
S1-213739858,S2-50570006,US,S2,2,1.0000,0.9993
S1-213739858,S2-542708287,US,S2,6,0.7667,0.4717
S1-213784093,S3-537783620,India,S3,1,0.7667,0.4155
S1-213784093,S2-67409988,India,S2,2,0.7667,0.8507
S1-213784093,S2-102393244,India,S2,3,0.7667,0.9991
S1-213793820,S3-283846001,India,S3,1,1.0000,0.9997
S1-213793820,S2-636715504,India,S2,183,0.5792,0.9991
S1-213924978,S3-402043841,India,S3,1,1.0000,0.9995
S1-213924978,S2-929866010,India,S2,2,1.0000,0.9835
S1-213924978,S2-612180932,India,S2,3,1.0000,1.0000
S1-213924978,S2-574399104,India,S2,4,1.0000,1.0000
S1-213924978,S2-113809341,India,S2,5,1.0000,0.9995
S1-213924978,S3-369207480,India,S3,6,0.8407,0.9961
S1-214097234,S2-562638047,US,S2,2,1.0000,1.0000
S1-214097234,S3-928888580,US,S3,3,0.9000,0.9999
S1-214097234,S3-592978884,US,S3,4,0.9000,0.9999
S1-214097234,S3-231171269,US,S3,5,0.9000,0.9960
S1-214097234,S3-122125299,US,S3,554,0.7527,0.9961
S1-214262529,S3-493804155,India,S3,4,0.8667,0.7667
S1-214294137,S3-786555629,India,S3,1,0.7667,0.2771
S1-214294137,S3-553327072,India,S3,2,0.7667,0.9945
S1-214299898,S3-774722928,India,S3,1,0.9500,0.9866
S1-214299898,S2-532381253,India,S2,2,0.9500,1.0000
S1-214299898,S3-762384714,India,S3,4,0.7262,0.9578
S1-214365425,S2-604271882,US,S2,52,0.7667,0.9330
S1-214365425,S2-508014557,US,S2,56,0.7667,0.9992
S1-214365425,S2-46998777,US,S2,58,0.7667,0.7911
S1-214421416,S3-795194432,US,S3,1,0.9000,0.9995
S1-214421416,S2-194976990,US,S2,2,0.7500,0.9991
S1-214421416,S3-505570298,US,S3,3,0.5667,0.8913
S1-214438955,S3-639989233,India,S3,1,1.0000,0.9999
S1-214438955,S3-533998066,India,S3,5,0.7762,0.9858
S1-214480540,S2-594128073,US,S2,1,1.0000,0.9998
S1-214480540,S2-370785631,US,S2,2,1.0000,0.9998
S1-214480540,S3-490691681,US,S3,4,0.7667,0.5275
S1-214480540,S2-720620807,US,S2,8,0.6296,0.9979
S1-214577074,S3-975262946,US,S3,1,0.8667,0.8966
S1-214577074,S3-465369187,US,S3,2,0.8667,0.8466
S1-214577074,S3-326745279,US,S3,3,0.7667,0.2696
S1-214577074,S2-421235228,US,S2,5,0.7061,0.9977
S1-214577074,S2-230422631,US,S2,6,0.6882,0.9988
S1-214606987,S2-620694974,US,S2,1,0.9000,0.9999
S1-214606987,S3-877167597,US,S3,2,0.7667,0.2674
S1-214606987,S3-78463066,US,S3,3,0.7667,0.9819
S1-214606987,S3-723415562,US,S3,4,0.7667,0.7948
S1-214606987,S2-101173110,US,S2,7,0.7292,0.9925
S1-214633376,S2-631695169,India,S2,1,1.0000,0.9997
S1-214633376,S2-397021172,India,S2,2,0.4933,0.9953
S1-214781866,S2-446813898,India,S2,1,1.0000,1.0000
S1-214781866,S3-4905763,India,S3,2,0.8667,0.7903
S1-214781866,S2-86157886,India,S2,8,0.7471,0.9994
S1-214781866,S2-922940060,India,S2,91,0.6036,0.9957
S1-214925794,S3-955387450,US,S3,1,0.7709,0.9963
S1-215105816,S2-17391307,US,S2,1,1.0000,0.9999
S1-215105816,S3-286824111,US,S3,2,0.6325,0.9647
S1-215126279,S3-240306484,India,S3,1,0.8667,0.9996
S1-215126279,S2-188653855,India,S2,2,0.8667,0.5729
S1-215177900,S3-532761614,US,S3,1,0.8281,1.0000
S1-215177900,S3-841322997,US,S3,2,0.7667,0.7920
S1-215177900,S2-68472910,US,S2,3,0.7667,0.9963
S1-215257166,S3-875720662,India,S3,5,1.0000,1.0000
S1-215257166,S3-20302662,India,S3,17,1.0000,0.9994
S1-215257166,S2-987634457,India,S2,18,1.0000,1.0000
S1-215257166,S3-301375516,India,S3,117,0.8451,0.9955
S1-215266399,S3-508083648,US,S3,1,1.0000,1.0000
S1-215266399,S2-619548330,US,S2,2,0.9212,0.9998
S1-215266399,S3-894818190,US,S3,3,0.8985,0.9992
S1-215266399,S3-716165071,US,S3,4,0.8583,0.9978
S1-215266399,S3-105462402,US,S3,5,0.8583,0.9992
S1-215266399,S2-441238102,US,S2,6,0.8583,0.9995
S1-215266399,S2-797465499,US,S2,7,0.7985,0.9994
S1-215266399,S2-64554365,US,S2,9,0.7222,0.9992
S1-215340174,S3-360246210,US,S3,1,0.8843,0.9997
S1-215340174,S2-325307325,US,S2,2,0.7879,0.9996
S1-215340174,S3-677070232,US,S3,4,0.7115,0.9994
S1-215470347,S3-720147548,India,S3,1,0.7667,0.4131
S1-215569100,S3-96261540,India,S3,1,1.0000,0.9978
S1-215569100,S2-512610647,India,S2,9,0.7970,0.9992
S1-215584606,S3-20760797,India,S3,1,1.0000,0.9998
S1-215584606,S2-14586796,India,S2,2,0.9000,0.9994
S1-215584606,S2-133427601,India,S2,4,0.8544,0.9998
S1-215584606,S3-403328629,India,S3,5,0.7569,0.9994
S1-215584606,S3-57219897,India,S3,6,0.6762,0.9990
S1-215688874,S2-596528050,US,S2,1,1.0000,1.0000
S1-215688874,S3-423851697,US,S3,2,0.9000,0.9943
S1-215688874,S3-114328860,US,S3,3,0.9000,0.9999
S1-215688874,S3-907828955,US,S3,4,0.7000,0.9999
S1-215688874,S3-524347923,US,S3,5,0.6407,0.9936
S1-21587467,S3-906048573,India,S3,1,1.0000,0.9999
S1-21587467,S3-118407848,India,S3,2,1.0000,1.0000
S1-21587467,S2-937671524,India,S2,3,1.0000,1.0000
S1-21587467,S2-218211203,India,S2,4,0.6942,0.9984
S1-21587467,S3-814138183,India,S3,24,0.6364,0.9996
S1-215925946,S3-839613109,US,S3,1,0.8733,0.9999
S1-215925946,S2-220750141,US,S2,2,0.8733,0.9998
S1-215925946,S3-294929324,US,S3,3,0.7667,0.8714
S1-21597078,S3-994129199,US,S3,1,0.8801,0.9995
S1-215983771,S2-971422531,India,S2,1,1.0000,1.0000
S1-215983771,S2-650136580,India,S2,2,1.0000,0.9998
S1-215983771,S3-219952061,India,S3,3,0.9600,0.9999
S1-215995197,S2-890404441,US,S2,1,1.0000,1.0000
S1-215995197,S2-867730396,US,S2,2,1.0000,1.0000
S1-215995197,S2-346448431,US,S2,3,1.0000,1.0000
S1-215995197,S3-524770072,US,S3,4,0.7667,0.7364
S1-216017794,S3-493307259,India,S3,1,1.0000,1.0000
S1-216017794,S2-577743170,India,S2,2,1.0000,1.0000
S1-216017794,S2-358722013,India,S2,3,0.8583,0.9999
S1-216017794,S2-159216132,India,S2,4,0.8480,0.9999
S1-216132026,S3-651446574,US,S3,1,1.0000,1.0000
S1-216132026,S3-104167171,US,S3,2,0.8424,0.9991
S1-216132026,S3-684174359,US,S3,3,0.7992,0.9969
S1-216132026,S3-60591767,US,S3,4,0.7667,0.9992
S1-216199859,S3-698548357,US,S3,1,1.0000,1.0000
S1-216199859,S2-338145253,US,S2,2,0.9333,0.9999
S1-216199859,S2-206963481,US,S2,3,0.9333,0.9999
S1-216199859,S2-510389035,US,S2,4,0.8667,0.9980
S1-216199859,S2-115616106,US,S2,5,0.8667,0.9984
S1-216224739,S3-242129450,US,S3,30,0.7667,0.9973
S1-216231445,S2-266342934,US,S2,1,1.0000,0.9998
S1-216231445,S2-262264898,US,S2,2,0.8156,0.9992
S1-216231445,S3-698403249,US,S3,3,0.7625,0.9990
S1-216302698,S3-475727240,US,S3,1,1.0000,0.9999
S1-216302698,S3-336854811,US,S3,2,1.0000,1.0000
S1-216302698,S3-43135977,US,S3,16,0.7667,0.4555
S1-216302698,S3-702408527,US,S3,76,0.7275,0.9986
S1-216455882,S2-563465977,India,S2,1,0.7970,1.0000
S1-216455882,S3-441672344,India,S3,3,0.7392,0.9996
S1-216503703,S2-350905784,India,S2,1,1.0000,0.9998
S1-216503703,S2-207726233,India,S2,3,0.7923,0.9998
S1-216576484,S2-436553160,India,S2,1,0.9000,0.9888
S1-21661695,S3-666313572,US,S3,1,1.0000,1.0000
S1-21661695,S2-164626287,US,S2,2,0.7896,0.9984
S1-21661695,S3-290996364,US,S3,3,0.7667,0.9992
S1-216686007,S3-118983925,US,S3,1,1.0000,0.9998
S1-216686007,S2-717965413,US,S2,2,1.0000,0.9997
S1-216686007,S2-238541139,US,S2,3,0.8436,0.9995
S1-216686007,S2-389692149,US,S2,5,0.7667,0.3385
S1-21672816,S3-391906930,India,S3,1,0.8667,0.5263
S1-21672816,S2-722913482,India,S2,2,0.8667,0.9997
S1-21672816,S2-140035355,India,S2,3,0.8667,0.9884
S1-216740045,S3-406238840,India,S3,1,0.9000,0.9996
S1-216740045,S3-595953266,India,S3,3,0.8480,0.9995
S1-216740045,S3-229795340,India,S3,4,0.7745,0.9911
S1-216740045,S3-663769106,India,S3,6,0.6667,0.9980
S1-216771004,S2-843594663,US,S2,1,0.7667,0.9976
S1-216771004,S3-466219050,US,S3,2,0.7658,0.9989
S1-216771004,S2-720183072,US,S2,3,0.6782,0.9863
S1-216771004,S2-871674204,US,S2,4,0.6048,0.9960
S1-216774405,S3-928010276,India,S3,1,1.0000,1.0000
S1-216774405,S3-447977855,India,S3,2,1.0000,0.9995
S1-216774405,S2-20445770,India,S2,3,1.0000,1.0000
S1-216774405,S3-507592586,India,S3,4,0.8054,0.9916
S1-216779057,S3-531394360,India,S3,1,1.0000,0.9992
S1-216779057,S3-188222549,India,S3,2,1.0000,0.9993
S1-216779057,S3-556687494,India,S3,3,0.8333,0.8874
S1-216779057,S2-652047699,India,S2,5,0.7333,0.9936
S1-216818423,S2-406463816,India,S2,1,0.8667,0.9953
S1-216818423,S3-876448404,India,S3,2,0.7667,0.9901
S1-216818423,S3-657162762,India,S3,3,0.7667,0.9946
S1-216818423,S3-31143844,India,S3,4,0.7667,0.9946
S1-216854611,S3-909819254,US,S3,1,1.0000,0.9997
S1-216854611,S3-671462374,US,S3,2,0.7667,0.9988
S1-216854611,S2-445825964,US,S2,3,0.7559,0.9984
S1-216919256,S3-687465151,US,S3,2,0.7909,0.9986
S1-216919256,S2-128762359,US,S2,3,0.7667,0.3059
S1-216919256,S3-626196372,US,S3,4,0.6667,0.9965
S1-216956247,S3-784517814,US,S3,1,1.0000,1.0000
S1-216956247,S2-702723009,US,S2,2,1.0000,1.0000
S1-216956247,S2-531300167,US,S2,3,1.0000,1.0000
S1-216956247,S3-864023184,US,S3,1046,0.7185,0.9961
S1-216975553,S3-773458063,US,S3,1,1.0000,0.9996
S1-216975553,S2-617373901,US,S2,2,1.0000,0.9999
S1-216975553,S3-764502327,US,S3,3,0.7667,0.9996
S1-217000783,S2-725392293,US,S2,21,0.7083,0.9852
S1-217020230,S3-798417687,India,S3,1,1.0000,1.0000
S1-217020230,S2-810152162,India,S2,2,1.0000,1.0000
S1-217020230,S2-564883413,India,S2,3,1.0000,0.9992
S1-217020230,S3-412801075,India,S3,5,0.7632,0.9982
S1-217044041,S3-128010086,US,S3,1,0.8719,0.9995
S1-217044041,S2-956235368,US,S2,11,0.7667,0.9987
S1-217044041,S3-91235262,US,S3,29,0.5444,0.9993
S1-217078149,S3-366289798,US,S3,1,1.0000,1.0000
S1-217078149,S2-915830722,US,S2,2,0.5833,0.9811
S1-21713033,S2-247191874,US,S2,1,1.0000,0.9997
S1-21713033,S3-822157296,US,S3,2,0.8667,0.8787
S1-21713033,S3-504697487,US,S3,50,0.7667,0.9921
S1-21713033,S2-465968030,US,S2,112,0.7667,0.9832
S1-217211620,S2-516507712,US,S2,1,1.0000,1.0000
S1-217211620,S2-187305945,US,S2,2,1.0000,1.0000
S1-217211620,S3-524812220,US,S3,3,0.7667,0.3004
S1-217211620,S3-377299764,US,S3,4,0.7667,0.7851
S1-217401217,S3-39848841,India,S3,1,1.0000,0.9972
S1-217401217,S2-519828823,India,S2,2,1.0000,0.9984
S1-217401217,S3-749158811,India,S3,1004,0.7410,0.9988
S1-217402425,S3-721855425,US,S3,1,1.0000,1.0000
S1-217402425,S2-962472939,US,S2,2,0.7758,0.9985
S1-217402425,S2-670967818,US,S2,4,0.7667,0.9986
S1-217425850,S3-760270199,US,S3,1,0.9000,0.9999
S1-217425850,S2-610389700,US,S2,2,0.9000,1.0000
S1-217425850,S3-819073731,US,S3,4,0.6823,0.9665
S1-217521310,S3-564427368,US,S3,1,1.0000,1.0000
S1-217521310,S3-155221594,US,S3,2,1.0000,0.9996
S1-217521310,S2-905872070,US,S2,3,1.0000,0.9997
S1-217521310,S2-621019142,US,S2,4,1.0000,1.0000
S1-217521310,S2-233103347,US,S2,5,0.9198,0.9999
S1-217591141,S3-426187794,India,S3,1,1.0000,1.0000
S1-217591141,S2-520268469,India,S2,2,1.0000,0.9980
S1-217591141,S3-544956640,India,S3,3,0.6312,0.9958
S1-217665117,S3-123966465,US,S3,1,1.0000,1.0000
S1-217665117,S2-725501670,US,S2,3,0.8372,0.9995
S1-217665117,S2-382362070,US,S2,24,0.7667,0.9988
S1-217682174,S2-944631111,US,S2,1,1.0000,1.0000
S1-217682174,S3-750879311,US,S3,2,0.8236,0.9970
S1-217682174,S2-214784955,US,S2,3,0.7748,0.9989
S1-217682174,S2-216368804,US,S2,5,0.7667,0.9960
S1-217698258,S2-488829588,US,S2,1,0.9333,1.0000
S1-217698258,S3-244555046,US,S3,2,0.9000,0.9996
S1-217698258,S2-495024532,US,S2,5,0.6433,0.7922
S1-217708727,S3-250087592,US,S3,1,0.8667,0.9327
S1-217708727,S3-149121903,US,S3,2,0.8667,0.8909
S1-217708727,S2-658037122,US,S2,3,0.7667,0.5736
S1-217708727,S3-438680393,US,S3,4,0.7544,0.9882
S1-217708727,S3-197201072,US,S3,5,0.6424,0.9014
S1-217708727,S3-703072189,US,S3,6,0.6000,0.9764
S1-217751106,S3-961494320,India,S3,1,1.0000,1.0000
S1-217751106,S2-228890351,India,S2,63,0.7083,0.9848
S1-217794291,S3-907288187,India,S3,2,0.8724,0.9994
S1-217823106,S2-611791238,India,S2,1,0.7778,0.9225
S1-217823106,S2-105117945,India,S2,2,0.6913,0.4173
S1-217823106,S3-439881978,India,S3,3,0.6860,0.9913
S1-217840282,S3-891298428,India,S3,1,1.0000,0.9938
S1-217840282,S3-309917280,India,S3,2,1.0000,0.9938
S1-217840282,S2-279310514,India,S2,3,1.0000,0.9873
S1-217840282,S3-54389982,India,S3,24,0.6965,0.9989
S1-217893222,S2-807868118,US,S2,1,0.8387,0.9998
S1-217893222,S2-998639395,US,S2,14,0.6722,0.8608
S1-217893222,S3-291107204,US,S3,15,0.6667,0.9864
S1-21792411,S3-611986372,India,S3,1,1.0000,1.0000
S1-21792411,S2-121096971,India,S2,2,1.0000,0.9984
S1-217931858,S2-232579982,India,S2,1,1.0000,1.0000
S1-217931858,S3-440674567,India,S3,2,0.9500,1.0000
S1-217931858,S2-631100460,India,S2,3,0.7583,0.9988
S1-217994188,S3-525712640,US,S3,1,1.0000,0.9997
S1-217994188,S2-214471092,US,S2,2,0.8619,0.9999
S1-217994188,S3-648831851,US,S3,3,0.7636,0.9995
S1-218001879,S3-423985193,India,S3,1,0.7667,0.9950
S1-218050274,S3-501227953,India,S3,3,1.0000,0.9996
S1-218050274,S2-243832331,India,S2,10,1.0000,0.9978
S1-21805255,S2-825295039,US,S2,1,1.0000,1.0000
S1-21805255,S3-870748823,US,S3,9,0.7333,0.9988
S1-218128825,S2-188428957,US,S2,1,1.0000,0.9998
S1-218128825,S3-172460360,US,S3,3,0.7822,0.9987
S1-218128825,S3-350795320,US,S3,37,0.7667,0.8172
S1-218128825,S3-509452365,US,S3,83,0.7185,0.9982
S1-218129145,S3-175010348,India,S3,1,1.0000,1.0000
S1-218129145,S2-759398568,India,S2,1833,0.6333,0.8386
S1-218129145,S2-497467124,India,S2,1932,0.5105,0.4062
S1-218202551,S3-876965536,US,S3,1,1.0000,1.0000
S1-218202551,S2-10248835,US,S2,2,0.9000,0.9973
S1-218202551,S3-416086543,US,S3,8,0.7246,0.9934
S1-218202551,S3-5906086,US,S3,13,0.5061,0.5179
S1-218242014,S3-223550656,US,S3,1,0.8673,0.9995
S1-218242014,S3-896313919,US,S3,2,0.8243,0.9991
S1-218381448,S2-573124367,India,S2,1,1.0000,0.9998
S1-218381448,S3-548989306,India,S3,2,0.9333,1.0000
S1-218381448,S3-741142906,India,S3,3,0.8014,0.9994
S1-218381448,S2-409919254,India,S2,4,0.7619,0.9963
S1-218381448,S2-433630064,India,S2,5,0.7000,0.9998
S1-218468554,S2-622047179,US,S2,1,1.0000,1.0000
S1-218473418,S3-749180319,India,S3,1,1.0000,1.0000
S1-218473418,S3-432334881,India,S3,2,1.0000,1.0000
S1-218473418,S2-448720352,India,S2,6,0.7273,0.7381
S1-218695840,S2-732400847,India,S2,1,1.0000,1.0000
S1-218695840,S2-624448643,India,S2,2,1.0000,1.0000
S1-218695840,S2-150281244,India,S2,3,1.0000,0.9998
S1-218695840,S3-386720655,India,S3,4,0.7667,0.3206
S1-218695840,S2-689366639,India,S2,6,0.6556,0.9999
S1-218736489,S3-341357232,India,S3,60,0.7095,0.9837
S1-218787049,S3-66660003,US,S3,1,0.8302,0.9997
S1-218787049,S3-498815923,US,S3,10,0.7588,0.9987
S1-218880576,S2-227241211,US,S2,1,1.0000,0.9996
S1-218880576,S2-449566497,US,S2,2,0.8658,0.9995
S1-218880576,S3-802118852,US,S3,3,0.7667,0.9990
S1-218972404,S2-932066125,India,S2,1,1.0000,0.9998
S1-218972404,S2-571704596,India,S2,2,1.0000,1.0000
S1-218972404,S2-368501947,India,S2,3,1.0000,0.9993
S1-218972404,S3-506577288,India,S3,7,0.7157,0.9988
S1-218972404,S3-856166274,India,S3,9,0.6944,0.9994
S1-219096521,S3-508857661,US,S3,1,1.0000,0.9998
S1-219096521,S2-730530549,US,S2,2,1.0000,1.0000
S1-219096521,S2-202597489,US,S2,3,0.8396,0.9966
S1-219096521,S2-366123421,US,S2,5,0.7037,0.9968
S1-219119380,S2-705309930,US,S2,1,0.8381,0.9996
S1-219119380,S3-135753358,US,S3,2,0.8156,0.9981
S1-219283514,S3-895567930,India,S3,1,0.8500,0.9995
S1-21936032,S3-350528719,US,S3,1,1.0000,0.9996
S1-21936032,S3-178502244,US,S3,2,1.0000,0.9998
S1-21936032,S2-474245912,US,S2,3,0.9251,0.9997
S1-21936032,S3-933696801,US,S3,4,0.8495,0.9978
S1-21936289,S2-197658994,US,S2,1,0.9000,0.9993
S1-21936289,S3-31493415,US,S3,2,0.8500,0.9985
S1-21936289,S3-706424247,US,S3,24,0.7527,0.9961
S1-219369888,S3-684038861,India,S3,1,1.0000,1.0000
S1-219369888,S2-2885086,India,S2,2,0.7884,0.9924
S1-219369888,S3-535204302,India,S3,3,0.7667,0.8040
S1-219369888,S2-678407194,India,S2,7,0.7444,0.9775
S1-219513792,S3-863185717,US,S3,1,1.0000,1.0000
S1-219513792,S3-587441080,US,S3,2,1.0000,1.0000
S1-219513792,S2-206917427,US,S2,3,0.7667,0.9142
S1-219530827,S2-826597942,US,S2,1,1.0000,1.0000
S1-219530827,S2-452229948,US,S2,2,1.0000,0.9998
S1-219610937,S3-60933659,US,S3,1,0.7762,0.9980
S1-219610937,S2-733417008,US,S2,2,0.7667,0.9973
S1-219675172,S3-725925906,US,S3,1,0.7667,0.6883
S1-219675172,S3-225806456,US,S3,3,0.6559,0.9902
S1-219675172,S2-561126601,US,S2,4,0.6296,0.9966
S1-219675172,S2-481968682,US,S2,5,0.6026,0.9497
S1-219701220,S3-390934739,India,S3,1,1.0000,1.0000
S1-219701220,S2-302338077,India,S2,2,1.0000,0.9988
S1-219701220,S2-561565719,India,S2,3,0.8619,0.9999
S1-21970148,S3-308587626,US,S3,1,1.0000,0.9997
S1-21970148,S2-771045175,US,S2,2,1.0000,1.0000
S1-21970148,S2-885544324,US,S2,3,0.8018,0.9976
S1-219753352,S2-847078823,US,S2,2,0.6548,0.9989
S1-21976311,S3-527955061,US,S3,1,1.0000,1.0000
S1-21976311,S3-477356870,US,S3,2,1.0000,1.0000
S1-21976311,S2-865557718,US,S2,3,1.0000,1.0000
S1-21976311,S2-526420446,US,S2,4,1.0000,1.0000
S1-21976311,S2-937264616,US,S2,5,0.8333,0.9972
S1-21976311,S3-753141658,US,S3,6,0.7771,0.9999
S1-21976311,S2-598417381,US,S2,8,0.7667,0.9982
S1-219781929,S3-896667584,US,S3,1,0.8589,0.9972
S1-219851222,S2-939253453,India,S2,1,1.0000,0.9996
S1-219851222,S2-61989963,India,S2,3,0.8424,0.9926
S1-219851222,S3-105699907,India,S3,7,0.6742,0.9934
S1-219898374,S3-113444139,US,S3,1,0.8037,0.9999
S1-219898374,S2-983242239,US,S2,2,0.6864,0.9974
S1-219932534,S3-620032892,India,S3,1,1.0000,0.9997
S1-219932534,S3-16898638,India,S3,2,1.0000,1.0000
S1-219932534,S3-170534176,India,S3,4,0.8396,0.9990
S1-220020631,S2-973786548,India,S2,1,1.0000,0.9997
S1-220020631,S2-638709148,India,S2,2,1.0000,0.9980
S1-220020631,S2-226627420,India,S2,3,0.7889,0.9989
S1-220020631,S3-650441706,India,S3,4,0.7807,0.9945
S1-220020631,S2-584787816,India,S2,16,0.7619,0.9996
S1-220024397,S3-966974796,US,S3,1,0.9000,0.9998
S1-220024397,S2-369412651,US,S2,2,0.9000,0.9999
S1-220030575,S2-697113063,India,S2,1,1.0000,0.9994
S1-220030575,S3-225554948,India,S3,21,0.7492,0.9395
S1-220030575,S2-363572760,India,S2,22,0.7396,0.9965
S1-220030575,S3-874430836,India,S3,23,0.7278,0.9921
S1-220030575,S3-298120086,India,S3,24,0.7158,0.9839
S1-220030575,S3-176446728,India,S3,385,0.5617,0.9649
S1-220034289,S2-847368772,US,S2,27,0.7262,0.9969
S1-220066428,S3-73995380,US,S3,1,0.9000,0.9920
S1-220066428,S2-227582763,US,S2,2,0.9000,0.9986
S1-220066643,S2-910209466,India,S2,1,1.0000,0.9997
S1-220066643,S2-698038143,India,S2,2,1.0000,0.9997
S1-220066643,S3-9303187,India,S3,18,0.6667,0.9814
S1-220067687,S2-479224356,US,S2,1,1.0000,1.0000
S1-220067687,S2-778858660,US,S2,2,0.8673,0.9997
S1-220067687,S3-174608508,US,S3,3,0.8299,0.9982
S1-220078058,S3-18305423,US,S3,1,1.0000,1.0000
S1-220084493,S3-131001540,US,S3,1,0.8387,0.9990
S1-220084493,S2-474097507,US,S2,8,0.7667,0.9956
S1-220119875,S3-273825336,US,S3,1,0.9000,0.9998
S1-220177162,S3-882434496,India,S3,2,0.8667,0.9998
S1-220206661,S2-755116477,India,S2,1,1.0000,1.0000
S1-220206661,S2-396250887,India,S2,2,1.0000,1.0000
S1-220206661,S2-271429977,India,S2,3,1.0000,0.9996
S1-220206661,S2-192683116,India,S2,4,1.0000,1.0000
S1-220206661,S3-698622142,India,S3,6,0.7522,1.0000
S1-220306891,S2-826960482,US,S2,1,1.0000,0.9998
S1-220306891,S3-418989818,US,S3,3,0.7667,0.5855
S1-220340636,S2-582257514,US,S2,1,1.0000,0.9995
S1-220340636,S3-829630750,US,S3,4,0.7342,0.9973
S1-220372479,S3-10863684,India,S3,1,0.9000,0.9576
S1-220372479,S3-964670071,India,S3,4,0.7169,1.0000
S1-220372479,S2-520225789,India,S2,5,0.6847,0.9978
S1-220372479,S2-272567342,India,S2,8,0.6389,0.9899
S1-220428919,S3-580501337,India,S3,1,1.0000,1.0000
S1-220428919,S3-361351565,India,S3,2,0.8667,0.9987
S1-220428919,S2-358432332,India,S2,7,0.7088,0.9989
S1-220453700,S3-912918231,US,S3,1,0.7704,0.9990
S1-220492813,S2-684603102,India,S2,1,0.8667,0.9996
S1-220506408,S2-560508590,US,S2,1,1.0000,1.0000
S1-220506408,S3-104817357,US,S3,2,0.9000,0.9999
S1-220506408,S2-231161058,US,S2,11,0.7658,0.9998
S1-220506408,S2-77683549,US,S2,12,0.7619,0.9990
S1-220506408,S3-219408474,US,S3,13,0.6190,0.9978
S1-220548013,S3-763593770,India,S3,1,0.9333,0.9987
S1-220548013,S3-157695569,India,S3,2,0.9333,0.9987
S1-220548013,S2-49859974,India,S2,6,0.7909,0.9978
S1-220556536,S3-478185838,US,S3,2,0.7245,0.9985
S1-220556536,S3-608100054,US,S3,3,0.6892,0.9983
S1-220560062,S3-212835009,US,S3,1,0.7667,0.3597
S1-220568046,S3-285949002,US,S3,1,0.9232,0.9998
S1-220601125,S3-343634254,India,S3,1,1.0000,0.9998
S1-220601125,S2-747863063,India,S2,2,1.0000,0.9999
S1-220700904,S2-87601505,India,S2,2,0.6667,0.6273
S1-220700904,S2-353818698,India,S2,5,0.6667,0.6273
S1-220700904,S3-581481750,India,S3,23,0.5667,0.5439
S1-220767290,S2-991129962,US,S2,1,1.0000,1.0000
S1-220767290,S3-294738141,US,S3,2,0.8232,0.9997
S1-220767290,S2-76374179,US,S2,3,0.7872,0.9995
S1-220982844,S2-853485257,India,S2,1,1.0000,1.0000
S1-220982844,S3-846539753,India,S3,2,0.7852,1.0000
S1-220982844,S3-787286199,India,S3,4,0.6667,0.9981
S1-221046221,S3-962587471,India,S3,1,1.0000,0.9997
S1-221046221,S3-16515671,India,S3,2,1.0000,0.9992
S1-221046221,S3-104280196,India,S3,3,1.0000,0.9986
S1-221101876,S2-706718849,India,S2,5,0.7667,0.3048
S1-221101876,S3-872981055,India,S3,9,0.6659,0.9980
S1-221160806,S3-171579491,US,S3,1,0.9140,0.9998
S1-221160806,S3-934235591,US,S3,2,0.8451,0.9992
S1-221160806,S2-103272685,US,S2,3,0.8451,0.9992
S1-221160806,S2-977650308,US,S2,4,0.7692,0.9994
S1-221228603,S2-45423146,India,S2,2,1.0000,1.0000
S1-221228603,S3-375658203,India,S3,3,0.9333,0.9881
S1-221306014,S3-707709907,US,S3,1,1.0000,0.9998
S1-221306014,S3-539357057,US,S3,2,1.0000,1.0000
S1-221306014,S2-772473581,US,S2,3,1.0000,1.0000
S1-221306014,S2-539476863,US,S2,4,1.0000,1.0000
S1-221306014,S2-368603626,US,S2,5,0.7667,0.6279
S1-22131181,S3-501957173,US,S3,1,1.0000,0.9999
S1-22131181,S3-130489224,US,S3,2,0.8333,0.9987
S1-221366439,S3-792954835,India,S3,1,1.0000,1.0000
S1-221366439,S3-407510809,India,S3,2,1.0000,0.9998
S1-221366439,S3-372723375,India,S3,3,1.0000,1.0000
S1-221366439,S2-741917500,India,S2,4,1.0000,0.9996
S1-221366439,S2-185622909,India,S2,5,1.0000,0.9998
S1-221366439,S3-52187435,India,S3,16,0.6312,0.9999
S1-22139073,S2-155162862,US,S2,1,0.8917,0.9996
S1-221391888,S3-387610792,US,S3,1,1.0000,1.0000
S1-221391888,S2-892552600,US,S2,2,1.0000,1.0000
S1-221391888,S2-308943155,US,S2,3,1.0000,1.0000
S1-221391888,S2-935581196,US,S2,20,0.7667,0.2438
S1-221443738,S2-846577434,US,S2,1,1.0000,0.9997
S1-221443738,S2-624908301,US,S2,2,0.9011,0.9989
S1-221539572,S3-94441980,US,S3,1,1.0000,0.9998
S1-22157757,S3-995769295,US,S3,1,1.0000,0.9996
S1-22157757,S3-672122574,US,S3,2,1.0000,0.9996
S1-22157757,S3-491753116,US,S3,3,1.0000,1.0000
S1-221717692,S2-912703069,US,S2,1,1.0000,0.9999
S1-221717692,S2-660024479,US,S2,2,1.0000,1.0000
S1-221717692,S2-312082142,US,S2,3,1.0000,0.9990
S1-221717692,S2-291290048,US,S2,835,0.7458,0.9911
S1-221737464,S2-728125196,India,S2,1,1.0000,0.9982
S1-221737464,S3-341562304,India,S3,2,0.9000,0.9994
S1-221737464,S3-316933612,India,S3,3,0.9000,0.9950
S1-221737464,S3-461913637,India,S3,4,0.6179,0.9196
S1-221810783,S3-455469208,US,S3,1,1.0000,1.0000
S1-221810783,S2-44176425,US,S2,2,1.0000,1.0000
S1-221810783,S2-610025605,US,S2,3,0.7667,0.9996
S1-221831689,S3-416839815,US,S3,1,0.8583,0.9991
S1-221831689,S3-151847707,US,S3,3,0.7658,0.9994
S1-221831689,S3-728292234,US,S3,4,0.7481,0.9995
S1-22184564,S3-447725093,US,S3,1,0.9000,0.9999
S1-22184564,S2-772073091,US,S2,4,0.7667,0.7999
S1-22184564,S3-346723639,US,S3,8,0.7051,0.9855
S1-221849099,S2-351801500,US,S2,1,1.0000,0.9994
S1-221950529,S3-433913896,India,S3,1,1.0000,0.9966
S1-221950529,S2-37605507,India,S2,3,0.9000,0.9994
S1-221950529,S2-31099397,India,S2,4,0.9000,0.9911
S1-221950529,S2-915183860,India,S2,11,0.5152,0.9759
S1-222003598,S3-847522698,US,S3,1,1.0000,1.0000
S1-222003598,S3-362167541,US,S3,2,1.0000,1.0000
S1-222003598,S2-219358390,US,S2,3,0.9000,0.9966
S1-222003598,S3-803424748,US,S3,5,0.7752,0.9996
S1-222281638,S3-599378463,US,S3,1,0.8667,0.9989
S1-222281638,S3-458412148,US,S3,2,0.7667,0.7948
S1-222281638,S2-812422571,US,S2,3,0.7527,0.9989
S1-222308186,S3-615212272,US,S3,1,0.7500,0.8613
S1-222314705,S3-861134327,US,S3,1,1.0000,1.0000
S1-222314705,S2-505267784,US,S2,2,1.0000,1.0000
S1-222340908,S3-496789235,US,S3,1,0.7417,0.9992
S1-222340908,S2-877381718,US,S2,7,0.5848,0.9941
S1-222406910,S2-390324166,US,S2,1,1.0000,0.9996
S1-222406910,S2-810381636,US,S2,2,0.7667,0.7873
S1-222477309,S3-788176304,India,S3,1,1.0000,1.0000
S1-222477309,S2-813243568,India,S2,20,0.8667,0.9994
S1-222477309,S2-375053526,India,S2,24,0.8667,0.5481
S1-222477309,S2-965615939,India,S2,1023,0.6077,0.9734
S1-222477309,S2-954213249,India,S2,1210,0.4818,0.7697
S1-222488946,S3-907208666,US,S3,1,0.7692,0.9993
S1-222644397,S2-792842983,India,S2,1,1.0000,0.9999
S1-222644397,S2-242215645,India,S2,2,1.0000,0.9971
S1-222644397,S2-120032651,India,S2,3,1.0000,0.9971
S1-222644397,S3-511574057,India,S3,4,0.8059,0.9980
S1-222663796,S3-220260508,India,S3,3,0.8667,0.9981
S1-222755935,S2-203912466,India,S2,1,0.9333,0.9999
S1-222755935,S3-499948610,India,S3,162,0.6222,0.9839
S1-222755935,S2-665639581,India,S2,333,0.5369,0.9892
S1-222755935,S3-333414594,India,S3,1564,0.4476,0.9454
S1-222809194,S3-718090549,India,S3,1,1.0000,0.9999
S1-222809194,S3-136547288,India,S3,2,1.0000,0.9993
S1-222809194,S2-595730735,India,S2,3,1.0000,1.0000
S1-222809194,S2-108198872,India,S2,4,1.0000,1.0000
S1-222985372,S3-766446110,India,S3,102,0.6043,0.9972
S1-222985372,S2-158088930,India,S2,318,0.4818,0.9915
S1-223025838,S3-791112284,US,S3,1,1.0000,0.9996
S1-223025838,S2-5301440,US,S2,2,1.0000,0.9997
S1-223025838,S2-77679803,US,S2,3,0.8048,0.9991
S1-223109360,S3-148582821,US,S3,1,1.0000,1.0000
S1-223109360,S3-393830622,US,S3,23,0.7588,0.9961
S1-223124775,S2-323186759,US,S2,2,0.9167,0.9999
S1-223124775,S2-780171158,US,S2,3,0.8167,0.9995
S1-223124775,S2-932702635,US,S2,7,0.7601,0.9983
S1-223124775,S3-925098323,US,S3,10,0.6167,0.9703
S1-223157796,S2-772994867,US,S2,1,1.0000,1.0000
S1-223157796,S2-254324184,US,S2,2,1.0000,0.9997
S1-223157796,S3-143369948,US,S3,3,0.8111,0.9982
S1-223157796,S2-2943971,US,S2,4,0.7556,0.9988
S1-223188207,S3-685462859,US,S3,1,1.0000,1.0000
S1-223188207,S3-527770165,US,S3,2,1.0000,1.0000
S1-223188207,S2-211308602,US,S2,3,1.0000,0.9994
S1-223188207,S2-690370517,US,S2,7,0.7296,0.9985
S1-22329571,S3-459595998,US,S3,1,1.0000,1.0000
S1-22329571,S2-952772713,US,S2,2,1.0000,1.0000
S1-22329571,S2-332628088,US,S2,3,1.0000,1.0000
S1-223302617,S3-929887261,US,S3,1,0.9000,0.9997
S1-223302617,S2-770303287,US,S2,2,0.9000,0.9979
S1-223302617,S2-369461292,US,S2,3,0.9000,0.9935
S1-223302617,S3-144829816,US,S3,4,0.7667,0.9953
S1-223302617,S2-294971587,US,S2,5,0.7667,0.7768
S1-223302617,S3-476615059,US,S3,6,0.6143,0.9846
S1-223385900,S3-584575049,US,S3,1,1.0000,1.0000
S1-223385900,S2-746927048,US,S2,2,1.0000,1.0000
S1-223385900,S2-18790128,US,S2,3,0.8407,0.9986
S1-223423727,S2-812946530,US,S2,717,0.7667,0.9674
S1-223423727,S2-518149746,US,S2,1225,0.7117,0.9976
S1-223432866,S3-185561078,US,S3,2,0.7126,0.9935
S1-223432866,S2-81210728,US,S2,3,0.5667,0.9979
S1-223473124,S3-315998613,US,S3,1,1.0000,0.9999
S1-223473124,S3-706956590,US,S3,2,0.7905,0.9973
S1-223473124,S3-555051183,US,S3,3,0.7897,0.9994
S1-223473124,S2-93785778,US,S2,69,0.7667,0.7308
S1-223473124,S2-155377805,US,S2,119,0.7667,0.9988
S1-223543218,S3-753809356,US,S3,1,0.9000,0.9821
S1-223543218,S3-168882626,US,S3,2,0.9000,0.9981
S1-223577012,S3-849330010,India,S3,1,1.0000,0.9985
S1-223595335,S3-336396423,India,S3,1,1.0000,0.9974
S1-223595335,S2-34756832,India,S2,1070,0.7111,0.9994
S1-223595403,S2-223449140,India,S2,1,1.0000,1.0000
S1-223595403,S2-232353327,India,S2,15,0.7471,0.9990
S1-223595403,S3-675018530,India,S3,25,0.6296,0.9916
S1-223606910,S2-126542347,US,S2,1,1.0000,1.0000
S1-223606910,S3-882775482,US,S3,2,0.8381,0.9990
S1-223606910,S2-266133854,US,S2,3,0.8042,0.9969
S1-223675317,S3-46760625,India,S3,1,1.0000,0.9996
S1-223675317,S2-472021714,India,S2,14,0.6833,0.9824
S1-223836916,S2-223284101,US,S2,1,0.8556,0.9994
S1-223836916,S3-381866046,US,S3,3,0.7667,0.9919
S1-223955447,S3-982494971,US,S3,1,1.0000,0.9997
S1-223955447,S2-98836379,US,S2,2,0.8658,0.9995
S1-224098513,S2-554893217,US,S2,1,0.9000,0.9976
S1-224098513,S2-517552927,US,S2,2,0.9000,0.9976
S1-224098513,S3-549315957,US,S3,3,0.7667,0.4717
S1-224098513,S2-653819321,US,S2,20,0.4057,0.9841
S1-224102179,S2-404446344,US,S2,1,1.0000,0.9997
S1-224102179,S2-305855671,US,S2,2,1.0000,0.9998
S1-224102179,S2-449512146,US,S2,3,0.7863,0.9994
S1-224102179,S2-491350383,US,S2,4,0.7692,0.9997
S1-224102179,S3-991536157,US,S3,6,0.6667,0.9983
S1-224121263,S3-700597976,US,S3,1,0.7667,0.8362
S1-224165038,S2-990799590,India,S2,1,0.5744,0.9921
S1-224199338,S3-979198130,US,S3,1,1.0000,1.0000
S1-224199338,S3-77664587,US,S3,2,1.0000,1.0000
S1-224199338,S3-565883397,US,S3,3,1.0000,1.0000
S1-224199338,S2-272482031,US,S2,4,1.0000,0.9997
S1-224199338,S2-166051158,US,S2,5,1.0000,1.0000
S1-224199338,S3-316341725,US,S3,1226,0.7250,0.9985
S1-22423856,S2-294091478,US,S2,13,0.7117,0.9933
S1-22423856,S3-664656408,US,S3,21,0.5591,0.9962
S1-224299596,S2-215266487,India,S2,1,1.0000,0.9995
S1-224366749,S3-778538893,US,S3,1,1.0000,0.9999
S1-224366749,S2-653055678,US,S2,2,1.0000,1.0000
S1-224366749,S3-990319909,US,S3,3,0.7667,0.8104
S1-22447797,S3-839591401,India,S3,1,1.0000,0.9969
S1-22447797,S3-416847311,India,S3,2,1.0000,0.9995
S1-22447797,S3-258319371,India,S3,3,1.0000,0.9969
S1-22447797,S3-234334548,India,S3,4,1.0000,0.9996
S1-22447797,S2-898470047,India,S2,5,1.0000,0.9997
S1-22447797,S2-193358106,India,S2,6,0.8583,0.9991
S1-22447797,S2-290501695,India,S2,7,0.8111,0.9992
S1-224478347,S3-206570360,US,S3,1,0.7527,0.9986
S1-224478347,S2-554905213,US,S2,2,0.7527,0.9986
S1-224528365,S3-689215888,US,S3,1,1.0000,0.9999
S1-224528365,S3-470711874,US,S3,2,1.0000,1.0000
S1-224528365,S2-648302843,US,S2,3,1.0000,0.9995
S1-224542763,S2-317081759,India,S2,1,1.0000,0.9969
S1-224542763,S2-134740672,India,S2,2,0.8451,0.9996
S1-224542763,S2-262363658,India,S2,3,0.7527,0.9997
S1-224542763,S3-299559665,India,S3,4,0.5833,0.9895
S1-22454689,S2-463810214,US,S2,1,0.8784,0.9994
S1-22454689,S3-342685582,US,S3,2,0.8658,0.9998
S1-22454689,S3-132357186,US,S3,213,0.7544,0.9979
S1-224595906,S3-440424366,India,S3,1,0.8667,0.8068
S1-224599919,S2-720407253,US,S2,1,1.0000,0.9995
S1-224599919,S2-1906909,US,S2,2,0.7667,0.9998
S1-224672456,S3-94282313,US,S3,1,1.0000,1.0000
S1-224672456,S2-629655032,US,S2,2,0.8667,0.9997
S1-224672456,S3-614445137,US,S3,3,0.8143,0.9988
S1-224672456,S2-379682899,US,S2,5,0.6810,0.9689
S1-224713131,S3-893967589,India,S3,1,0.8667,0.5847
S1-224713131,S2-476612336,India,S2,2,0.8667,0.9944
S1-224715426,S2-764603996,US,S2,1,1.0000,1.0000
S1-224715426,S2-791588029,US,S2,2,0.7667,0.8071
S1-224715426,S2-50511670,US,S2,3,0.7471,0.9992
S1-224715426,S2-987116055,US,S2,4,0.7262,0.9986
S1-224721091,S3-411258011,US,S3,2,0.7533,0.9963
S1-22474125,S2-603744747,India,S2,1,1.0000,0.9959
S1-224753652,S2-623450296,India,S2,1,1.0000,0.9993
S1-224753652,S3-29255076,India,S3,9,0.6692,0.9987
S1-224753652,S3-292205069,India,S3,53,0.5641,0.9058
S1-224782165,S3-202451922,US,S3,1,1.0000,0.9995
S1-224782165,S2-871544076,US,S2,2,1.0000,0.9996
S1-224782165,S2-346345267,US,S2,3,1.0000,0.9997
S1-224782165,S2-610852347,US,S2,19,0.7619,0.9992
S1-22480794,S3-308605771,US,S3,1,1.0000,0.9987
S1-22480794,S3-28741736,US,S3,2,1.0000,0.9987
S1-22480794,S3-23944843,US,S3,102,0.6491,0.9980
S1-224809346,S3-492372252,US,S3,1,1.0000,1.0000
S1-224836349,S3-501889685,US,S3,1,1.0000,1.0000
S1-224836349,S3-263908703,US,S3,2,1.0000,0.9999
S1-224836349,S2-746771214,US,S2,9,0.7667,0.9504
S1-224836349,S2-576159599,US,S2,14,0.6667,0.9986
S1-224860996,S2-682766664,US,S2,1,1.0000,1.0000
S1-224860996,S3-207484283,US,S3,2,0.6458,0.9802
S1-224873392,S2-99221920,US,S2,1,1.0000,1.0000
S1-224907811,S3-815847417,US,S3,1,1.0000,1.0000
S1-224907811,S3-641606286,US,S3,2,1.0000,1.0000
S1-224907811,S2-543075895,US,S2,3,0.9000,0.9999
S1-225060279,S2-716096242,US,S2,1,0.9000,0.9999
S1-225060279,S3-213347620,US,S3,2,0.7803,0.9990
S1-225060279,S3-937258739,US,S3,5,0.7667,0.9969
S1-225060279,S3-712648882,US,S3,92,0.7296,0.9989
S1-225146532,S3-546454369,India,S3,13,0.7667,0.9905
S1-225206342,S3-149567694,US,S3,1,1.0000,1.0000
S1-225206342,S2-460499380,US,S2,2,1.0000,0.9998
S1-225206342,S2-41520975,US,S2,3,0.8333,0.9997
S1-225206342,S2-575850002,US,S2,4,0.8135,0.9986
S1-225251780,S2-400445130,US,S2,1,0.9250,0.9995
S1-225264672,S3-433756191,US,S3,1,0.8014,0.9997
S1-225264672,S3-241457682,US,S3,2,0.7985,0.9995
S1-225264672,S2-902231610,US,S2,3,0.7667,0.9991
S1-225264672,S3-126713174,US,S3,4,0.7444,0.9987
S1-225282493,S2-621467221,US,S2,1,0.8296,0.9992
S1-225282493,S3-367630889,US,S3,2,0.7706,0.9988
S1-225282493,S2-962746630,US,S2,4,0.7667,0.6360
S1-225282493,S3-513998611,US,S3,6,0.6175,0.9999
S1-225449823,S2-82022072,India,S2,1,1.0000,1.0000
S1-225449823,S3-350619326,India,S3,2,0.9600,0.9980
S1-225449823,S3-709411442,India,S3,105,0.7667,0.9988
S1-225449823,S3-37292909,India,S3,106,0.7667,0.9993
S1-225449823,S2-221002676,India,S2,1074,0.6942,0.9994
S1-22551532,S3-996522360,India,S3,1,1.0000,1.0000
S1-22551532,S3-754682203,India,S3,2,1.0000,0.9990
S1-22551532,S2-32054243,India,S2,3,0.9000,0.9833
S1-22551532,S3-851743440,India,S3,4,0.8667,0.9996
S1-22551532,S3-570916965,India,S3,5,0.8667,0.9996
S1-225546556,S3-942189071,India,S3,1,1.0000,0.9991
S1-225616702,S3-870695657,India,S3,1,1.0000,0.9989
S1-225616702,S3-670679992,India,S3,2,1.0000,0.9983
S1-225616702,S3-409300468,India,S3,3,1.0000,0.9999
S1-225616702,S2-811691999,India,S2,4,1.0000,1.0000
S1-22562099,S2-543925483,US,S2,1,1.0000,1.0000
S1-22562099,S3-829387768,US,S3,2,0.7667,0.9988
S1-225644180,S3-886492420,India,S3,1,1.0000,0.9996
S1-225644180,S3-516776183,India,S3,2,1.0000,1.0000
S1-225644180,S2-706690380,India,S2,3,1.0000,1.0000
S1-225644180,S2-681107895,India,S2,4,1.0000,0.9999
S1-225644180,S2-195615475,India,S2,5,1.0000,0.9992
S1-225669251,S2-929408963,India,S2,1,0.7667,0.5742
S1-225669251,S2-804940049,India,S2,2,0.7667,0.5742
S1-225669251,S2-379855841,India,S2,3,0.7667,0.7351
S1-225690858,S2-393699654,India,S2,1,0.7167,0.9844
S1-225727805,S2-468795633,US,S2,1,1.0000,1.0000
S1-225791038,S3-837486294,US,S3,1,1.0000,1.0000
S1-225791038,S2-232403134,US,S2,2,0.9000,0.9960
S1-225791038,S2-174496860,US,S2,3,0.7667,0.9972
S1-225791038,S3-877861876,US,S3,4,0.7377,0.9940
S1-225859880,S2-210075010,US,S2,1,0.9000,0.9999
S1-225859880,S3-832876042,US,S3,2,0.8083,0.9995
S1-225859880,S2-597995562,US,S2,3,0.7667,0.9998
S1-225859880,S2-354003849,US,S2,4,0.6544,0.9918
S1-225860488,S2-930817121,US,S2,1,1.0000,1.0000
S1-225860488,S3-580178422,US,S3,12,0.7238,0.9971
S1-225917768,S2-65010651,India,S2,1,1.0000,0.9996
S1-225917768,S3-996874975,India,S3,2,0.8556,0.9978
S1-225917768,S2-428774224,India,S2,3,0.7667,0.8566
S1-225931555,S3-932636157,US,S3,1,1.0000,0.9998
S1-225931555,S3-269104941,US,S3,2,1.0000,0.9997
S1-225931555,S2-861336674,US,S2,3,1.0000,0.9996
S1-225931555,S2-843266217,US,S2,4,1.0000,0.9998
S1-225931555,S2-488815396,US,S2,112,0.6733,0.9985
S1-225936486,S3-36984348,India,S3,1,1.0000,0.8095
S1-225936486,S2-643463312,India,S2,2,0.8708,0.9950
S1-225936486,S3-499739929,India,S3,5,0.6667,0.9925
S1-226032789,S3-19691259,India,S3,1,0.8161,0.9967
S1-226054427,S3-772275119,US,S3,1,0.8471,0.9993
S1-226059533,S3-135534784,US,S3,40,0.5175,0.1957
S1-22629901,S2-279200934,US,S2,1,1.0000,0.9992
S1-22629901,S2-90308019,US,S2,7,0.7667,0.2438
S1-226334283,S3-210490011,India,S3,1,0.8667,0.9793
S1-226386039,S3-99731074,US,S3,1,1.0000,1.0000
S1-226386039,S2-376635658,US,S2,2,1.0000,1.0000
S1-226386039,S2-10133804,US,S2,3,1.0000,1.0000
S1-226409126,S2-168650359,India,S2,1,1.0000,0.9999
S1-226409126,S2-684758169,India,S2,2,0.9500,0.9996
S1-226409126,S3-192180353,India,S3,3,0.8833,0.9997
S1-226409126,S2-760909540,India,S2,4,0.7083,0.9981
S1-226412147,S3-137115841,US,S3,1,0.8619,0.9998
S1-226412147,S3-956998276,US,S3,2,0.8372,0.9942
S1-226412147,S3-510334944,US,S3,3,0.8372,0.9978
S1-226515975,S3-770608441,US,S3,1,1.0000,0.9997
S1-226515975,S2-395624537,US,S2,3,0.7667,0.5182
S1-226515975,S3-997095945,US,S3,4,0.7016,0.9997
S1-226661666,S3-483279200,India,S3,1,1.0000,0.9999
S1-226661666,S2-377697113,India,S2,2,0.9333,1.0000
S1-226683436,S2-942066845,India,S2,1,1.0000,1.0000
S1-226683436,S2-860451776,India,S2,2,1.0000,0.9995
S1-226683436,S2-501941096,India,S2,3,1.0000,1.0000
S1-226683436,S3-957017007,India,S3,4,0.9000,0.9097
S1-226683436,S3-851412085,India,S3,5,0.9000,0.8678
S1-226683436,S2-155913559,India,S2,6,0.6533,0.9912
S1-2268011,S2-827333085,India,S2,1,1.0000,0.9998
S1-2268011,S3-795939092,India,S3,2,0.8619,0.9992
S1-2268011,S2-734756445,India,S2,3,0.7000,0.9962
S1-226873631,S2-274959852,US,S2,1,1.0000,0.9998
S1-226873631,S2-859241560,US,S2,2,0.7692,0.9995
S1-226873631,S3-678859121,US,S3,24,0.7667,0.9983
S1-226909413,S2-223883770,India,S2,1,0.8544,0.9997
S1-226986061,S2-898790654,India,S2,1,1.0000,0.9939
S1-226986061,S2-503181470,India,S2,2,1.0000,0.9998
S1-226986061,S2-943609856,India,S2,3,0.9070,0.9993
S1-226986061,S3-489952136,India,S3,4,0.6812,0.9799
S1-227026795,S3-480044842,US,S3,48,0.7667,0.7910
S1-227026795,S2-446508043,US,S2,146,0.7667,0.9997
S1-227026795,S3-952194692,US,S3,177,0.7576,0.9994
S1-22703800,S3-61869298,US,S3,1,0.7852,0.9922
S1-22703800,S3-598517968,US,S3,2,0.7395,0.9989
S1-22703800,S3-937860080,US,S3,3,0.6951,0.9984
S1-22703800,S2-147334414,US,S2,5,0.6699,0.9946
S1-227064459,S3-5995094,US,S3,1,1.0000,0.9997
S1-227064459,S2-259118890,US,S2,3,0.7667,0.9992
S1-227064459,S3-153505371,US,S3,4,0.6833,0.9989
S1-227066695,S3-881419678,India,S3,1,1.0000,0.9989
S1-227066695,S3-866500164,India,S3,2,1.0000,0.9999
S1-227066695,S2-471080879,India,S2,3,1.0000,1.0000
S1-227066695,S2-43904993,India,S2,4,1.0000,0.9978
S1-227066695,S2-631907829,India,S2,5,0.8083,0.9994
S1-227066695,S3-18006704,India,S3,59,0.7179,0.9945
S1-227131308,S2-456956761,US,S2,1,1.0000,1.0000
S1-227131308,S3-536496002,US,S3,2,0.9126,0.9998
S1-227131308,S2-16722021,US,S2,3,0.8428,0.9995
S1-227222958,S3-158000931,US,S3,1,0.8823,0.9997
S1-227292957,S2-60275112,US,S2,1,1.0000,1.0000
S1-227292957,S3-107121447,US,S3,2,0.7823,0.9997
S1-22729328,S3-608507506,India,S3,1,1.0000,0.9999
S1-22729328,S3-500478312,India,S3,2,0.9000,0.9997
S1-22729328,S3-965946517,India,S3,62,0.7037,0.9986
S1-227355142,S2-632663866,US,S2,1,1.0000,0.9997
S1-227355142,S3-218361246,US,S3,2,0.9333,1.0000
S1-227355142,S3-162284626,US,S3,3,0.9333,1.0000
S1-227355142,S2-878035982,US,S2,4,0.8798,0.9995
S1-227355142,S2-169141320,US,S2,5,0.8197,0.9996
S1-227355142,S3-64022874,US,S3,7,0.6774,0.9984
S1-227377462,S2-412610013,US,S2,1,1.0000,1.0000
S1-227377462,S3-297843154,US,S3,2,0.8007,0.9997
S1-227377462,S3-518811404,US,S3,3,0.7692,0.9992
S1-227377462,S2-294321593,US,S2,17,0.6583,0.9958
S1-227383868,S2-723657077,US,S2,1,1.0000,1.0000
S1-227383868,S3-742600705,US,S3,8,0.7667,0.9985
S1-227383868,S3-948672393,US,S3,46,0.6667,0.9945
S1-227432763,S3-486378605,US,S3,1,1.0000,0.9994
S1-227432763,S3-189819159,US,S3,2,1.0000,1.0000
S1-227432763,S2-155404659,US,S2,4,1.0000,0.9992
S1-227432763,S3-482066367,US,S3,2889,0.7222,0.9999
S1-227483263,S2-515948948,India,S2,1,1.0000,1.0000
S1-227483263,S3-368431858,India,S3,5,0.7667,0.8553
S1-227764656,S2-333187132,India,S2,1,1.0000,0.9998
S1-227764656,S3-578647571,India,S3,3,0.7667,0.9867
S1-227764656,S3-433755103,India,S3,4,0.7333,0.9999
S1-227819479,S3-513489971,US,S3,1,1.0000,1.0000
S1-227819479,S2-536816691,US,S2,2,1.0000,1.0000
S1-227819479,S2-935584776,US,S2,3,0.8246,0.9997
S1-227843873,S2-238883470,US,S2,1,0.9000,0.9999
S1-227986481,S2-492538540,India,S2,1,1.0000,0.9993
S1-227986481,S3-414286925,India,S3,14,0.7325,0.9972
S1-228009786,S3-759974500,India,S3,1,0.9000,0.9999
S1-22805541,S3-126088247,US,S3,1,1.0000,1.0000
S1-22805541,S2-19904309,US,S2,2,1.0000,1.0000
S1-22805541,S2-887910617,US,S2,30,0.7667,0.7277
S1-22806697,S3-659274846,US,S3,1,1.0000,0.9996
S1-22806697,S2-469517049,US,S2,2,1.0000,1.0000
S1-22814040,S2-246238871,India,S2,1,1.0000,0.9988
S1-22814040,S2-211157054,India,S2,2,0.8527,0.9999
S1-228146799,S3-443106080,US,S3,1,0.9000,0.9927
S1-228146799,S2-841768241,US,S2,2,0.9000,0.9958
S1-228210598,S3-897427029,US,S3,1,1.0000,1.0000
S1-228210598,S3-193999115,US,S3,2,1.0000,1.0000
S1-228210598,S2-866423429,US,S2,30,0.7667,0.8967
S1-228210598,S2-229345618,US,S2,46,0.7275,0.9966
S1-228219943,S3-650611169,India,S3,1,1.0000,0.9998
S1-228219943,S3-296317264,India,S3,2,1.0000,0.9998
S1-228219943,S2-789037521,India,S2,3,1.0000,0.9997
S1-228228014,S3-737642737,US,S3,1,1.0000,0.9997
S1-228228014,S2-311067967,US,S2,2,1.0000,0.9996
S1-228228014,S3-929150839,US,S3,3,0.7667,0.9995
S1-228228014,S2-704414876,US,S2,4,0.7619,0.9997
S1-22829869,S2-832249868,India,S2,1,1.0000,0.9988
S1-22829869,S2-558397218,India,S2,2,1.0000,0.9988
S1-22829869,S3-727989702,India,S3,3,0.9500,0.9998
S1-22829869,S2-541750828,India,S2,4,0.8667,0.9999
S1-22829869,S3-612799802,India,S3,5,0.7746,0.8824
S1-228339228,S3-776739271,India,S3,1,1.0000,0.9996
S1-228339228,S2-69404696,India,S2,2,1.0000,0.9955
S1-228360096,S3-368584110,India,S3,3,0.7667,0.5329
S1-228360096,S3-236699139,India,S3,6,0.7667,0.9985
S1-228403244,S2-728007590,US,S2,1,1.0000,0.9558
S1-228403244,S2-486015908,US,S2,2,1.0000,0.9998
S1-228403244,S3-624690041,US,S3,3,0.8667,0.9997
S1-228403244,S2-216375134,US,S2,4,0.7889,0.9997
S1-22842533,S2-457207997,India,S2,1,1.0000,0.9985
S1-22842533,S3-694835716,India,S3,7,0.7667,0.9994
S1-22842533,S2-868159788,India,S2,8,0.7667,0.9992
S1-22842533,S2-839334326,India,S2,73,0.6942,0.9888
S1-22842533,S2-774757033,India,S2,74,0.6833,0.9982
S1-228426137,S2-190463154,India,S2,1,0.9500,0.9896
S1-228426137,S3-551241420,India,S3,2,0.9333,0.9911
S1-228488052,S2-196255418,US,S2,1,0.9000,0.9564
S1-228488052,S3-653779605,US,S3,2,0.8484,0.9983
S1-228488052,S2-896814955,US,S2,4,0.7667,0.3417
S1-228488052,S2-313716634,US,S2,5,0.7667,0.8649
S1-228488052,S3-737712124,US,S3,6,0.7333,0.9925
S1-228491675,S3-216559105,India,S3,1,1.0000,0.9955
S1-228491675,S2-697451605,India,S2,2,1.0000,0.9998
S1-228491675,S2-376901556,India,S2,3,1.0000,0.9998
S1-228509681,S2-576007587,US,S2,1,1.0000,0.9994
S1-228509681,S2-372609733,US,S2,2,1.0000,1.0000
S1-228509681,S2-162377221,US,S2,3,1.0000,0.9994
S1-228552317,S3-92788423,India,S3,1,0.9000,0.9927
S1-228566259,S2-652350972,US,S2,1,1.0000,0.9999
S1-228566259,S3-880153800,US,S3,3,0.7667,0.2409
S1-228566259,S2-175779816,US,S2,7,0.6910,0.9962
S1-228675502,S3-636996031,India,S3,1,1.0000,0.9978
S1-228675502,S3-45032636,India,S3,2,1.0000,0.9995
S1-228675502,S2-78880108,India,S2,3,0.9000,0.8386
S1-228675502,S2-368967193,India,S2,4,0.9000,0.8893
S1-228675502,S2-232003133,India,S2,17,0.5667,0.6421
S1-228820721,S3-852406034,US,S3,1,0.9000,0.9999
S1-228820721,S3-904323277,US,S3,2,0.8471,0.9996
S1-228820721,S2-904786604,US,S2,7,0.7278,0.9903
S1-228888854,S2-601988739,India,S2,1,1.0000,0.9989
S1-228888854,S3-330191078,India,S3,2,0.9000,0.9998
S1-22903093,S3-911131595,US,S3,1,1.0000,1.0000
S1-22903093,S3-580532193,US,S3,2,1.0000,1.0000
S1-22903093,S3-408239604,US,S3,3,1.0000,0.9993
S1-22903093,S3-160515301,US,S3,4,1.0000,1.0000
S1-22903093,S2-252191177,US,S2,6,0.6942,0.9997
S1-229158877,S3-11465445,India,S3,1,1.0000,0.9931
S1-229158877,S2-20627774,India,S2,2,1.0000,0.9999
S1-229158877,S3-616672351,India,S3,5,0.7111,0.9960
S1-229158877,S2-757317543,India,S2,6,0.7083,0.9795
S1-229245395,S2-302157640,India,S2,1,0.9000,0.9994
S1-229245395,S3-324678758,India,S3,9,0.4912,0.8411
S1-229348396,S3-623378728,US,S3,1,1.0000,1.0000
S1-229348396,S3-869054070,US,S3,25,0.7544,0.9728
S1-229348396,S3-409095360,US,S3,27,0.6036,0.9942
S1-229572585,S3-989243632,US,S3,1,0.9000,0.9927
S1-229572585,S3-222363987,US,S3,2,0.8595,0.9993
S1-229572585,S2-922679287,US,S2,3,0.7667,0.9988
S1-229572585,S2-387545875,US,S2,4,0.7667,0.6068
S1-229605063,S2-866140106,India,S2,1,1.0000,0.9977
S1-229605063,S3-120550022,India,S3,5,0.7667,0.9486
S1-229605063,S3-119653930,India,S3,6,0.7667,0.9015
S1-229605063,S2-625791719,India,S2,7,0.7667,0.6819
S1-229605063,S3-189922173,India,S3,8,0.6471,0.9669
S1-229621394,S2-310933335,India,S2,1,1.0000,0.9999
S1-229621394,S2-371555092,India,S2,2,0.9148,0.9971
S1-229621394,S3-684010897,India,S3,3,0.7228,0.9809
S1-229621394,S3-50876925,India,S3,4,0.6795,0.9954
S1-229621394,S3-458036568,India,S3,5,0.6410,0.9967
S1-229683114,S2-712735476,India,S2,2,1.0000,0.9978
S1-229683114,S2-873376665,India,S2,3,0.8396,0.9997
S1-229683114,S3-808474299,India,S3,4,0.7667,0.6385
S1-229726777,S3-699085901,India,S3,1,1.0000,0.9996
S1-229726777,S2-872881073,India,S2,2,0.8500,0.7096
S1-229772953,S2-962786302,US,S2,1,0.9000,1.0000
S1-229772953,S3-670291826,US,S3,2,0.8598,0.9998
S1-229772953,S3-662109869,US,S3,3,0.7881,0.9991
S1-229789720,S3-707895754,India,S3,1,1.0000,1.0000
S1-229789720,S3-263633270,India,S3,2,1.0000,1.0000
S1-229789720,S2-518314314,India,S2,3,0.9200,0.9999
S1-22981654,S3-747189328,US,S3,1,0.7667,0.9972
S1-22981654,S2-166619982,US,S2,11,0.5833,0.9989
S1-229819620,S2-463662512,US,S2,1,0.9000,0.9956
S1-229819620,S3-641638786,US,S3,2,0.8152,0.9999
S1-229819620,S3-643363007,US,S3,3,0.6944,0.9302
S1-229819620,S2-308803578,US,S2,4,0.6944,0.9282
S1-2298408,S3-505418142,US,S3,1,0.7667,0.5103
S1-2298408,S2-267596293,US,S2,2,0.7667,0.8071
S1-229841787,S3-670565020,India,S3,1,0.8667,0.9365
S1-229841787,S2-528722987,India,S2,2,0.8667,0.9997
S1-229893239,S2-980383184,US,S2,1,0.9000,0.9977
S1-229893239,S2-817453246,US,S2,2,0.9000,1.0000
S1-229893239,S2-79709253,US,S2,3,0.9000,0.9977
S1-229893239,S2-654672407,US,S2,4,0.9000,1.0000
S1-229980583,S3-970992846,US,S3,1,1.0000,0.9999
S1-229980583,S3-721996200,US,S3,2,1.0000,1.0000
S1-229980583,S2-561119417,US,S2,3,1.0000,0.9998
S1-229980583,S2-624287170,US,S2,4,0.7863,0.9986
S1-22999112,S2-196231301,India,S2,1,0.7667,0.9992
S1-230039345,S3-285039078,India,S3,1,1.0000,1.0000
S1-230039345,S2-5495195,India,S2,2,0.9000,0.9153
S1-230039345,S2-12567343,India,S2,3,0.9000,0.9771
S1-230039345,S3-515216660,India,S3,4,0.8619,0.9976
S1-230039345,S2-490283386,India,S2,6,0.6652,0.9380
S1-230109500,S2-623029871,US,S2,1,1.0000,0.9997
S1-230109500,S3-254020516,US,S3,3,0.7667,0.8397
S1-23013579,S3-45422538,India,S3,1,0.7667,0.9999
S1-23013579,S3-375371334,India,S3,2,0.6333,0.9329
S1-230163096,S2-856405871,US,S2,1,1.0000,1.0000
S1-230163096,S3-18423203,US,S3,2,0.8270,0.9986
S1-230199498,S3-841273354,US,S3,1,0.8415,0.9984
S1-230303329,S3-930524303,India,S3,1466,0.5800,0.6263
S1-230348808,S2-483103362,India,S2,133,0.8667,0.9967
S1-230348808,S3-354798294,India,S3,564,0.7667,0.6460
S1-230387411,S2-754094130,India,S2,2,0.7067,0.9840
S1-230421164,S3-927325947,US,S3,1,0.8667,0.9995
S1-230421164,S2-186687885,US,S2,2,0.7952,0.9988
S1-230421164,S3-476913400,US,S3,28,0.6583,0.9887
S1-230438094,S2-214894524,US,S2,1,1.0000,1.0000
S1-230438094,S2-601882615,US,S2,2,0.9167,0.9995
S1-230438094,S3-745968477,US,S3,3,0.8917,0.9997
S1-230438094,S3-90550186,US,S3,4,0.7252,0.9999
S1-230536596,S3-353981778,India,S3,1,0.9000,0.9997
S1-230536596,S3-14976149,India,S3,5,0.7667,0.9768
S1-230622333,S3-813284802,US,S3,1,1.0000,0.9998
S1-230622333,S2-444973322,US,S2,2,1.0000,1.0000
S1-230622333,S2-353447309,US,S2,3,0.8867,0.9982
S1-230622333,S3-672691280,US,S3,4,0.8067,0.9996
S1-230622333,S3-625531401,US,S3,5,0.7922,0.9991
S1-230622333,S2-88470259,US,S2,9,0.7029,0.9975
S1-230699394,S2-10289757,US,S2,1,0.8619,0.9995
S1-230699394,S2-215982054,US,S2,2,0.7467,0.9960
S1-230761660,S3-595447407,US,S3,1,1.0000,1.0000
S1-230761660,S3-453251572,US,S3,2,1.0000,0.9998
S1-230761660,S2-266325887,US,S2,3,1.0000,0.9992
S1-230761660,S3-540943334,US,S3,4,0.7667,0.9984
S1-231073890,S2-609090748,US,S2,1,1.0000,1.0000
S1-231073890,S3-120782444,US,S3,2,0.8464,0.9994
S1-231073890,S3-873679574,US,S3,3,0.7905,0.9960
S1-231073890,S2-57413443,US,S2,4,0.7802,0.9994
S1-231093860,S3-908597864,US,S3,1,1.0000,0.9997
S1-231093860,S3-284439488,US,S3,2,1.0000,0.9999
S1-231093860,S2-759534426,US,S2,3,1.0000,0.9995
S1-231093860,S2-842146564,US,S2,17,0.6364,0.9947
S1-231281184,S2-601617692,US,S2,1,0.8257,0.9993
S1-231281184,S3-929169122,US,S3,2,0.7805,0.9994
S1-23132216,S3-900292856,US,S3,1,1.0000,0.9998
S1-23132216,S3-368052033,US,S3,2,0.8451,0.9995
S1-23132216,S2-238335104,US,S2,3,0.7923,0.9998
S1-23132216,S2-101847873,US,S2,11,0.5455,0.8929
S1-231401772,S3-969539460,India,S3,1,1.0000,0.9985
S1-231401772,S3-902287449,India,S3,2,1.0000,0.9983
S1-231401772,S3-126484453,India,S3,3,1.0000,0.9980
S1-231457645,S2-508517085,India,S2,1,0.9000,0.9998
S1-231457645,S2-222265201,India,S2,2,0.9000,0.9998
S1-231457645,S2-513633959,India,S2,61,0.7296,0.9965
S1-231474054,S2-92070397,India,S2,56,0.6000,0.9845
S1-231479005,S3-564412833,US,S3,1,0.9000,0.9999
S1-231479005,S3-651997589,US,S3,43,0.7437,0.9967
S1-231479005,S2-839608322,US,S2,44,0.7281,0.9968
S1-231531030,S2-790001672,India,S2,1,0.7667,0.8517
S1-231545906,S2-266526978,India,S2,1,1.0000,0.9992
S1-231545906,S3-149810394,India,S3,2,0.7833,0.9982
S1-231552591,S3-739526540,US,S3,1,1.0000,0.9998
S1-231552591,S2-916215778,US,S2,2,1.0000,1.0000
S1-231552591,S2-142982157,US,S2,3,1.0000,1.0000
S1-231553073,S3-731520755,India,S3,10,0.7619,0.9985
S1-231577345,S2-217036700,US,S2,1,1.0000,0.9999
S1-231577345,S3-764363204,US,S3,2,0.9000,0.9999
S1-231577345,S3-642408483,US,S3,3,0.9000,1.0000
S1-231577345,S2-413263482,US,S2,4,0.8067,0.9998
S1-231577345,S3-989785380,US,S3,5,0.7667,0.5974
S1-231577345,S2-165888992,US,S2,6,0.7196,0.9985
S1-231577345,S3-755107136,US,S3,7,0.6667,0.9985
S1-231608901,S3-423014479,US,S3,1,0.8589,0.9997
S1-231638941,S3-905311602,US,S3,1,1.0000,0.9997
S1-231638941,S3-876674554,US,S3,2,1.0000,1.0000
S1-231638941,S3-131084925,US,S3,3,0.8361,0.9995
S1-231638941,S2-915527850,US,S2,4,0.7667,0.9910
S1-231670082,S3-427685315,US,S3,1,1.0000,1.0000
S1-231670082,S2-996133134,US,S2,3,0.8667,0.9993
S1-231670082,S2-865015711,US,S2,4,0.6333,0.8529
S1-23167771,S3-473149126,US,S3,1,0.8667,0.9986
S1-23167771,S3-451762722,US,S3,2,0.8667,0.3167
S1-23167771,S2-593431263,US,S2,3,0.8667,0.7983
S1-23167771,S2-556280561,US,S2,4,0.8667,0.6786
S1-231680690,S2-878607271,US,S2,1,1.0000,1.0000
S1-231680690,S2-763950964,US,S2,2,1.0000,1.0000
S1-231680690,S2-679018261,US,S2,3,0.9322,0.9995
S1-231680690,S2-712913345,US,S2,4,0.8044,0.9981
S1-231687213,S3-961919018,India,S3,1,0.9000,0.9883
S1-231710311,S3-582058813,India,S3,1,0.7667,0.9960
S1-231710311,S2-308429448,India,S2,2,0.7667,0.9992
S1-231711697,S3-303922724,US,S3,1,1.0000,0.9998
S1-231815722,S2-944023524,US,S2,1,1.0000,1.0000
S1-231815722,S2-340595917,US,S2,2,1.0000,1.0000
S1-231815722,S2-149014863,US,S2,3,1.0000,0.9999
S1-231815722,S2-727837447,US,S2,4,0.8333,0.9974
S1-231815722,S3-949831837,US,S3,5,0.8014,0.9996
S1-231830950,S3-907677613,India,S3,1,0.8667,0.9634
S1-231870019,S3-634675019,US,S3,1,1.0000,1.0000
S1-231870019,S2-964956018,US,S2,39,0.7667,0.9996
S1-231870019,S2-733366243,US,S2,49,0.7667,0.6880
S1-231922064,S3-716068207,India,S3,1,1.0000,0.9986
S1-231922064,S3-452423821,India,S3,2,1.0000,0.9991
S1-231922064,S3-362463172,India,S3,3,1.0000,1.0000
S1-231922064,S2-22341548,India,S2,4,0.8396,0.9991
S1-231922064,S2-125264218,India,S2,20,0.7667,0.6830
S1-232133398,S2-738223442,India,S2,1,1.0000,1.0000
S1-232133398,S2-106403307,India,S2,2,1.0000,0.9998
S1-232133398,S3-633498107,India,S3,3,0.7667,0.9825
S1-232133398,S2-485960817,India,S2,6,0.7544,0.9981
S1-232230719,S3-209176281,US,S3,1,0.7072,0.9997
S1-232402837,S2-564651803,US,S2,3,0.7667,0.9985
S1-232466717,S3-995880745,India,S3,1,0.8667,0.9069
S1-232466717,S3-70763094,India,S3,2,0.8667,0.9979
S1-232466717,S3-647368137,India,S3,3,0.8667,0.9990
S1-232491006,S2-559198162,US,S2,1,1.0000,0.9997
S1-232557780,S3-630339807,US,S3,4,0.7667,0.9985
S1-232605632,S2-516526411,India,S2,1,1.0000,1.0000
S1-232605632,S3-961772271,India,S3,8,0.7190,0.9966
S1-232605632,S2-682564985,India,S2,9,0.7190,0.9997
S1-232611046,S3-851675317,US,S3,1,0.7667,0.7919
S1-232611046,S3-727837793,US,S3,2,0.7667,0.9992
S1-232611046,S2-675555401,US,S2,3,0.7667,0.9976
S1-232702055,S2-992535887,US,S2,1,1.0000,0.9996
S1-232702055,S2-674662248,US,S2,4,1.0000,0.9995
S1-232702055,S3-457781596,US,S3,347,0.7667,0.8004
S1-232864957,S2-722019728,US,S2,1,1.0000,0.9989
S1-232864957,S2-371266981,US,S2,2,0.8879,0.9987
S1-232864957,S3-261821570,US,S3,32,0.7667,0.9647
S1-232876555,S2-681294715,US,S2,1,1.0000,1.0000
S1-232876555,S2-156805302,US,S2,2,1.0000,0.9999
S1-232913321,S2-635371457,US,S2,1,1.0000,0.9997
S1-232913321,S3-425507779,US,S3,2,0.7051,0.9996
S1-232963471,S3-828332597,US,S3,1,1.0000,1.0000
S1-232963471,S3-807573653,US,S3,2,1.0000,1.0000
S1-232963471,S2-261690797,US,S2,3,0.9000,1.0000
S1-23300962,S3-122741625,India,S3,1,1.0000,0.9690
S1-23300962,S2-128024502,India,S2,2,1.0000,0.9943
S1-23300962,S2-457977629,India,S2,3,0.7667,0.9214
S1-233052123,S2-312878042,US,S2,1,0.8204,0.9999
S1-233052123,S2-8576588,US,S2,2,0.8176,0.9996
S1-233052123,S2-801041488,US,S2,6,0.6922,0.9899
S1-233057169,S3-66670060,US,S3,1,1.0000,0.9996
S1-233057169,S3-668576315,US,S3,3,0.6747,0.9078
S1-233057169,S2-713523554,US,S2,11,0.4905,0.9862
S1-233099404,S3-966559697,US,S3,1,0.9333,0.9907
S1-233101710,S3-24996503,US,S3,1,1.0000,0.9995
S1-233101710,S2-98289927,US,S2,2,1.0000,1.0000
S1-233101710,S2-496870602,US,S2,3,0.7771,0.9981
S1-233101710,S2-330823908,US,S2,4,0.7724,0.9990
S1-233101710,S3-235413327,US,S3,120,0.6288,0.9618
S1-233108163,S2-440938365,India,S2,1,1.0000,0.9968
S1-233108163,S3-586821842,India,S3,2,0.9000,0.9928
S1-233108163,S3-462902835,India,S3,3,0.7667,0.9795
S1-233108163,S3-669663414,India,S3,8,0.7179,0.9825
S1-233147510,S3-551720857,US,S3,1,1.0000,1.0000
S1-233240667,S2-496626241,US,S2,1,0.8619,0.9991
S1-233304153,S2-577377094,US,S2,1,0.9000,0.9648
S1-233304153,S3-880276806,US,S3,2,0.7667,0.1716
S1-233304153,S3-129451736,US,S3,7,0.4187,0.0482
S1-23342503,S2-473760112,India,S2,2,1.0000,1.0000
S1-23342503,S2-174138601,India,S2,3,1.0000,0.9942
S1-23342503,S3-590552690,India,S3,4,0.9000,0.8410
S1-23342503,S3-544947126,India,S3,11,0.6471,0.8696
S1-233446121,S3-457653996,US,S3,1,0.7987,0.9992
S1-233446121,S3-724677347,US,S3,2,0.7679,0.9959
S1-233646106,S2-17922689,US,S2,1,0.8014,0.9987
S1-233646106,S2-999786142,US,S2,27,0.5404,0.9980
S1-233708453,S2-419768224,India,S2,1,1.0000,1.0000
S1-233708453,S3-527423980,India,S3,57,0.5942,0.9422
S1-233708453,S3-520984018,India,S3,121,0.4208,0.9058
S1-233747988,S3-819481028,India,S3,1,1.0000,1.0000
S1-233747988,S2-906929676,India,S2,2,1.0000,0.9999
S1-233747988,S2-136762070,India,S2,3,1.0000,0.9999
S1-233747988,S3-240697981,India,S3,5,0.8083,0.9632
S1-233753531,S3-668535807,India,S3,1,0.7460,0.9923
S1-233753531,S3-533979090,India,S3,5,0.6810,0.9805
S1-233799875,S2-722209647,India,S2,1,1.0000,0.9996
S1-233799875,S2-690000896,India,S2,2,1.0000,1.0000
S1-233799875,S2-62779429,India,S2,3,1.0000,0.9996
S1-233799875,S3-811437612,India,S3,4,0.8667,0.9939
S1-233830771,S3-793736131,India,S3,1,1.0000,0.9950
S1-233830771,S3-751537275,India,S3,2,1.0000,0.9996
S1-233873368,S2-993499533,US,S2,1,0.9000,1.0000
S1-233873368,S2-806636999,US,S2,2,0.9000,1.0000
S1-233873368,S2-159912400,US,S2,4,0.6804,0.9990
S1-233873368,S3-593142351,US,S3,5,0.5985,0.9168
S1-233931326,S3-236632091,US,S3,1,1.0000,1.0000
S1-233931326,S3-178965264,US,S3,2,1.0000,1.0000
S1-233931326,S3-82162236,US,S3,3,0.8067,0.9992
S1-233931326,S3-331903439,US,S3,4,0.7992,0.9980
S1-23394174,S2-453207782,US,S2,1,1.0000,1.0000
S1-23394174,S2-393554732,US,S2,2,1.0000,0.9984
S1-23394174,S2-118125239,US,S2,3,1.0000,1.0000
S1-23394174,S2-449200234,US,S2,4,0.7658,0.9987
S1-233963629,S2-730307842,India,S2,1,1.0000,0.9996
S1-233963629,S2-626997525,India,S2,2,0.8500,0.9993
S1-233969197,S3-143412544,US,S3,1,1.0000,1.0000
S1-233969197,S3-525707517,US,S3,2,0.8376,0.9986
S1-233969197,S2-285456867,US,S2,4,0.7667,0.7868
S1-233978011,S3-720303627,India,S3,5,0.9000,0.9847
S1-233978011,S2-187707424,India,S2,1721,0.5638,0.9995
S1-233978011,S3-595454050,India,S3,1766,0.4638,0.2021
S1-233987263,S3-855947386,US,S3,1,1.0000,0.9997
S1-233987263,S3-573278151,US,S3,2,1.0000,1.0000
S1-233987263,S2-934653688,US,S2,3,1.0000,1.0000
S1-233987263,S2-178749250,US,S2,4,1.0000,0.9998
S1-233987263,S2-712124789,US,S2,5,0.8593,0.9990
S1-233988296,S3-895718103,US,S3,1,0.8407,0.9994
S1-233988296,S3-36231345,US,S3,2,0.8204,0.9973
S1-233994956,S3-657343397,US,S3,1,1.0000,1.0000
S1-233994956,S2-11356252,US,S2,2,0.8823,0.9998
S1-233994956,S3-885053639,US,S3,3,0.7667,0.5140
S1-234051808,S2-584677863,India,S2,66,0.7667,0.8144
S1-234051808,S2-562875574,India,S2,67,0.7667,0.9994
S1-234051808,S2-562238011,India,S2,68,0.7667,0.8144
S1-234051808,S2-267950169,India,S2,81,0.7667,0.5923
S1-234149253,S3-613739312,US,S3,1,1.0000,1.0000
S1-234149253,S2-743437331,US,S2,2,1.0000,0.9998
S1-234149253,S2-124716395,US,S2,3,1.0000,1.0000
S1-234149253,S3-470327997,US,S3,4,0.7778,0.9929
S1-234149253,S3-992941095,US,S3,273,0.7429,0.9995
S1-23415640,S3-648730918,India,S3,1,1.0000,1.0000
S1-23415640,S2-524400498,India,S2,2,1.0000,0.9984
S1-23415640,S2-426489713,India,S2,3,1.0000,0.9984
S1-23415640,S3-790596969,India,S3,82,0.4889,0.9915
S1-234174856,S2-724829137,US,S2,1,1.0000,1.0000
S1-234174856,S3-255569368,US,S3,2,0.9333,0.9996
S1-234174856,S3-580037452,US,S3,3,0.6800,0.9986
S1-234259508,S2-875228850,India,S2,1,1.0000,0.9997
S1-234259508,S2-368266996,India,S2,2,0.9161,0.9998
S1-234306288,S2-283342129,US,S2,1,0.9000,0.9982
S1-23430672,S3-942976912,India,S3,1,1.0000,1.0000
S1-234348157,S3-501799765,US,S3,1,1.0000,0.9998
S1-234348157,S3-460931174,US,S3,2,1.0000,1.0000
S1-234348157,S2-743892457,US,S2,3,1.0000,0.9998
S1-234348157,S3-638665084,US,S3,4,0.7995,0.9999
S1-234348157,S3-317524694,US,S3,5,0.7818,0.9988
S1-234348157,S3-394223263,US,S3,15,0.7370,0.9989
S1-234356031,S3-842698399,US,S3,1,1.0000,1.0000
S1-234356031,S3-162243392,US,S3,153,0.7667,0.9981
S1-234356031,S3-792432424,US,S3,294,0.7126,0.9983
S1-234356031,S3-27687757,US,S3,295,0.7037,0.9987
S1-234367506,S3-276441199,US,S3,1,1.0000,0.9997
S1-234367506,S2-828905915,US,S2,2,1.0000,0.9994
S1-234367506,S2-105202077,US,S2,3,1.0000,1.0000
S1-234367506,S2-459079144,US,S2,8,0.7333,0.9969
S1-234374589,S3-541188576,US,S3,1,1.0000,1.0000
S1-234374589,S2-294001693,US,S2,2,1.0000,1.0000
S1-234374766,S3-413876127,India,S3,1,1.0000,1.0000
S1-234374766,S3-802237736,India,S3,66,0.6000,0.9911
S1-234416810,S2-445777905,US,S2,1,1.0000,0.9995
S1-234416810,S3-234752958,US,S3,2,0.7950,0.9996
S1-234416810,S3-663525313,US,S3,3,0.7667,0.8833
S1-234416810,S2-115934115,US,S2,6,0.7658,0.9984
S1-234416810,S3-680334346,US,S3,7,0.7500,0.9732
S1-234416810,S2-760778271,US,S2,8,0.6733,0.9985
S1-234440757,S3-821687317,India,S3,1,1.0000,0.9982
S1-234440757,S2-662413926,India,S2,2,1.0000,0.9995
S1-234440757,S3-608306464,India,S3,3,0.8333,0.9907
S1-234440757,S3-789430699,India,S3,9,0.5815,0.9817
S1-234559188,S3-245821532,India,S3,1,1.0000,0.9999
S1-234559188,S2-877775673,India,S2,2,1.0000,0.9781
S1-234559188,S2-223632939,India,S2,3,1.0000,0.9781
S1-234559188,S2-123378036,India,S2,4,1.0000,0.9989
S1-234559188,S3-675758018,India,S3,16,0.7667,0.9066
S1-234565940,S3-876719466,US,S3,1,0.9222,0.9999
S1-234565940,S3-191665689,US,S3,134,0.7652,0.9971
S1-234567237,S3-772256835,US,S3,1,1.0000,1.0000
S1-234567237,S2-966115501,US,S2,2,0.8500,0.9987
S1-234567237,S2-816939302,US,S2,3,0.8212,0.9997
S1-234567237,S2-338743053,US,S2,7,0.6551,0.7107
S1-234697944,S2-743328122,India,S2,1,1.0000,0.9992
S1-234697944,S3-481322463,India,S3,2,0.9000,0.9990
S1-234720111,S3-956768533,US,S3,1,1.0000,0.9997
S1-234720111,S3-827076184,US,S3,2,1.0000,0.9991
S1-234720111,S3-583987448,US,S3,3,1.0000,1.0000
S1-234720111,S3-289662544,US,S3,4,0.7667,0.9988
S1-234720111,S2-958838287,US,S2,5,0.7667,0.5760
S1-234720111,S2-739386062,US,S2,7,0.7667,0.5760
S1-23483728,S3-898765963,US,S3,1,1.0000,1.0000
S1-23483728,S3-99332890,US,S3,2,0.7970,0.9967
S1-23483728,S2-137028609,US,S2,214,0.7667,0.9801
S1-234903592,S2-935511716,US,S2,1,1.0000,0.9996
S1-234903592,S3-304310771,US,S3,2,0.8500,0.9984
S1-235005536,S3-801008615,US,S3,1,1.0000,1.0000
S1-235005536,S2-352706933,US,S2,2,1.0000,1.0000
S1-235055014,S3-62117030,US,S3,1,1.0000,1.0000
S1-235055014,S3-161014358,US,S3,3,0.8667,0.9992
S1-235055014,S2-688498370,US,S2,340,0.7667,0.7511
S1-235055014,S2-482176371,US,S2,375,0.7667,0.2535
S1-235055014,S3-246943576,US,S3,447,0.6208,0.9997
S1-235058113,S3-694199130,US,S3,1,1.0000,0.9996
S1-235228607,S2-736060772,US,S2,1,1.0000,0.9998
S1-235278349,S3-590297164,US,S3,1,1.0000,1.0000
S1-235278349,S2-109610820,US,S2,2,1.0000,1.0000
S1-2353243,S2-189548853,US,S2,1,1.0000,0.9997
S1-2353243,S3-480495977,US,S3,2,0.8667,0.4243
S1-235385519,S2-706683327,US,S2,1,1.0000,0.9998
S1-235385519,S2-111020216,US,S2,2,1.0000,1.0000
S1-235385519,S3-715422986,US,S3,3,0.8282,0.9986
S1-235385519,S2-389372548,US,S2,4,0.6125,0.9665
S1-235386974,S3-735132956,US,S3,1,1.0000,0.9997
S1-235386974,S2-709415345,US,S2,2,0.7875,0.9992
S1-235386974,S2-709440855,US,S2,3,0.7658,0.9987
S1-235388274,S3-440534301,US,S3,1,1.0000,0.9998
S1-235388274,S2-298275080,US,S2,2,1.0000,1.0000
S1-235388274,S3-818279061,US,S3,3,0.7515,0.9997
S1-235388274,S2-169920870,US,S2,4,0.7515,0.9996
S1-235450411,S3-252219606,US,S3,1,1.0000,1.0000
S1-235450411,S3-904260520,US,S3,8,0.7667,0.7429
S1-235450411,S2-619475656,US,S2,133,0.7667,0.9966
S1-235450411,S2-474958853,US,S2,145,0.7667,0.3317
S1-235474292,S2-947000004,India,S2,1,0.9500,0.9517
S1-235474292,S3-840174347,India,S3,2,0.8500,0.9678
S1-235474292,S3-701318898,India,S3,3,0.8500,0.9613
S1-235551900,S3-959017498,US,S3,1,1.0000,0.9995
S1-235551900,S2-94071269,US,S2,2,1.0000,1.0000
S1-235551900,S2-548307299,US,S2,3,1.0000,1.0000
S1-235551900,S2-377015417,US,S2,4,1.0000,0.9996
S1-235564298,S3-662495983,US,S3,1,0.7667,0.0063
S1-235564298,S3-564271420,US,S3,2,0.7667,0.5541
S1-235572547,S2-590757788,US,S2,1,1.0000,1.0000
S1-235572547,S2-159269094,US,S2,2,0.8760,0.9993
S1-235572547,S3-377837124,US,S3,3,0.8415,0.9984
S1-235572547,S2-240287675,US,S2,4,0.8131,0.9996
S1-235577678,S2-753659214,India,S2,1,1.0000,0.9997
S1-235577678,S3-384412012,India,S3,2,0.9000,0.9798
S1-235825895,S2-977599758,India,S2,1,1.0000,0.9997
S1-235825895,S3-380536625,India,S3,2,0.8471,0.9977
S1-235825895,S2-728292647,India,S2,14,0.7389,0.9981
S1-235825895,S3-494646170,India,S3,15,0.7306,0.9950
S1-23583668,S3-940122799,US,S3,1,1.0000,0.9998
S1-23583668,S3-631876340,US,S3,2,1.0000,1.0000
S1-23583668,S2-480344935,US,S2,3,1.0000,0.9999
S1-23583668,S2-126837035,US,S2,4,1.0000,0.9999
S1-23583668,S2-493384979,US,S2,8,0.7667,0.7859
S1-235855176,S3-926403045,US,S3,1,0.8823,0.9998
S1-235855176,S3-864675790,US,S3,2,0.6476,0.9962
S1-235860212,S2-976784588,US,S2,1,0.9000,0.9902
S1-235860212,S2-856074164,US,S2,2,0.9000,0.9998
S1-2358732,S3-803713308,US,S3,2,0.6533,0.9853
S1-2358732,S3-747305517,US,S3,3,0.6533,0.9602
S1-235896013,S3-427430531,India,S3,1,1.0000,1.0000
S1-235896013,S2-884518862,India,S2,4,0.7667,0.7233
S1-235896013,S2-609188049,India,S2,6,0.7667,0.9668
S1-235902241,S2-900221839,India,S2,1,1.0000,1.0000
S1-235947693,S3-582655813,US,S3,12,0.7667,0.5275
S1-235947693,S2-68121778,US,S2,39,0.7667,0.9997
S1-235947693,S2-316877865,US,S2,51,0.7667,0.9996
S1-235947693,S2-275961531,US,S2,52,0.7667,0.9971
S1-236024495,S2-563795304,US,S2,1,0.8667,0.8483
S1-236024495,S2-325110277,US,S2,2,0.8667,0.8483
S1-236040330,S3-712171014,US,S3,1,1.0000,0.9997
S1-236040330,S3-497752479,US,S3,2,1.0000,0.9996
S1-236040330,S3-35244450,US,S3,3,1.0000,0.9997
S1-236040330,S3-23587039,US,S3,4,1.0000,0.9995
S1-236040330,S2-60083664,US,S2,8,0.7667,0.3825
S1-236040330,S2-438890065,US,S2,9,0.7667,0.9992
S1-236040330,S3-44553971,US,S3,12,0.6556,0.9972
S1-236073441,S2-33117315,US,S2,1,1.0000,1.0000
S1-236073441,S2-847034627,US,S2,2,0.7967,0.9997
S1-236103241,S3-324818279,US,S3,1,0.8059,0.9999
S1-236103241,S2-552841731,US,S2,2,0.7667,0.2990
S1-236103241,S2-546099572,US,S2,3,0.7667,0.4422
S1-236103241,S3-997080390,US,S3,4,0.6958,0.3950
S1-23611094,S3-252271740,India,S3,1,1.0000,1.0000
S1-23611094,S3-243331654,India,S3,2,1.0000,0.9992
S1-23611094,S2-617296502,India,S2,3,1.0000,0.9982
S1-23611094,S3-156054196,India,S3,68,0.7544,0.9982
S1-23611094,S3-502024871,India,S3,81,0.6641,0.9984
S1-236212205,S2-675853629,US,S2,1,1.0000,1.0000
S1-236212205,S3-764214297,US,S3,2,0.8131,0.9988
S1-236212205,S3-540328486,US,S3,3,0.8131,0.9970
S1-236256956,S2-890594190,US,S2,1,1.0000,0.9992
S1-236256956,S2-154218334,US,S2,2,1.0000,0.9996
S1-236256956,S2-967055009,US,S2,3,0.9212,0.9993
S1-236256956,S2-704187827,US,S2,4,0.7667,0.7814
S1-236256956,S3-611650020,US,S3,5,0.7146,0.9999
S1-236311598,S2-597823876,India,S2,1,1.0000,0.9997
S1-236378706,S3-310307095,US,S3,1,1.0000,1.0000
S1-236378706,S2-951849658,US,S2,2,0.8862,0.9994
S1-236378706,S3-415404815,US,S3,3,0.7812,1.0000
S1-236380644,S2-972514790,India,S2,1,1.0000,1.0000
S1-236380644,S2-247944520,India,S2,2,1.0000,0.9995
S1-236380644,S3-506261090,India,S3,3,0.8899,0.9995
S1-236384083,S3-816721269,US,S3,1,1.0000,0.9998
S1-236384083,S3-652690644,US,S3,2,1.0000,0.9998
S1-236384083,S2-225664845,US,S2,3,0.8667,0.9873
S1-236384083,S2-214287951,US,S2,4,0.7667,0.7364
S1-236633322,S3-40128586,US,S3,1,1.0000,0.9998
S1-236633322,S3-347345798,US,S3,2,1.0000,1.0000
S1-236633322,S3-345097359,US,S3,3,1.0000,0.9998
S1-236633322,S2-983883048,US,S2,4,1.0000,0.9997
S1-236633322,S2-545997363,US,S2,5,1.0000,0.9997
S1-236633322,S2-714126662,US,S2,6,0.8287,0.9995
S1-236633322,S3-133732642,US,S3,13,0.6847,0.9966
S1-23672897,S3-874081270,India,S3,1,1.0000,0.9984
S1-23672897,S3-494795800,India,S3,2,1.0000,0.9965
S1-23672897,S2-739413962,India,S2,3,1.0000,0.9977
S1-236794852,S2-451443648,US,S2,1,0.8933,0.9987
S1-236794852,S3-433045130,US,S3,4,0.7667,0.9991
S1-236794852,S3-209535068,US,S3,5,0.6923,0.9903
S1-236951245,S3-652387952,India,S3,1,0.9148,0.9997
S1-23703014,S3-85467296,US,S3,1,1.0000,1.0000
S1-23703014,S2-916550997,US,S2,2,1.0000,1.0000
S1-23703014,S3-266890745,US,S3,3,0.8387,0.9995
S1-237058628,S3-712303496,US,S3,1,1.0000,1.0000
S1-237058628,S2-49594879,US,S2,2,1.0000,1.0000
S1-237088889,S2-712256698,US,S2,1,1.0000,0.9997
S1-237088889,S3-719165933,US,S3,2,0.9000,0.9963
S1-237088889,S3-388956481,US,S3,3,0.9000,0.9999
S1-237088889,S3-244598434,US,S3,7,0.6667,0.9922
S1-237088889,S2-354244457,US,S2,8,0.6179,0.9966
S1-237238867,S2-960220646,US,S2,1,0.9000,1.0000
S1-237238867,S2-801769114,US,S2,2,0.9000,0.9971
S1-237238867,S3-165603449,US,S3,4,0.8667,0.7465
S1-237238867,S2-671109522,US,S2,5,0.7667,0.7834
S1-237282160,S3-143951568,US,S3,1,0.9000,0.9999
S1-237282160,S2-891564892,US,S2,3,0.9000,0.9999
S1-237282160,S2-921542375,US,S2,9,0.7667,0.9975
S1-237282160,S2-120588428,US,S2,14,0.7333,0.9980
S1-237311261,S2-309389436,India,S2,1,1.0000,1.0000
S1-237311261,S2-271381061,India,S2,2,1.0000,0.9972
S1-237311261,S3-948276345,India,S3,40,0.6724,0.9964
S1-237330264,S3-357930400,US,S3,1,1.0000,0.9990
S1-237330264,S3-256751515,US,S3,2,1.0000,0.9992
S1-237330264,S3-344399129,US,S3,92,0.6256,0.9965
S1-237330264,S2-129095134,US,S2,93,0.6256,0.9994
S1-237330264,S2-546394670,US,S2,94,0.6185,0.9991
S1-237337597,S2-679134478,India,S2,2,0.8692,0.9998
S1-237530515,S2-405928594,India,S2,1,0.8667,0.6720
S1-237576657,S3-909620398,US,S3,1,1.0000,0.9996
S1-237576657,S3-627716510,US,S3,17,0.6905,0.9969
S1-237602413,S3-48962621,US,S3,1,0.6007,0.9919
S1-237674596,S3-872847229,US,S3,1,0.7163,0.9989
S1-237688089,S3-742835364,US,S3,1,1.0000,0.9994
S1-237688089,S3-217947475,US,S3,2,1.0000,1.0000
S1-237688089,S2-78345807,US,S2,3,1.0000,1.0000
S1-237688089,S3-171737434,US,S3,30,0.7667,0.5939
S1-237688089,S3-501252172,US,S3,54,0.6269,0.9997
S1-237698661,S2-228714091,US,S2,1,1.0000,0.9996
S1-237698661,S2-316764462,US,S2,2,0.9232,0.9998
S1-237698661,S2-369808164,US,S2,3,0.8193,0.9998
S1-237698661,S3-945727542,US,S3,5,0.6899,0.9981
S1-237702882,S2-598612050,India,S2,8,0.8667,0.6517
S1-237702882,S2-197579980,India,S2,11,0.8667,0.9988
S1-237702882,S3-657866399,India,S3,31,0.7667,0.5553
S1-237855804,S3-931158974,US,S3,1,0.7667,0.2932
S1-237855804,S2-80608647,US,S2,7,0.7667,0.9874
S1-23788177,S3-830058540,US,S3,1,1.0000,1.0000
S1-23788177,S3-469080399,US,S3,2,1.0000,1.0000
S1-23788177,S2-632836867,US,S2,3,1.0000,0.9994
S1-23788177,S2-160387126,US,S2,4,1.0000,0.9994
S1-23788177,S2-723058404,US,S2,23,0.5914,0.9959
S1-237893409,S3-460530527,India,S3,113,0.5833,0.9944
S1-23797439,S2-565107176,US,S2,1,0.7667,0.9989
S1-237979397,S2-735541000,India,S2,1,0.9500,1.0000
S1-237979397,S2-379188149,India,S2,2,0.9500,0.9939
S1-237996694,S3-357947451,US,S3,1,1.0000,0.9998
S1-237996694,S2-896915107,US,S2,2,1.0000,0.9999
S1-237996694,S3-904341855,US,S3,3,0.8586,0.9998
S1-237996694,S2-718567074,US,S2,4,0.8268,0.9999
S1-237996694,S2-34507268,US,S2,5,0.7667,0.9301
S1-238075245,S2-639060825,US,S2,1,0.8451,0.9990
S1-238075245,S3-703205896,US,S3,2,0.8401,0.9998
S1-238201040,S3-8931591,India,S3,15,0.7667,0.6582
S1-238248930,S3-738414886,US,S3,1,1.0000,0.9992
S1-238248930,S2-434622407,US,S2,2,1.0000,0.9991
S1-238248930,S3-637916453,US,S3,3,0.7667,0.3970
S1-238251140,S3-971089714,US,S3,1,1.0000,1.0000
S1-238251140,S3-749821408,US,S3,2,1.0000,1.0000
S1-238251140,S2-940650959,US,S2,3,1.0000,1.0000
S1-238251140,S2-946789076,US,S2,5,0.7933,0.9997
S1-238372111,S2-496304625,India,S2,11,0.8667,0.8849
S1-238372111,S2-196122496,India,S2,1282,0.7615,0.9418
S1-238372111,S3-473811163,India,S3,1286,0.6167,0.9145
S1-238388820,S3-131455799,US,S3,1,0.7951,0.9992
S1-238388820,S3-91366188,US,S3,4,0.7667,0.9972
S1-238388820,S2-585017368,US,S2,9,0.7667,0.9927
S1-238388820,S3-686443991,US,S3,10,0.7395,0.9996
S1-238449499,S3-719562112,US,S3,1,1.0000,1.0000
S1-238449499,S2-685024052,US,S2,24,0.7667,0.9151
S1-23845024,S3-720513769,US,S3,1,0.9000,0.9999
S1-23845024,S2-678540386,US,S2,3,0.7756,0.9980
S1-23845024,S3-930257966,US,S3,164,0.7577,0.9995
S1-238451014,S2-230271310,India,S2,2,0.9333,0.9849
S1-238451014,S3-529856063,India,S3,3,0.8292,0.9964
S1-238526849,S2-544507882,US,S2,1,1.0000,0.9997
S1-238526849,S3-489965604,US,S3,2,0.6942,0.9985
S1-238549638,S2-756737443,India,S2,1,0.8667,0.9866
S1-238549638,S2-431855207,India,S2,2,0.8667,0.8450
S1-238610443,S3-552573103,US,S3,1,1.0000,1.0000
S1-238610443,S3-178751207,US,S3,3,0.7742,0.9995
S1-238610443,S2-136508522,US,S2,12,0.7667,0.9988
S1-238634400,S2-925920091,India,S2,2,1.0000,1.0000
S1-238634400,S3-471251050,India,S3,88,0.6667,0.9879
S1-238647705,S2-681367518,India,S2,33,0.5667,0.9853
S1-23867217,S2-317774672,India,S2,1,1.0000,0.9999
S1-23867217,S3-481495541,India,S3,7,0.6556,0.9811
S1-23873894,S3-546753062,India,S3,1,0.7667,0.6412
S1-238739788,S2-565814929,India,S2,1,0.8667,0.7165
S1-238790772,S3-88751055,US,S3,1,1.0000,1.0000
S1-238790772,S2-4595590,US,S2,2,0.9000,0.9919
S1-238790772,S2-236672048,US,S2,3,0.8667,0.9961
S1-238790772,S3-979538333,US,S3,6,0.7923,0.9735
S1-238790772,S3-504255467,US,S3,18,0.7496,0.9993
S1-238812660,S3-112549377,US,S3,1,1.0000,1.0000
S1-238812660,S2-724324207,US,S2,2,0.9333,0.9995
S1-238812660,S2-551870184,US,S2,3,0.7417,0.9985
S1-238934438,S2-106709026,US,S2,1,1.0000,0.9997
S1-238934438,S2-811053793,US,S2,2,0.8246,0.9995
S1-238934438,S3-77872711,US,S3,3,0.6704,0.9740
S1-238934438,S3-443947715,US,S3,5,0.4308,0.6347
S1-239070389,S2-203348699,US,S2,1,1.0000,1.0000
S1-239070389,S3-246115767,US,S3,2,0.7417,0.9980
S1-239070389,S2-628608236,US,S2,3,0.6000,0.9996
S1-239108549,S3-85708736,India,S3,1,0.8667,0.8761
S1-239121566,S3-762669547,US,S3,1,1.0000,1.0000
S1-239121566,S3-752703524,US,S3,2,1.0000,0.9998
S1-239121566,S3-351937640,US,S3,3,1.0000,1.0000
S1-239121566,S3-338902086,US,S3,4,1.0000,1.0000
S1-239121566,S2-227908881,US,S2,6,0.7500,0.9984
S1-239162047,S3-14196138,US,S3,8,0.7667,0.9988
S1-239178198,S3-188769766,US,S3,1,1.0000,0.9985
S1-239178198,S3-291261753,US,S3,2,0.9000,0.9999
S1-239178198,S2-41611249,US,S2,3,0.7583,0.9943
S1-239252785,S3-660502671,India,S3,1,0.9000,0.9495
S1-239252785,S3-656353918,India,S3,2,0.7333,0.9167
S1-239369241,S3-802473872,India,S3,3,0.8667,0.9644
S1-239369241,S3-319136559,India,S3,8,0.8667,0.9991
S1-239369241,S3-297569892,India,S3,9,0.8667,0.9088
S1-239369241,S2-684857624,India,S2,20,0.8667,0.3027
S1-23944621,S3-321638607,US,S3,1,1.0000,0.9995
S1-23944621,S3-467119769,US,S3,2,0.8756,0.9994
S1-23944621,S2-119451693,US,S2,3,0.8018,0.9991
S1-23944621,S2-462471609,US,S2,13,0.7299,0.9900
S1-239504086,S3-616861557,US,S3,1,0.7904,0.9983
S1-239504086,S3-234367064,US,S3,2,0.7812,0.9991
S1-239504086,S3-879352869,US,S3,3,0.7667,0.7899
S1-239504086,S3-442028716,US,S3,5,0.7667,0.7899
S1-23952301,S3-735681241,US,S3,1,1.0000,1.0000
S1-23952301,S3-365070031,US,S3,2,1.0000,0.9996
S1-23952301,S2-49272832,US,S2,3,1.0000,1.0000
S1-23952301,S2-311192638,US,S2,4,0.7798,0.9973
S1-23952301,S2-62321168,US,S2,5,0.7440,0.9987
S1-23952301,S2-621711459,US,S2,6,0.6932,0.9977
S1-23952301,S3-450788506,US,S3,7,0.6768,0.9993
S1-23958435,S2-210378316,US,S2,1,0.7496,0.9970
S1-239623505,S3-487732932,US,S3,1,0.8667,0.7053
S1-239623505,S2-835719527,US,S2,2,0.7667,0.2461
S1-239627253,S3-718290489,India,S3,1,1.0000,0.9976
S1-239808289,S3-324625937,India,S3,1,1.0000,0.9984
S1-239808289,S2-764522903,India,S2,3207,0.7026,0.9997
S1-23982712,S2-958273591,US,S2,1,0.9000,0.9960
S1-23982712,S3-429798701,US,S3,2,0.8333,0.9976
S1-23982712,S2-636557792,US,S2,4,0.7333,0.9921
S1-23982712,S3-448259049,US,S3,5,0.6863,0.9482
S1-239848545,S3-413828053,US,S3,1,1.0000,1.0000
S1-239848545,S2-9397833,US,S2,14,0.7667,0.5169
S1-239910955,S3-502754285,India,S3,1,1.0000,0.9989
S1-239910955,S2-959275901,India,S2,2,1.0000,1.0000
S1-239910955,S2-430452918,India,S2,3,1.0000,0.9997
S1-240010569,S3-313354461,US,S3,1,1.0000,1.0000
S1-240010569,S2-43869187,US,S2,2,1.0000,1.0000
S1-240010569,S3-536893418,US,S3,3,0.8212,0.9993
S1-240010569,S2-635495084,US,S2,4,0.7467,0.9952
S1-240012861,S3-965719169,US,S3,1,1.0000,0.9999
S1-240012861,S2-957852146,US,S2,2,1.0000,0.9992
S1-240012861,S2-756607834,US,S2,3,1.0000,0.9999
S1-240012861,S2-162976066,US,S2,4,0.8415,0.9997
S1-240041999,S3-391943062,India,S3,1,0.8667,0.9994
S1-240041999,S2-420764456,India,S2,2,0.8667,0.9991
S1-240041999,S2-402875617,India,S2,5,0.6659,0.5612
S1-240041999,S3-759106836,India,S3,164,0.4500,0.4985
S1-240041999,S3-478147717,India,S3,166,0.4500,0.5748
S1-240059546,S3-625680146,India,S3,1,0.8451,0.9995
S1-240059546,S3-977971789,India,S3,5,0.7133,0.9999
S1-240077204,S3-71026322,US,S3,1,1.0000,0.9997
S1-240077204,S2-957974086,US,S2,2,1.0000,1.0000
S1-240077204,S2-202727022,US,S2,3,1.0000,0.9993
S1-240077204,S2-12705971,US,S2,4,0.9000,0.9999
S1-240077204,S3-89611684,US,S3,5,0.7875,0.9999
S1-240077204,S2-169352011,US,S2,11,0.7048,0.9966
S1-240137079,S2-737650911,India,S2,1,1.0000,0.9992
S1-240137079,S3-189615381,India,S3,2,0.8667,0.9998
S1-240240433,S2-840170663,India,S2,1,1.0000,0.9999
S1-240259184,S3-1284516,US,S3,1,1.0000,1.0000
S1-240284477,S3-491959482,US,S3,1,1.0000,1.0000
S1-240284477,S2-208640072,US,S2,2,1.0000,1.0000
S1-240284477,S2-679362882,US,S2,3,0.8048,0.9967
S1-240321335,S3-69594347,India,S3,1,1.0000,0.9999
S1-240321335,S2-917122129,India,S2,2,1.0000,1.0000
S1-240321335,S3-419689283,India,S3,54,0.5429,0.9864
S1-240365461,S2-589008353,US,S2,1,1.0000,1.0000
S1-240365461,S3-146426498,US,S3,2,0.8667,0.6954
S1-240365461,S3-476095874,US,S3,138,0.6286,0.6015
S1-240438507,S2-896112649,India,S2,42,0.7667,0.6329
S1-240450065,S3-767225201,US,S3,2,0.6458,0.9979
S1-240505255,S3-561595021,India,S3,1,1.0000,0.9992
S1-240505255,S2-178276497,India,S2,2,0.8451,0.9995
S1-240505255,S2-964037144,India,S2,49,0.6569,0.9989
S1-240520994,S2-259015346,India,S2,1,1.0000,0.9969
S1-240524443,S3-671353805,US,S3,1,0.9333,0.9986
S1-240524443,S3-675906837,US,S3,2,0.7528,0.9988
S1-240524443,S2-779300716,US,S2,3,0.6862,0.9971
S1-24056116,S2-101483655,India,S2,1,0.8198,0.9951
S1-24056116,S2-912399401,India,S2,2,0.7197,0.8557
S1-24056116,S3-658801478,India,S3,3,0.6733,0.9990
S1-24056116,S3-746548904,India,S3,4,0.5833,0.9924
S1-240685877,S3-190657671,India,S3,1128,0.7410,0.9990
S1-240685877,S3-214069339,India,S3,1133,0.6152,0.9989
S1-24068606,S3-242341032,US,S3,1,1.0000,0.9997
S1-24068606,S2-739899302,US,S2,2,1.0000,1.0000
S1-24069996,S3-799791089,US,S3,1,1.0000,0.9998
S1-24069996,S3-66761847,US,S3,2,1.0000,1.0000
S1-24069996,S2-728110664,US,S2,3,0.7897,0.9981
S1-24069996,S2-938450884,US,S2,4,0.6392,0.9983
S1-24071323,S3-208803777,US,S3,1,1.0000,0.9999
S1-24071323,S2-788473373,US,S2,2,0.9000,1.0000
S1-240771073,S3-33227079,US,S3,1,1.0000,1.0000
S1-240771073,S3-188000952,US,S3,2,1.0000,0.9995
S1-240771073,S2-878843613,US,S2,3,1.0000,0.9997
S1-240771073,S2-509685283,US,S2,4,0.7843,0.9925
S1-240845810,S2-415978312,US,S2,1,1.0000,0.9995
S1-240845810,S2-575209897,US,S2,2,0.7658,0.9997
S1-240845810,S3-348476366,US,S3,3,0.7026,0.9987
S1-240897048,S3-421330635,India,S3,1,0.7667,0.9963
S1-240897048,S2-802078234,India,S2,3,0.6000,0.9706
S1-240936518,S3-136054927,India,S3,1,1.0000,1.0000
S1-240936518,S2-180922,India,S2,2,0.9000,0.7230
S1-240936518,S3-82354457,India,S3,3,0.8480,0.9982
S1-240936518,S3-473931843,India,S3,4,0.8480,0.9938
S1-240936518,S3-707704997,India,S3,102,0.5285,0.4575
S1-240980572,S3-338444224,India,S3,1,1.0000,0.9998
S1-240980572,S3-473842460,India,S3,2,0.7882,0.9430
S1-240980572,S2-210267472,India,S2,3,0.7286,0.8122
S1-240980572,S2-897857158,India,S2,21,0.5611,0.9898
S1-24110657,S3-659196900,US,S3,1,0.9000,0.9964
S1-24110657,S2-642966979,US,S2,2,0.8232,0.9999
S1-24110657,S3-130834800,US,S3,3,0.8231,0.9988
S1-24110657,S3-26982522,US,S3,7,0.7156,0.9954
S1-241161728,S2-14740581,US,S2,1,0.8381,0.9995
S1-241161728,S3-172792392,US,S3,49,0.7667,0.5275
S1-241198656,S3-238486419,US,S3,1,1.0000,0.9996
S1-241198656,S2-980428754,US,S2,2,1.0000,0.9997
S1-241198656,S2-127544780,US,S2,3,1.0000,0.9997
S1-241198656,S2-983328555,US,S2,17,0.7658,0.9994
S1-241242485,S3-130109239,US,S3,1,1.0000,0.9999
S1-241242485,S3-910920067,US,S3,2,0.9000,0.9920
S1-241242485,S3-715888714,US,S3,4,0.6742,0.9974
S1-241242485,S2-666446903,US,S2,6,0.5696,0.8217
S1-241242485,S2-597169357,US,S2,7,0.5295,0.9921
S1-241302417,S3-312465986,India,S3,1,1.0000,0.9999
S1-241302417,S2-853394864,India,S2,2,1.0000,0.9991
S1-241302417,S2-16191641,India,S2,3,0.8436,0.9997
S1-241364977,S3-728370323,US,S3,1,1.0000,0.9998
S1-241364977,S3-335567584,US,S3,2,0.8708,0.9997
S1-241364977,S2-464221308,US,S2,3,0.7905,0.9994
S1-241364977,S3-906033761,US,S3,4,0.7667,0.8397
S1-241425885,S3-807321697,US,S3,1,1.0000,0.9998
S1-241425885,S3-348837026,US,S3,2,1.0000,1.0000
S1-241425885,S2-789529163,US,S2,3,1.0000,1.0000
S1-241425885,S2-725659238,US,S2,4,0.9211,0.9996
S1-241425885,S2-518511025,US,S2,5,0.7724,0.9978
S1-241434187,S3-880985883,US,S3,1,1.0000,1.0000
S1-241434187,S2-972987685,US,S2,2,1.0000,1.0000
S1-241434187,S3-940450786,US,S3,93,0.7667,0.9969
S1-241435239,S2-795726514,India,S2,1,1.0000,0.9909
S1-24148808,S3-744423007,US,S3,1,0.9000,0.9950
S1-24148808,S3-64683830,US,S3,2,0.9000,0.9950
S1-24148808,S2-256383661,US,S2,218,0.7364,0.9994
S1-241520385,S3-757319860,US,S3,1,1.0000,1.0000
S1-241520385,S2-51031071,US,S2,2,0.7667,0.9989
S1-241596517,S3-557809022,US,S3,1,0.7812,0.9999
S1-241596517,S3-945062050,US,S3,2,0.7667,0.9973
S1-241596517,S2-633377054,US,S2,6,0.7667,0.9997
S1-241596517,S2-312708764,US,S2,7,0.7667,0.9997
S1-241659377,S3-525596265,US,S3,1,0.8009,0.9960
S1-241659377,S2-238115879,US,S2,2,0.7829,0.9977
S1-241693461,S3-710873766,US,S3,1,1.0000,1.0000
S1-241693461,S3-620366812,US,S3,2,1.0000,0.9999
S1-241693461,S2-588839056,US,S2,3,1.0000,1.0000
S1-241693461,S3-813358260,US,S3,4,0.7340,0.9857
S1-241762135,S2-788436199,US,S2,1,1.0000,1.0000
S1-241762135,S3-18890719,US,S3,2,0.7778,0.9990
S1-241762135,S2-201839335,US,S2,112,0.6589,0.9983
S1-241783292,S3-683513034,US,S3,1,1.0000,1.0000
S1-241783292,S2-125878527,US,S2,97,0.7667,0.9608
S1-241798163,S2-297785669,US,S2,1,1.0000,1.0000
S1-241798163,S3-73686822,US,S3,2,0.8760,0.9998
S1-241798163,S3-315955555,US,S3,3,0.8760,0.9994
S1-24180490,S2-858264018,US,S2,1,1.0000,1.0000
S1-24180490,S3-667163989,US,S3,2,0.8692,0.9996
S1-24180490,S3-234452679,US,S3,3,0.6822,0.9980
S1-24181755,S3-576941493,India,S3,1,1.0000,0.9998
S1-24181755,S3-493883542,India,S3,2,1.0000,1.0000
S1-24181755,S2-581399080,India,S2,3,1.0000,1.0000
S1-24181755,S2-6630200,India,S2,4,0.7471,0.9990
S1-24181755,S2-45187469,India,S2,5,0.7471,0.9999
S1-24181755,S2-246099721,India,S2,18,0.5762,0.9775
S1-24184494,S3-549427368,India,S3,1,1.0000,0.9985
S1-24184494,S2-853598984,India,S2,2,0.9333,0.9439
S1-24184494,S2-582597524,India,S2,3,0.9333,0.9789
S1-24184494,S3-539477881,India,S3,7,0.7569,0.9991
S1-24184494,S2-358060169,India,S2,9,0.6667,0.9965
S1-241857818,S2-300926271,India,S2,1,0.7667,0.9963
S1-241857818,S2-201551672,India,S2,2,0.7667,0.5304
S1-241952481,S3-719861522,India,S3,10,0.8152,0.9999
S1-241952481,S3-527294589,India,S3,348,0.6194,0.9896
S1-241965389,S3-306087762,US,S3,1,0.8619,0.9993
S1-241965389,S3-313304213,US,S3,2,0.7784,0.9988
S1-241965389,S2-479106856,US,S2,5,0.7667,0.9968
S1-241969774,S2-104955829,India,S2,83,0.7083,0.9682
S1-242026009,S2-212971028,India,S2,1,1.0000,0.9994
S1-242026009,S3-964018683,India,S3,3,0.8500,0.9996
S1-242026009,S3-883559381,India,S3,4,0.8500,0.9994
S1-242026009,S3-16977185,India,S3,5,0.8500,0.9994
S1-242067945,S3-53537122,US,S3,1,1.0000,0.9996
S1-242067945,S2-718032317,US,S2,2,0.9333,0.9995
S1-242067945,S2-171751844,US,S2,3,0.8667,0.7173
S1-242067945,S2-595449725,US,S2,5,0.7805,0.9957
S1-242067945,S3-307019565,US,S3,154,0.6965,0.9918
S1-242071243,S3-271237095,India,S3,1,0.8667,0.9748
S1-242071243,S2-705194116,India,S2,2,0.8667,0.9371
S1-242127658,S3-772132012,India,S3,1,1.0000,0.9953
S1-242127658,S2-850012644,India,S2,2,1.0000,1.0000
S1-242127658,S2-107289638,India,S2,4,0.7992,0.9992
S1-242156902,S3-563566742,US,S3,1,1.0000,0.9998
S1-242156902,S3-500225064,US,S3,831,0.5685,0.9998
S1-242210470,S3-491832662,US,S3,1,1.0000,0.9991
S1-242216177,S3-231313546,India,S3,1,0.7667,0.8112
S1-242235739,S3-79231008,US,S3,1,0.8156,0.9994
S1-242235739,S3-406975371,US,S3,2,0.7923,0.9977
S1-242235739,S2-260162704,US,S2,3,0.7667,0.4712
S1-242256969,S3-751250731,US,S3,1,1.0000,1.0000
S1-242256969,S2-9325772,US,S2,2,1.0000,0.9997
S1-242256969,S3-992172922,US,S3,3,0.7576,0.4207
S1-242307911,S2-415465069,US,S2,1,1.0000,1.0000
S1-242307911,S2-198014100,US,S2,2,1.0000,0.9997
S1-242307911,S2-931788492,US,S2,3,0.8126,0.9989
S1-242307911,S2-69862635,US,S2,35,0.7163,0.9402
S1-242314382,S3-268520521,US,S3,1,1.0000,0.9995
S1-242314382,S2-825662987,US,S2,2,1.0000,0.9996
S1-242314382,S3-516048280,US,S3,3,0.7667,0.9998
S1-242314382,S2-11416148,US,S2,4,0.7667,0.5275
S1-242314382,S3-538148705,US,S3,5,0.6533,0.9856
S1-242335626,S3-448838919,India,S3,1,0.8152,0.9954
S1-242335626,S3-80644493,India,S3,2,0.7504,0.9996
S1-242372738,S2-757200822,US,S2,1,0.7667,0.9998
S1-242372738,S3-826410807,US,S3,2,0.6992,0.9632
S1-242406479,S3-219212462,US,S3,1,1.0000,0.9999
S1-242406479,S2-688902120,US,S2,2,1.0000,1.0000
S1-242406479,S2-580600764,US,S2,3,0.9167,0.9995
S1-242406479,S3-503486558,US,S3,4,0.7805,0.9990
S1-242433296,S3-457091272,US,S3,2,0.8228,0.9993
S1-242456786,S2-332932956,US,S2,1,1.0000,1.0000
S1-242456786,S3-439696658,US,S3,2,0.8667,0.9997
S1-242531255,S3-500682142,US,S3,1,1.0000,0.9998
S1-242531255,S3-497530675,US,S3,2,1.0000,1.0000
S1-242566351,S2-520265500,US,S2,1,1.0000,0.9962
S1-242566351,S3-90093441,US,S3,15,0.7451,0.9946
S1-242566351,S3-671430567,US,S3,16,0.7451,0.9576
S1-242566351,S3-240794314,US,S3,17,0.6833,0.9938
S1-242622250,S3-424698180,US,S3,1,0.7833,0.9985
S1-242622250,S2-863854690,US,S2,5,0.7667,0.9996
S1-242690139,S3-615159962,US,S3,1,0.7228,0.9997
S1-242703575,S2-995491063,US,S2,1,1.0000,0.9998
S1-242703575,S2-982683326,US,S2,2,1.0000,1.0000
S1-242703575,S2-261043842,US,S2,3,1.0000,1.0000
S1-242703575,S3-33336880,US,S3,4,0.7000,0.9846
S1-243126766,S3-996908279,India,S3,1,1.0000,0.9996
S1-243126766,S2-786046601,India,S2,2,1.0000,0.9993
S1-243126766,S2-646668301,India,S2,20,0.7559,0.9945
S1-24318807,S3-871189376,India,S3,1,1.0000,1.0000
S1-24318807,S2-380443430,India,S2,70,0.9000,0.9999
S1-24318807,S2-230499183,India,S2,76,0.9000,0.9999
S1-243200825,S3-818839375,India,S3,1,1.0000,1.0000
S1-243200825,S3-457137408,India,S3,2,1.0000,0.9999
S1-243200825,S2-509411422,India,S2,4,0.7667,0.2680
S1-243201306,S3-673062350,US,S3,1,1.0000,1.0000
S1-243201306,S3-147160455,US,S3,2,1.0000,1.0000
S1-243201306,S2-376648849,US,S2,3,1.0000,0.9990
S1-243201306,S2-912566816,US,S2,5,0.7576,0.9988
S1-243272351,S3-903452060,US,S3,1,1.0000,0.9994
S1-243272351,S2-239793559,US,S2,2,0.9000,0.9999
S1-243272351,S3-804456307,US,S3,3,0.6667,0.9999
S1-243312167,S3-230584016,India,S3,1,1.0000,0.9982
S1-243312167,S3-424978423,India,S3,73,0.7451,0.9766
S1-243312167,S3-88011407,India,S3,74,0.6762,0.9953
S1-243316299,S3-109905946,India,S3,1,0.9000,0.9988
S1-243316299,S3-734665080,India,S3,5,0.7085,0.9982
S1-243316299,S2-556813907,India,S2,8,0.6667,0.9817
S1-243361508,S3-557443711,India,S3,1,1.0000,1.0000
S1-243361508,S3-460481404,India,S3,2,1.0000,1.0000
S1-243361508,S3-15207684,India,S3,3,1.0000,0.9923
S1-243361508,S2-483169446,India,S2,5,0.7667,0.4125
S1-243361508,S3-243827360,India,S3,6,0.6667,0.9994
S1-243397897,S3-575737161,India,S3,1,1.0000,0.9992
S1-243397897,S2-814684151,India,S2,2,1.0000,0.9996
S1-243412726,S2-865230539,US,S2,1,1.0000,1.0000
S1-243412726,S3-39529514,US,S3,2,0.9000,0.9999
S1-243412726,S3-506704696,US,S3,9,0.7500,0.9985
S1-243412726,S3-668967484,US,S3,10,0.7387,0.9992
S1-243412726,S3-685121438,US,S3,15,0.6576,0.9957
S1-243412726,S3-430177148,US,S3,16,0.6576,0.9977
S1-243565220,S2-956935715,US,S2,2,0.7667,0.9983
S1-243565220,S3-955838992,US,S3,3,0.6762,0.9446
S1-243565220,S3-34205218,US,S3,14,0.5556,0.9836
S1-243578921,S3-83605592,US,S3,1,0.7667,0.8130
S1-24359046,S3-515924359,US,S3,1,1.0000,0.9998
S1-24359046,S2-744950475,US,S2,2,1.0000,0.9998
S1-24359046,S2-707188654,US,S2,3,1.0000,1.0000
S1-24359046,S2-508860609,US,S2,4,1.0000,1.0000
S1-24359046,S2-296477094,US,S2,5,1.0000,0.9998
S1-24359046,S2-178533956,US,S2,6,1.0000,0.9558
S1-243854350,S3-968773629,India,S3,1,0.9000,0.9999
S1-243854350,S3-745016871,India,S3,2,0.9000,0.9438
S1-243907149,S3-99839805,US,S3,1,1.0000,0.9996
S1-243907149,S3-759817291,US,S3,2,1.0000,1.0000
S1-243907149,S2-100595022,US,S2,3,1.0000,0.9994
S1-243925748,S3-494568853,India,S3,1,0.8667,0.5054
S1-243952608,S3-818450273,US,S3,1,1.0000,1.0000
S1-243952608,S2-262564614,US,S2,2,0.9000,0.9969
S1-243952608,S3-41249159,US,S3,4,0.6433,0.9981
S1-243984972,S3-950079132,US,S3,1,1.0000,0.9997
S1-243984972,S3-49400944,US,S3,2,1.0000,0.9998
S1-243984972,S3-34870416,US,S3,3,1.0000,1.0000
S1-243984972,S3-157081674,US,S3,4,1.0000,0.9997
S1-243987127,S3-381199641,US,S3,1,1.0000,1.0000
S1-243987127,S3-228871973,US,S3,2,0.8111,0.9982
S1-243987127,S2-744526446,US,S2,3,0.8111,0.9982
S1-243987127,S2-735598581,US,S2,4,0.8029,0.9979
S1-243987127,S3-463191648,US,S3,5,0.7847,0.9998
S1-244091014,S2-339364294,India,S2,2,0.8811,0.9986
S1-244091014,S2-458632516,India,S2,3,0.8720,0.9935
S1-244101479,S3-963565742,US,S3,1,1.0000,1.0000
S1-244101479,S2-208450966,US,S2,7,0.6932,0.9988
S1-244139782,S2-812033628,US,S2,1,1.0000,0.9993
S1-244139782,S2-542946777,US,S2,2,0.7619,0.9988
S1-244139782,S2-829502846,US,S2,3,0.7451,0.9541
S1-244156427,S2-568386448,US,S2,6,0.7667,0.9985
S1-244167583,S3-916908536,US,S3,1,1.0000,0.9996
S1-244183457,S2-716725738,India,S2,1,0.8843,0.9999
S1-244183457,S3-723163213,India,S3,19,0.7667,0.6670
S1-244190957,S3-905401034,US,S3,1,1.0000,1.0000
S1-244233911,S2-527287257,US,S2,1,0.9267,0.9997
S1-244233911,S3-33634516,US,S3,2,0.8991,0.9996
S1-244233911,S3-79816025,US,S3,3,0.8905,0.9998
S1-244233911,S2-895401874,US,S2,4,0.8905,0.9998
S1-244233911,S2-173374310,US,S2,5,0.8905,0.9998
S1-244233911,S2-274875002,US,S2,6,0.8491,0.9997
S1-244233911,S3-533669578,US,S3,7,0.7889,0.9997
S1-244242875,S2-36997858,India,S2,1,1.0000,1.0000
S1-244242875,S2-36691421,India,S2,2,1.0000,0.9970
S1-244242875,S2-198074612,India,S2,3,0.8407,0.9995
S1-244242875,S3-255462825,India,S3,4,0.7762,0.9470
S1-244242875,S2-336765944,India,S2,5,0.7667,0.9995
S1-244242875,S2-509869270,India,S2,6,0.7333,0.9982
S1-244271790,S2-920278863,US,S2,1,0.7952,0.9996
S1-244271790,S2-905301828,US,S2,2,0.7601,0.9994
S1-244295450,S3-940300349,US,S3,1,1.0000,0.9999
S1-244295450,S2-587813230,US,S2,2,0.8302,0.9999
S1-244295450,S3-272513278,US,S3,3,0.8240,0.9998
S1-244297700,S2-192862283,US,S2,1,1.0000,0.9998
S1-244297700,S3-273022191,US,S3,2,0.8667,0.8876
S1-244297700,S3-998734784,US,S3,4,0.7375,0.9569
S1-244307269,S3-354796955,US,S3,1,1.0000,0.9997
S1-244307269,S2-526941202,US,S2,2,1.0000,0.9998
S1-244307269,S3-15982870,US,S3,3,0.7296,0.9986
S1-244307269,S3-756181653,US,S3,4,0.6833,0.9654
S1-244320272,S2-38799484,US,S2,1,0.9000,0.9989
S1-244320272,S3-719668596,US,S3,3,0.7667,0.3491
S1-244320272,S3-562844499,US,S3,4,0.7667,0.2930
S1-244358602,S3-5712798,India,S3,1,0.9000,0.9999
S1-244358602,S2-383979382,India,S2,3,0.7071,0.9995
S1-24438342,S2-306251543,US,S2,1,0.8544,0.9997
S1-244420474,S2-456727015,US,S2,1,1.0000,1.0000
S1-244420474,S2-186194315,US,S2,2,1.0000,0.9999
S1-244420474,S3-211236853,US,S3,3,0.8183,0.9983
S1-244434816,S3-268418966,US,S3,1,0.8667,0.9058
S1-244483029,S3-832855350,US,S3,2,0.7667,0.7714
S1-244538608,S3-494672134,India,S3,1,0.8667,0.9898
S1-244538608,S2-983500145,India,S2,2,0.8667,0.9999
S1-244538608,S2-58672636,India,S2,3,0.8667,0.9999
S1-244538608,S2-207959534,India,S2,4,0.8667,0.9964
S1-244591139,S3-442510412,India,S3,1,1.0000,0.9989
S1-244591139,S2-825497652,India,S2,2,0.9000,0.9997
S1-244591139,S3-67594237,India,S3,3,0.8708,0.9996
S1-244591139,S3-608068067,India,S3,4,0.7752,0.9303
S1-244596015,S3-950662738,India,S3,1,1.0000,0.9943
S1-244596015,S2-41835595,India,S2,2,1.0000,0.9918
S1-244643323,S2-293378483,India,S2,1,0.9500,0.9861
S1-244648940,S3-490561825,India,S3,1,1.0000,0.9978
S1-244648940,S2-312963463,India,S2,2,1.0000,0.9997
S1-244648940,S3-933218712,India,S3,3,0.8658,0.9979
S1-244648940,S3-125874576,India,S3,4,0.7803,0.9999
S1-244693924,S3-431949297,US,S3,1,1.0000,1.0000
S1-244693924,S2-351878211,US,S2,2,0.9000,1.0000
S1-244693924,S3-606751988,US,S3,3,0.8273,0.9997
S1-244693924,S2-739634502,US,S2,5,0.7273,0.9996
S1-244725046,S2-262460953,US,S2,1,0.9000,0.9978
S1-244725046,S2-997529941,US,S2,21,0.7667,0.9998
S1-244725046,S2-677526522,US,S2,47,0.6527,0.9983
S1-244745958,S3-504151098,US,S3,1,1.0000,0.9999
S1-244745958,S3-232713440,US,S3,2,1.0000,1.0000
S1-244745958,S2-743346375,US,S2,3,0.9000,0.9982
S1-244745958,S2-589319518,US,S2,7,0.6548,0.9874
S1-244745958,S3-996028820,US,S3,8,0.6528,0.9997
S1-244783908,S2-807297397,India,S2,1,1.0000,1.0000
S1-244783908,S3-686435410,India,S3,3,0.8436,0.9997
S1-244783908,S3-122120882,India,S3,7,0.7667,0.7047
S1-244805024,S3-950535561,US,S3,1,1.0000,0.9999
S1-244805024,S2-228930144,US,S2,2,0.9000,0.9973
S1-244805024,S2-89012736,US,S2,820,0.6833,0.9988
S1-244837429,S3-395805677,US,S3,1,1.0000,0.9987
S1-244837429,S2-699759439,US,S2,6,0.7451,0.9882
S1-244843484,S3-845629959,US,S3,1,1.0000,1.0000
S1-244843484,S3-688446437,US,S3,2,1.0000,1.0000
S1-244843484,S2-729196431,US,S2,3,0.8658,0.9994
S1-244843484,S2-540552997,US,S2,5,0.7388,0.9983
S1-244897275,S2-412622629,US,S2,1,1.0000,1.0000
S1-244897275,S2-225050318,US,S2,2,1.0000,1.0000
S1-244897275,S3-774240178,US,S3,3,0.7208,0.9991
S1-244927923,S3-347506574,US,S3,1,1.0000,0.9998
S1-244927923,S3-157448752,US,S3,2,0.8257,1.0000
S1-244960664,S3-887738,US,S3,1,0.8667,0.8702
S1-244960664,S3-791710778,US,S3,2,0.8667,0.9880
S1-244960664,S3-599114553,US,S3,4,0.7420,0.9999
S1-244960664,S3-770642264,US,S3,5,0.6862,0.9936
S1-244998186,S3-295953836,India,S3,1,0.8667,0.9876
S1-244998186,S2-978482881,India,S2,2,0.8667,0.9995
S1-245003371,S2-475767227,India,S2,1,1.0000,0.9995
S1-245003371,S2-303338757,India,S2,2,1.0000,1.0000
S1-245003371,S2-983960782,India,S2,3,0.7667,0.9019
S1-245003371,S2-347628463,India,S2,4,0.7667,0.9019
S1-245003371,S2-740305345,India,S2,5,0.7544,0.9984
S1-245007383,S3-609605097,India,S3,1,0.8667,0.8686
S1-245007383,S2-379581734,India,S2,2,0.7667,0.9992
S1-245009798,S3-58591873,India,S3,1,0.8667,0.6214
S1-245009798,S2-452704520,India,S2,2,0.7667,0.9984
S1-245010537,S3-28548571,India,S3,1,1.0000,0.9991
S1-245023748,S3-824527223,US,S3,1,0.7527,0.9987
S1-245023748,S2-624530522,US,S2,3,0.5057,0.9970
S1-245140082,S3-631285373,US,S3,1,1.0000,1.0000
S1-245140082,S2-944979692,US,S2,2,1.0000,0.9997
S1-245140082,S3-7484173,US,S3,3,0.8708,0.9994
S1-245154376,S2-385027256,US,S2,2,0.8451,0.9990
S1-245154376,S3-447631005,US,S3,3,0.7795,0.9995
S1-245174935,S2-763216793,US,S2,1,1.0000,0.9998
S1-245174935,S3-686001749,US,S3,2,0.8236,0.9991
S1-245297914,S3-818095160,India,S3,1,0.9000,0.9948
S1-245297914,S3-348107687,India,S3,2,0.9000,0.9956
S1-245729868,S2-649600341,India,S2,1,1.0000,0.9954
S1-245729868,S3-912280619,India,S3,2,0.9000,0.6690
S1-245729868,S3-618760548,India,S3,3,0.9000,0.4732
S1-245729868,S3-527045401,India,S3,4,0.9000,0.6690
S1-245729868,S2-102584947,India,S2,5,0.8246,0.9989
S1-245729868,S3-717201638,India,S3,7,0.6933,0.9077
S1-245733805,S3-237037237,India,S3,1,1.0000,0.9999
S1-245733805,S2-81440013,India,S2,23,0.7092,0.9557
S1-245750900,S3-20113095,US,S3,1,0.7667,0.4602
S1-245750900,S2-709667747,US,S2,2,0.7569,0.9986
S1-245861767,S2-309430097,US,S2,1,0.9027,0.9997
S1-245861767,S2-58182754,US,S2,2,0.8867,0.9996
S1-245861767,S3-373109021,US,S3,3,0.7196,0.9978
S1-246030810,S3-993120683,India,S3,61,0.4833,0.9955
S1-246324304,S3-214404399,US,S3,1,1.0000,1.0000
S1-246324304,S3-98170537,US,S3,2,0.8270,0.9998
S1-246324304,S2-455045358,US,S2,3,0.8183,0.9984
S1-246330217,S2-134518050,US,S2,1,1.0000,1.0000
S1-246361125,S3-60786605,US,S3,1,0.8724,0.9995
S1-246361125,S2-35916678,US,S2,2,0.8724,0.9994
S1-246429781,S3-919864869,India,S3,1,1.0000,0.9966
S1-246429781,S3-507948453,India,S3,2,1.0000,1.0000
S1-246429781,S2-113369882,India,S2,3,0.9333,0.9998
S1-246429781,S2-833044595,India,S2,1818,0.5667,0.8180
S1-246445562,S2-545384527,US,S2,1,0.9000,0.9976
S1-246445562,S2-46055150,US,S2,2,0.9000,0.9999
S1-246445562,S2-183570784,US,S2,4,0.7667,0.9981
S1-246445562,S3-156210076,US,S3,5,0.7000,0.9999
S1-246445562,S2-119955031,US,S2,6,0.6970,0.9977
S1-246452779,S2-389709667,India,S2,1,1.0000,0.9999
S1-246452779,S2-188399007,India,S2,2,1.0000,1.0000
S1-246452779,S3-59188702,India,S3,3,0.8658,0.9967
S1-246452779,S3-579848036,India,S3,4,0.8544,0.9956
S1-246452779,S3-697725162,India,S3,19,0.6923,0.9989
S1-246464745,S3-565467173,India,S3,1,0.8667,0.9728
S1-246464745,S2-897223639,India,S2,2,0.8667,0.9954
S1-246464745,S2-787838333,India,S2,3,0.8667,0.6453
S1-246469441,S3-849039204,India,S3,5,0.8051,0.9985
S1-246480540,S2-853124127,US,S2,1,0.9000,1.0000
S1-246480540,S3-687986220,US,S3,2,0.8667,0.7647
S1-246480540,S3-536655156,US,S3,3,0.7667,0.7529
S1-246624158,S2-969994454,US,S2,1,0.8619,0.9996
S1-246624158,S2-165118846,US,S2,2,0.8527,0.9992
S1-246624158,S3-59261523,US,S3,27,0.7667,0.9973
S1-246644197,S3-931724643,India,S3,1,0.9333,0.9754
S1-246644197,S2-237122106,India,S2,2,0.8246,0.9997
S1-246682048,S2-319748044,India,S2,1,1.0000,0.9998
S1-246682048,S2-258500490,India,S2,2,1.0000,1.0000
S1-246682048,S3-605953450,India,S3,3,0.9333,0.9999
S1-246682048,S3-131971652,India,S3,4,0.9333,0.9472
S1-246682048,S2-909622463,India,S2,5,0.8658,0.9999
S1-246682048,S3-499305679,India,S3,8,0.6196,0.9947
S1-246738451,S3-712139112,India,S3,1150,0.4414,0.6545
S1-246738451,S3-67951071,India,S3,2026,0.4121,0.2726
S1-246842808,S2-94788007,US,S2,1,1.0000,0.9999
S1-246898224,S3-899908790,India,S3,1,1.0000,0.9999
S1-246898224,S2-639142844,India,S2,2,0.9000,0.9998
S1-246898224,S2-23423891,India,S2,3,0.9000,0.9159
S1-246898224,S3-894885633,India,S3,42,0.6747,0.9988
S1-246908323,S3-898421740,US,S3,1,1.0000,0.9998
S1-246908323,S3-743701586,US,S3,2,1.0000,1.0000
S1-246908323,S3-742308933,US,S3,3,0.9090,0.9997
S1-246908323,S3-447199196,US,S3,4,0.7667,0.9979
S1-246908323,S3-191070962,US,S3,5,0.7667,0.9948
S1-246908323,S2-67921265,US,S2,6,0.7667,0.9973
S1-246910038,S2-709585977,US,S2,1,0.8176,0.9980
S1-246910038,S3-452993643,US,S3,11,0.7526,0.9931
S1-247013847,S2-803719542,US,S2,1,1.0000,0.9865
S1-247013847,S3-651264016,US,S3,2,0.8527,0.9990
S1-247013847,S3-239930296,US,S3,3,0.8432,0.9980
S1-247067025,S3-480897518,US,S3,1,1.0000,1.0000
S1-247067025,S2-775950656,US,S2,2,0.9000,0.9919
S1-247067025,S2-578621822,US,S2,3,0.9000,0.9999
S1-247080811,S3-897045612,US,S3,1,0.7667,0.9986
S1-247080811,S2-936599979,US,S2,2,0.7667,0.7537
S1-247080811,S2-687544330,US,S2,3,0.7667,0.7537
S1-247080811,S2-21290554,US,S2,4,0.7667,0.9990
S1-247326908,S3-889668859,India,S3,1,1.0000,0.9991
S1-247326908,S2-202563257,India,S2,2,1.0000,0.9998
S1-247326908,S2-770820693,India,S2,3,0.7292,0.9991
S1-247345740,S2-319847168,India,S2,1,1.0000,0.9988
S1-247345740,S3-166967744,India,S3,2,0.8667,0.8198
S1-247345740,S3-162218404,India,S3,3,0.8667,0.9922
S1-247345740,S2-556580597,India,S2,7,0.6863,0.9973
S1-247345740,S3-447187090,India,S3,1045,0.4667,0.3556
S1-247345740,S2-685404879,India,S2,1148,0.4615,0.9716
S1-247446123,S2-541769660,India,S2,1,1.0000,0.9999
S1-247446123,S3-150243889,India,S3,3,0.7083,0.9981
S1-24747194,S3-606248984,US,S3,1,1.0000,0.9998
S1-24747194,S2-327555889,US,S2,2,1.0000,1.0000
S1-24747194,S3-411315430,US,S3,3,0.8865,0.9995
S1-24754062,S3-791978179,India,S3,1,0.8667,0.9993
S1-247540731,S3-387009446,US,S3,1,1.0000,0.9998
S1-247564133,S3-226580500,US,S3,1,1.0000,0.9999
S1-247564133,S2-772042213,US,S2,2,1.0000,0.9998
S1-247609427,S3-74025163,US,S3,1,0.9000,0.9967
S1-247609427,S2-898019430,US,S2,6,0.7992,0.9968
S1-24771507,S2-745978727,US,S2,1,1.0000,0.9998
S1-24771507,S2-464795022,US,S2,2,0.8833,0.9996
S1-24771507,S3-281730411,US,S3,3,0.7667,0.2471
S1-247812536,S3-879911357,US,S3,1,0.9000,0.9999
S1-247812536,S3-124017038,US,S3,10,0.7451,0.9886
S1-247827480,S3-413831148,India,S3,1,1.0000,0.9992
S1-24784736,S3-775320596,US,S3,1,1.0000,0.9998
S1-24784736,S2-773946654,US,S2,3,0.7667,0.4984
S1-247885633,S3-653229673,US,S3,1,1.0000,1.0000
S1-247885633,S3-207054410,US,S3,2,0.8895,0.9997
S1-247885633,S3-428943917,US,S3,4,0.7667,0.8939
S1-24790956,S2-373061835,India,S2,59,0.6237,0.9939
S1-247914665,S2-695442767,US,S2,5,0.7667,0.5484
S1-247963501,S2-143921666,US,S2,1,1.0000,0.9996
S1-247963501,S2-186278439,US,S2,2,0.9000,0.9997
S1-247976425,S2-206084518,US,S2,1,0.9090,0.9989
S1-247976425,S3-284450236,US,S3,2,0.8195,0.9990
S1-247981194,S3-483498247,US,S3,1,1.0000,0.9993
S1-247981194,S3-142915523,US,S3,2,1.0000,0.9983
S1-247981194,S2-403908487,US,S2,3,1.0000,0.9979
S1-24800645,S3-686641101,US,S3,1,1.0000,1.0000
S1-24800645,S2-292596087,US,S2,2,1.0000,1.0000
S1-248099318,S3-856305915,India,S3,1,1.0000,1.0000
S1-248099318,S2-866086665,India,S2,2,1.0000,1.0000
S1-248099318,S2-4740645,India,S2,4,0.6333,0.9874
S1-248124870,S3-580248057,US,S3,1,1.0000,1.0000
S1-248124870,S2-714443736,US,S2,2,1.0000,1.0000
S1-248211788,S3-492143948,India,S3,58,0.6275,0.9291
S1-248223833,S3-286546344,US,S3,1,1.0000,0.9996
S1-248223833,S2-293847832,US,S2,2,0.8387,0.9996
S1-248223833,S2-374868880,US,S2,3,0.7667,0.9991
S1-248223833,S2-137985334,US,S2,4,0.7576,0.9993
S1-248226524,S3-647606197,India,S3,1,1.0000,1.0000
S1-248226524,S3-245414436,India,S3,2,1.0000,1.0000
S1-248226524,S2-155728496,India,S2,3,1.0000,0.9999
S1-248230957,S3-784749842,India,S3,1,1.0000,0.9981
S1-248230957,S2-817691388,India,S2,2,1.0000,0.9991
S1-248230957,S3-149127404,India,S3,3,0.8752,0.9897
S1-24837199,S3-283253478,US,S3,1,0.7825,1.0000
S1-248496480,S3-35228351,US,S3,1,0.9000,0.9922
S1-248496480,S2-338936835,US,S2,2,0.9000,0.9966
S1-248510440,S3-319136168,India,S3,1,1.0000,1.0000
S1-248510440,S3-24413869,India,S3,80,0.7407,0.9990
S1-24857133,S3-407979462,US,S3,1,1.0000,1.0000
S1-24857133,S3-15572500,US,S3,2,1.0000,0.9999
S1-24857133,S2-752320643,US,S2,3,0.8179,0.9981
S1-248602507,S3-974642606,US,S3,1,1.0000,0.9998
S1-248602507,S2-624571441,US,S2,2,1.0000,1.0000
S1-248602507,S2-598300171,US,S2,3,1.0000,1.0000
S1-248602507,S2-131322105,US,S2,4,1.0000,0.9997
S1-248733411,S3-950476292,US,S3,1,1.0000,1.0000
S1-248733411,S3-149094810,US,S3,2,0.8531,0.9998
S1-248733411,S2-708584027,US,S2,3,0.8481,0.9988
S1-248733411,S3-343558776,US,S3,4,0.8333,0.9970
S1-248733442,S3-435473232,India,S3,1,0.7667,0.9381
S1-248733442,S3-41603790,India,S3,2,0.7667,0.9381
S1-248757844,S3-117244414,India,S3,1,0.7667,0.7193
S1-248774673,S2-416707995,US,S2,1,1.0000,1.0000
S1-248774673,S2-442955894,US,S2,2,0.7667,0.9993
S1-248774673,S3-911475057,US,S3,4,0.7396,0.9895
S1-248774673,S3-422339629,US,S3,5,0.6146,0.9967
S1-248843790,S3-332204947,US,S3,1,1.0000,0.9995
S1-248843790,S2-875727106,US,S2,2,1.0000,1.0000
S1-248843790,S3-638449527,US,S3,2240,0.6697,0.9946
S1-248917010,S2-697871809,India,S2,1,1.0000,0.9995
S1-248917010,S2-523527947,India,S2,2,1.0000,1.0000
S1-248917010,S2-246781356,India,S2,3,0.7970,0.9997
S1-248917010,S3-200038834,India,S3,4,0.7667,0.7715
S1-248917010,S3-136539163,India,S3,5,0.7667,0.8840
S1-249008611,S3-459004641,US,S3,1,0.9000,0.9999
S1-249008611,S3-701431725,US,S3,2,0.8523,0.9982
S1-249008611,S3-498264025,US,S3,3,0.8075,0.9997
S1-249009867,S2-387970465,India,S2,1,1.0000,1.0000
S1-249009867,S3-940168693,India,S3,4,0.7180,0.8666
S1-249009867,S3-445121455,India,S3,5,0.6595,0.9878
S1-249013243,S3-664760086,US,S3,1,1.0000,1.0000
S1-249013243,S2-543982585,US,S2,2,1.0000,0.9995
S1-249013243,S2-525027555,US,S2,3,1.0000,1.0000
S1-249013243,S2-507141191,US,S2,4,1.0000,0.9995
S1-249013243,S2-778764552,US,S2,10,0.7667,0.9463
S1-24901545,S2-448425,India,S2,1,0.9500,1.0000
S1-249037230,S3-453041784,US,S3,1,0.9000,0.9923
S1-249037230,S3-117478917,US,S3,2,0.9000,0.9939
S1-249037230,S2-131144264,US,S2,3,0.9000,0.9999
S1-24908129,S2-115347278,India,S2,1112,0.7092,0.9963
S1-24908129,S3-29215255,India,S3,1120,0.5333,0.8921
S1-249168916,S3-508976309,India,S3,1,1.0000,0.9988
S1-249168916,S2-153686041,India,S2,2,0.8333,0.9988
S1-249168916,S3-936572972,India,S3,4,0.6333,0.9978
S1-249194301,S3-162685035,India,S3,1,1.0000,0.9998
S1-249194301,S2-488081556,India,S2,2,1.0000,0.9996
S1-249194301,S2-742222599,India,S2,3,0.8899,0.9997
S1-249194301,S2-46644806,India,S2,77,0.7667,0.5420
S1-249194301,S2-771259154,India,S2,197,0.5667,0.4944
S1-249214821,S3-52954057,US,S3,1,1.0000,1.0000
S1-249214821,S2-981300747,US,S2,2,1.0000,1.0000
S1-249214821,S2-531708776,US,S2,8,0.7237,0.9995
S1-249282008,S3-851520788,India,S3,1,1.0000,1.0000
S1-249282008,S2-947267697,India,S2,2,1.0000,1.0000
S1-249282211,S3-907496185,US,S3,8,0.7054,0.6822
S1-249282211,S3-499899905,US,S3,9,0.7054,0.7256
S1-249282211,S2-101677703,US,S2,10,0.7054,0.9892
S1-249323663,S3-351511329,US,S3,1,1.0000,1.0000
S1-249323663,S3-207248993,US,S3,2,1.0000,0.9998
S1-249323663,S3-986363293,US,S3,3,0.7987,0.9998
S1-249323663,S2-913241861,US,S2,13,0.7325,0.9987
S1-249381904,S3-537097260,US,S3,1,0.9333,1.0000
S1-249381904,S2-210475661,US,S2,2,0.9000,1.0000
S1-249381904,S2-747056533,US,S2,4,0.7801,0.9979
S1-249381904,S3-880689420,US,S3,5,0.7667,0.9996
S1-24942209,S2-200843983,India,S2,1,1.0000,0.9997
S1-24942209,S2-13621765,India,S2,2,1.0000,0.9997
S1-24942209,S2-729873410,India,S2,3,0.8544,0.9997
S1-24942209,S3-933134604,India,S3,7,0.7083,0.9907
S1-24942209,S2-306115928,India,S2,9,0.6491,0.9992
S1-249487260,S3-293103459,US,S3,1,0.8157,0.9968
S1-249487260,S2-108432994,US,S2,2,0.6762,0.9962
S1-249489060,S3-488473408,India,S3,14,0.7667,0.7295
S1-249489060,S2-48325477,India,S2,44,0.7667,0.9655
S1-249491068,S3-187386114,US,S3,1,1.0000,0.9999
S1-249491068,S3-77604299,US,S3,2,0.7863,0.9999
S1-249696318,S3-383981573,US,S3,1,1.0000,0.9999
S1-249696318,S2-874224735,US,S2,2,0.6951,0.9981
S1-249756102,S2-177440242,US,S2,2,0.7667,0.9078
S1-249756102,S3-545371700,US,S3,3,0.6771,0.9887
S1-249761740,S2-962824531,US,S2,1,1.0000,1.0000
S1-249761740,S2-762890287,US,S2,2,1.0000,1.0000
S1-249761740,S2-52928968,US,S2,3,0.7765,0.9989
S1-249796844,S2-280009239,India,S2,1,0.9000,0.9999
S1-249796844,S3-889861640,India,S3,2,0.8667,0.9896
S1-249796844,S2-850017089,India,S2,102,0.5556,0.0811
S1-249840371,S2-990634246,India,S2,1,0.8667,0.9926
S1-249840371,S2-935446760,India,S2,2,0.8667,0.9999
S1-249850113,S2-943383967,US,S2,1,1.0000,0.9998
S1-249850113,S2-575065247,US,S2,2,1.0000,0.9998
S1-249850113,S2-778469787,US,S2,3,0.9231,0.9998
S1-249850113,S3-6452414,US,S3,4,0.7748,0.9993
S1-249882252,S3-95453664,India,S3,1,1.0000,1.0000
S1-249882252,S2-799025031,India,S2,2,1.0000,0.9998
S1-249882252,S2-441212757,India,S2,40,0.7667,0.9013
S1-25001741,S3-16052016,US,S3,2,0.9000,0.9994
S1-25001741,S2-210211113,US,S2,3,0.9000,0.9998
S1-250177045,S2-968579935,US,S2,1,0.9000,0.9999
S1-250177045,S2-341499754,US,S2,2,0.9000,0.9999
S1-250177045,S2-602844657,US,S2,3,0.7801,0.9959
S1-250177045,S3-515124642,US,S3,4,0.7667,0.9992
S1-250177045,S3-2319663,US,S3,5,0.5941,0.7538
S1-250178603,S3-862487388,US,S3,1,0.9000,0.9934
S1-250178603,S3-178017069,US,S3,2,0.9000,0.9999
S1-250178603,S2-287191169,US,S2,3,0.7970,0.9989
S1-250300722,S2-504349522,India,S2,27,0.9000,0.9977
S1-250300722,S2-540566621,India,S2,1446,0.7458,0.9996
S1-250300722,S3-790703999,India,S3,1447,0.7333,0.9837
S1-250329418,S3-875123718,India,S3,1,0.8205,0.9994
S1-250634839,S3-16026198,US,S3,1,0.8362,0.9827
S1-250684787,S2-677945305,India,S2,1,1.0000,1.0000
S1-250684787,S2-576678163,India,S2,2,1.0000,1.0000
S1-250684787,S2-234924782,India,S2,3,1.0000,1.0000
S1-250684787,S2-715490965,India,S2,4,0.8436,0.9997
S1-250684787,S3-490966783,India,S3,10,0.7619,0.9977
S1-250691361,S3-964571639,India,S3,1,1.0000,0.9999
S1-250691361,S3-153506912,India,S3,14,0.6942,0.9891
S1-25069901,S3-481340634,India,S3,1,0.9000,0.9999
S1-25069901,S2-22733160,India,S2,2,0.9000,0.9674
S1-25069901,S3-774816940,India,S3,3,0.7527,0.9945
S1-25069901,S3-96112344,India,S3,4,0.6471,0.9952
S1-250759131,S2-326704205,India,S2,1,1.0000,0.9984
S1-250796645,S2-109486049,US,S2,1,1.0000,0.9997
S1-250796645,S3-408932116,US,S3,2,0.8302,0.9997
S1-250796645,S3-113557401,US,S3,3,0.8195,0.9990
S1-251062525,S2-431525135,US,S2,1,0.9000,1.0000
S1-251062525,S2-105135715,US,S2,2,0.9000,1.0000
S1-251062525,S3-607794971,US,S3,3,0.7667,0.7851
S1-251062525,S2-961046684,US,S2,5,0.7527,0.9983
S1-251062525,S3-439462912,US,S3,6,0.7179,0.9943
S1-251195615,S3-362585414,India,S3,1,1.0000,0.9997
S1-251205877,S2-393786408,US,S2,1,1.0000,1.0000
S1-251205877,S2-828534566,US,S2,20,0.7667,0.7617
S1-251205877,S2-500495879,US,S2,31,0.7667,0.9856
S1-251205877,S2-214048171,US,S2,37,0.7667,0.2535
S1-251205877,S3-437134601,US,S3,43,0.7275,0.9989
S1-251285536,S2-129296505,India,S2,1,0.9222,0.9997
S1-251285536,S2-588327387,India,S2,2,0.8917,0.9992
S1-251285536,S2-2579235,India,S2,3,0.8152,0.9976
S1-251326589,S3-617898671,India,S3,1,1.0000,1.0000
S1-251326589,S2-29310501,India,S2,2,1.0000,0.9994
S1-251326589,S3-297045610,India,S3,3,0.8135,0.9990
S1-251326589,S3-48492519,India,S3,4,0.8018,0.9612
S1-2513403,S3-303844943,US,S3,1,1.0000,0.9998
S1-2513403,S3-144635824,US,S3,2,0.7544,0.9990
S1-25142833,S3-567579638,India,S3,1,1.0000,0.9999
S1-25142833,S2-493387782,India,S2,649,0.4545,0.9603
S1-251447927,S2-773163109,US,S2,1,0.9000,0.9999
S1-251447927,S2-714623656,US,S2,2,0.9000,0.9999
S1-251506442,S2-295452976,US,S2,1,1.0000,1.0000
S1-251699568,S2-178008152,US,S2,1,0.7944,0.9995
S1-251699568,S3-232846222,US,S3,50,0.7667,0.2415
S1-251734802,S3-720349517,US,S3,1,1.0000,1.0000
S1-251734802,S3-641276747,US,S3,2,0.8843,0.9995
S1-251734802,S2-591804942,US,S2,3,0.8833,0.9995
S1-251734802,S3-961471525,US,S3,5,0.7496,0.9981
S1-251775982,S2-824542441,US,S2,1,0.7910,0.9996
S1-251921442,S2-224962421,India,S2,1,1.0000,0.9995
S1-251921442,S3-353643865,India,S3,2,0.7667,0.9916
S1-251921442,S3-113064096,India,S3,3,0.7667,0.9815
S1-251987520,S2-776054894,US,S2,1,0.9000,0.9978
S1-252005060,S3-705642524,US,S3,1,1.0000,0.9998
S1-252005060,S3-408931944,US,S3,2,1.0000,0.9998
S1-252083949,S3-737152688,US,S3,1,0.8424,0.9996
S1-252083949,S2-774715183,US,S2,4,0.7667,0.8756
S1-252130114,S3-667124698,US,S3,1,1.0000,1.0000
S1-252130114,S3-369581336,US,S3,2,1.0000,0.9999
S1-252130114,S3-964945631,US,S3,3,0.8583,0.9994
S1-252130114,S3-12425806,US,S3,4,0.7954,0.9996
S1-252183489,S3-570882722,India,S3,1,0.7396,0.9782
S1-252183489,S3-173286135,India,S3,2,0.6667,0.9986
S1-252183489,S3-152978337,India,S3,3,0.5833,0.9815
S1-252183489,S2-471330784,India,S2,4,0.5256,0.7114
S1-252237298,S2-66033095,US,S2,1,1.0000,1.0000
S1-252270436,S3-251046074,US,S3,1,1.0000,0.9997
S1-252286395,S2-322498887,US,S2,1,1.0000,1.0000
S1-252286395,S2-887852075,US,S2,2,0.8131,0.9989
S1-252286395,S3-96995332,US,S3,3,0.7795,0.9997
S1-252310937,S2-479057284,US,S2,1,1.0000,0.9998
S1-252310937,S3-277878831,US,S3,3,0.7667,0.9939
S1-252361511,S3-704314356,US,S3,29,0.7667,0.5182
S1-252361511,S3-592122184,US,S3,37,0.7667,0.4531
S1-252361511,S2-32381240,US,S2,140,0.7667,0.9975
S1-252362190,S3-653412442,US,S3,1,0.9000,0.9912
S1-252362190,S2-939686366,US,S2,2,0.9000,0.9999
S1-252362190,S2-558486346,US,S2,3,0.9000,0.9999
S1-252362190,S2-354678624,US,S2,4,0.6246,0.9981
S1-25238745,S3-374112932,India,S3,1,1.0000,0.9991
S1-25238745,S2-829523008,India,S2,2,1.0000,0.9982
S1-252469239,S3-169634766,US,S3,1,1.0000,1.0000
S1-252496984,S2-685494709,India,S2,1,1.0000,0.9999
S1-252496984,S2-621154852,India,S2,2,1.0000,0.9997
S1-252496984,S3-83705426,India,S3,3,0.9000,0.9995
S1-252496984,S3-464324874,India,S3,4,0.9000,0.9951
S1-252496984,S3-163816513,India,S3,6,0.6544,0.9944
S1-252569415,S3-683027933,India,S3,1,1.0000,1.0000
S1-252569415,S3-506294533,India,S3,2,1.0000,0.9977
S1-252569415,S2-723562892,India,S2,3,1.0000,0.9997
S1-252569415,S2-538821008,India,S2,4,1.0000,0.9999
S1-252569415,S2-122264639,India,S2,5,1.0000,0.9825
S1-252569415,S3-940841870,India,S3,6,0.8849,0.9993
S1-252569415,S2-717731020,India,S2,9,0.8048,0.9992
S1-252569415,S3-746617886,India,S3,16,0.7471,0.9995
S1-252587483,S3-166471374,US,S3,1,1.0000,1.0000
S1-252587483,S3-161447254,US,S3,2,1.0000,1.0000
S1-252587483,S3-622552067,US,S3,3,0.9000,0.9869
S1-252587483,S2-628582349,US,S2,4,0.9000,0.9999
S1-252587483,S2-560814033,US,S2,5,0.9000,0.9999
S1-252614834,S2-436563394,US,S2,1,0.9042,1.0000
S1-252614834,S3-720136037,US,S3,2,0.8778,0.9999
S1-252614834,S3-625522773,US,S3,3,0.6261,0.8976
S1-252931993,S3-961547848,India,S3,1,1.0000,0.9967
S1-252931993,S3-581567548,India,S3,2,0.7667,0.7351
S1-252931993,S2-857136626,India,S2,4,0.6589,0.9932
S1-252963700,S2-31094075,India,S2,1,1.0000,1.0000
S1-252963700,S3-838667260,India,S3,2,0.6914,0.9905
S1-253103289,S3-986464667,US,S3,9,0.6745,0.9989
S1-253104584,S3-572499948,US,S3,1,1.0000,1.0000
S1-253104584,S3-328177373,US,S3,2,0.8048,0.9990
S1-253104584,S3-150709194,US,S3,5,0.6238,0.9963
S1-253146033,S3-711808161,US,S3,1,1.0000,0.9999
S1-253146033,S3-110474285,US,S3,2,0.7721,0.9991
S1-253146033,S2-273042033,US,S2,5,0.6493,0.4998
S1-25316008,S3-681376655,India,S3,1,1.0000,1.0000
S1-25316008,S2-702513582,India,S2,2,1.0000,0.9998
S1-25316008,S2-349494433,India,S2,3,1.0000,1.0000
S1-25316008,S3-939776122,India,S3,4,0.7752,0.9975
S1-25316008,S2-780635759,India,S2,5,0.7238,0.9992
S1-25316008,S3-121444643,India,S3,6,0.6303,0.9652
S1-253183179,S3-286826228,US,S3,1,0.8667,0.9993
S1-253183179,S2-881790172,US,S2,2,0.8667,0.9996
S1-253183179,S2-371100729,US,S2,3,0.8667,0.9997
S1-253183179,S2-810019127,US,S2,4,0.7286,0.8609
S1-253194765,S2-689704074,US,S2,1,0.9000,0.9999
S1-253194765,S2-266175990,US,S2,2,0.9000,0.9999
S1-253194765,S3-293291063,US,S3,9,0.6527,0.9982
S1-253333405,S3-624758929,US,S3,1,0.8152,0.9998
S1-253333405,S2-413116753,US,S2,2,0.8111,0.9994
S1-25335778,S2-440370055,India,S2,1,1.0000,0.9987
S1-25335778,S3-314185128,India,S3,9,0.7787,0.9718
S1-253359776,S2-903701958,India,S2,1,1.0000,0.9999
S1-253359776,S2-570476201,India,S2,2,1.0000,0.9995
S1-253418972,S3-17094589,India,S3,1,1.0000,0.9997
S1-253418972,S2-94853152,India,S2,2,0.8111,0.9994
S1-253418972,S2-418163989,India,S2,3,0.7667,0.6240
S1-253418972,S3-704677120,India,S3,4,0.7000,0.9950
S1-253419589,S3-707673162,US,S3,1,1.0000,1.0000
S1-253419589,S3-110717779,US,S3,2,1.0000,0.9996
S1-253419589,S3-828280180,US,S3,3,0.8287,0.9991
S1-253419589,S2-277304330,US,S2,24,0.7667,0.6820
S1-253419589,S2-249970078,US,S2,25,0.7667,0.9982
S1-253419589,S3-726071288,US,S3,29,0.7481,0.9999
S1-253471329,S2-895878539,India,S2,1,1.0000,1.0000
S1-253471329,S3-8985077,India,S3,2,0.9000,0.9786
S1-253471329,S3-708846878,India,S3,3,0.9000,0.9626
S1-253631776,S3-164329108,US,S3,1,0.9067,0.9997
S1-253677342,S3-76473031,US,S3,1,1.0000,0.9995
S1-253677342,S3-40235991,US,S3,2,1.0000,0.9999
S1-253677342,S3-291996622,US,S3,3,1.0000,0.9998
S1-253677342,S3-557882990,US,S3,404,0.7410,0.9968
S1-253677342,S2-388961642,US,S2,412,0.6410,0.9820
S1-253715596,S2-804526399,US,S2,2,0.6619,0.9982
S1-253715596,S2-175922101,US,S2,3,0.6619,0.9976
S1-253715596,S3-183446732,US,S3,6,0.6275,0.9977
S1-253717280,S3-820461187,India,S3,1,1.0000,0.9994
S1-253717280,S2-235730106,India,S2,2,1.0000,0.9980
S1-253746768,S3-216775491,US,S3,1,1.0000,0.9999
S1-253746768,S2-664725419,US,S2,2,0.7340,0.9984
S1-253847862,S3-767921385,India,S3,1,1.0000,0.9999
S1-253847862,S2-124699746,India,S2,2,1.0000,0.9998
S1-253847862,S2-84235303,India,S2,57,0.7333,0.9995
S1-253853565,S3-114946551,US,S3,1,1.0000,1.0000
S1-253853565,S3-846611228,US,S3,2,0.8544,0.9997
S1-253853565,S3-731539688,US,S3,4,0.7544,0.9985
S1-253853565,S2-901641526,US,S2,5,0.6714,0.9978
S1-253901276,S2-583394581,US,S2,1,1.0000,0.9998
S1-253908155,S2-58980568,India,S2,1,1.0000,1.0000
S1-253908155,S2-314288564,India,S2,2,1.0000,0.9998
S1-253908155,S3-444519003,India,S3,3,0.8667,0.9826
S1-253958670,S3-200834637,US,S3,1,0.6723,0.9999
S1-253976369,S2-367349219,US,S2,1,0.9000,1.0000
S1-253976369,S3-98595690,US,S3,2,0.8211,0.9987
S1-253976750,S3-349949797,US,S3,1,1.0000,0.9998
S1-253976750,S3-345748357,US,S3,3,0.8407,0.9998
S1-253976750,S2-680236256,US,S2,365,0.7667,0.9862
S1-253981789,S3-760260503,India,S3,4,0.8083,0.9976
S1-254057586,S2-254726433,US,S2,1,1.0000,1.0000
S1-254057586,S2-250068422,US,S2,2,1.0000,0.9998
S1-254057586,S3-286305433,US,S3,15,0.7146,0.9927
S1-254214657,S3-925284690,India,S3,1,1.0000,1.0000
S1-254214657,S3-620457923,India,S3,2,1.0000,0.9997
S1-254228286,S2-723002942,India,S2,1,0.7667,0.6085
S1-254228286,S2-357083491,India,S2,2,0.7667,0.9963
S1-254228286,S2-305189778,India,S2,3,0.7667,0.6836
S1-254249917,S3-239749239,US,S3,1,1.0000,0.9999
S1-254249917,S3-229687314,US,S3,2,1.0000,0.9989
S1-254249917,S2-815004536,US,S2,3,0.8111,0.9997
S1-254249917,S3-497422636,US,S3,45,0.6778,0.9822
S1-254301961,S3-330008273,India,S3,7,0.7190,0.9974
S1-254301961,S3-290533487,India,S3,8,0.6333,0.9907
S1-254347003,S2-891158161,US,S2,1,1.0000,0.9998
S1-254347003,S2-653676468,US,S2,2,0.8376,0.9959
S1-254347003,S3-624545326,US,S3,3,0.8101,0.9999
S1-254347003,S2-874158021,US,S2,8,0.7667,0.9992
S1-254347003,S2-604614802,US,S2,10,0.7667,0.9987
S1-254375097,S3-778023654,US,S3,1,0.7667,0.9842
S1-2544408,S2-186528518,US,S2,1,1.0000,1.0000
S1-2544408,S3-741517209,US,S3,2,0.9198,0.9997
S1-254478126,S2-488135008,India,S2,1,0.8667,0.9858
S1-254478126,S2-173489044,India,S2,2,0.8667,0.9994
S1-254566350,S3-955508701,US,S3,1,1.0000,0.9996
S1-254566350,S2-555772238,US,S2,2,0.8519,0.9998
S1-254566350,S3-726010571,US,S3,3,0.7437,0.9972
S1-254566350,S3-490532437,US,S3,4,0.6667,0.9972
S1-254566350,S3-167306736,US,S3,5,0.6306,0.9968
S1-254613474,S3-978464137,US,S3,1,1.0000,1.0000
S1-254613474,S3-619012142,US,S3,2,1.0000,1.0000
S1-254613474,S2-365577640,US,S2,3,1.0000,1.0000
S1-254613474,S2-396660669,US,S2,5,0.6400,0.9965
S1-254683499,S3-580667282,India,S3,1,0.9333,0.9954
S1-254786918,S3-186490872,India,S3,51,0.6583,0.9987
S1-254823555,S3-811612189,India,S3,1,0.7667,0.4653
S1-254823555,S3-74649278,India,S3,2,0.7667,0.4653
S1-254823555,S2-264788009,India,S2,4,0.7667,0.6358
S1-25482959,S3-306866973,India,S3,1,0.7667,0.9982
S1-254846677,S3-570703312,US,S3,1,1.0000,0.9996
S1-254846677,S2-622202290,US,S2,2,1.0000,0.9991
S1-254846677,S2-142609887,US,S2,3,1.0000,0.9995
S1-254846677,S2-520414375,US,S2,4,0.9172,0.9998
S1-254846677,S2-8221858,US,S2,6,0.7527,0.9997
S1-254875365,S3-743639671,India,S3,1213,0.5045,0.9808
S1-254949568,S3-183942057,US,S3,1,1.0000,1.0000
S1-254949568,S2-962368182,US,S2,2,0.6684,0.9894
S1-254959907,S3-745727847,India,S3,1,0.8500,0.9984
S1-254959907,S3-596867334,India,S3,51,0.7395,0.9996
S1-254959907,S2-485674924,India,S2,89,0.5942,0.7982
S1-254991119,S3-13504007,US,S3,2,0.7417,0.9985
S1-254991119,S2-698536279,US,S2,3,0.7167,0.9985
S1-254992318,S2-620232605,US,S2,1,1.0000,0.9995
S1-254992318,S2-279633738,US,S2,2,1.0000,0.9989
S1-254992318,S3-705816454,US,S3,16,0.7667,0.9971
S1-254992318,S2-566238477,US,S2,63,0.7273,0.9985
S1-255007137,S3-816041446,India,S3,1,0.7667,0.5913
S1-255007137,S3-270557329,India,S3,3,0.7667,0.6517
S1-255007137,S2-39130493,India,S2,5,0.6863,0.9962
S1-2550831,S2-613940257,India,S2,1054,0.7092,0.9995
S1-255159212,S3-812908019,US,S3,1,0.8476,0.9997
S1-255288696,S3-326065477,India,S3,1,1.0000,0.9888
S1-255288696,S2-826004791,India,S2,2,1.0000,0.9998
S1-255288696,S3-927571102,India,S3,3,0.9000,0.9964
S1-255288696,S3-794484436,India,S3,7,0.7190,0.9994
S1-255288696,S2-78160613,India,S2,8,0.6556,0.9965
S1-255288696,S2-399538094,India,S2,9,0.5697,0.9995
S1-255324793,S3-94741549,US,S3,1,1.0000,1.0000
S1-255324793,S3-57309038,US,S3,2,1.0000,0.9996
S1-255324793,S3-53967895,US,S3,3,1.0000,1.0000
S1-255324793,S3-165872094,US,S3,7,0.5556,0.9871
S1-255428211,S2-822146714,India,S2,1,1.0000,0.9996
S1-255428211,S2-172768449,India,S2,2,1.0000,0.9996
S1-255428211,S2-128189922,India,S2,3,1.0000,0.9996
S1-255428211,S3-823292487,India,S3,4,0.8778,0.9993
S1-255428211,S3-990634217,India,S3,5,0.8619,0.9997
S1-255428211,S2-913139435,India,S2,6,0.8619,0.9991
S1-255610971,S3-327076083,US,S3,1,0.6714,0.8221
S1-255616387,S2-46991392,India,S2,1,1.0000,0.9995
S1-255616387,S3-359545404,India,S3,2,0.9000,0.9999
S1-255616387,S3-308892430,India,S3,3,0.7667,0.5507
S1-255616387,S3-655112765,India,S3,10,0.7500,0.9553
S1-255616387,S3-322629333,India,S3,11,0.7458,0.9999
S1-255782211,S3-671887379,US,S3,1,1.0000,0.9997
S1-255782211,S3-712523293,US,S3,2,0.8381,0.9988
S1-255782211,S3-707470624,US,S3,3,0.6621,0.9942
S1-25580553,S3-714485212,US,S3,1,1.0000,0.9999
S1-25580553,S2-905185676,US,S2,2,0.9000,0.9984
S1-25580553,S2-801420664,US,S2,3,0.9000,0.9982
S1-25580553,S2-299096382,US,S2,4,0.9000,1.0000
S1-25580553,S2-155476614,US,S2,5,0.9000,0.9999
S1-255854168,S2-442462578,US,S2,1,0.8985,0.9998
S1-255854168,S3-973490990,US,S3,2,0.7944,0.9982
S1-255854168,S3-50554166,US,S3,4,0.7238,0.9983
S1-25589051,S3-923310983,US,S3,1,1.0000,0.9999
S1-25589051,S3-472988151,US,S3,2,1.0000,1.0000
S1-25589051,S3-946036686,US,S3,3,0.8991,0.9992
S1-255902423,S3-677464592,India,S3,1,1.0000,0.9929
S1-255902423,S3-544620068,India,S3,2,1.0000,0.9999
S1-255937435,S2-767261637,US,S2,1,1.0000,0.9995
S1-255937435,S2-290364805,US,S2,2,1.0000,0.9997
S1-255937435,S2-136240289,US,S2,3,1.0000,0.9996
S1-255937435,S3-866041314,US,S3,4,0.7847,0.9961
S1-255937435,S3-592048996,US,S3,208,0.7222,1.0000
S1-255975796,S3-785907715,India,S3,1,1.0000,0.9995
S1-255975796,S3-200197030,India,S3,2,1.0000,1.0000
S1-255975796,S3-871635898,India,S3,8,0.7238,0.9990
S1-255980575,S2-106774436,India,S2,71,0.6410,0.9967
S1-256019329,S3-750108494,India,S3,1,1.0000,1.0000
S1-256019329,S3-259849601,India,S3,2,1.0000,0.9991
S1-256019329,S2-241478009,India,S2,3,1.0000,0.9998
S1-256049154,S2-292503596,India,S2,1,1.0000,0.9995
S1-256049154,S3-418091077,India,S3,117,0.7133,0.9938
S1-256080101,S3-84054985,US,S3,1,1.0000,1.0000
S1-256080101,S3-264575344,US,S3,2,1.0000,1.0000
S1-256080101,S2-58338408,US,S2,3,0.6444,0.9983
S1-256128051,S2-827311172,India,S2,1,1.0000,0.9980
S1-256128051,S2-406139,India,S2,3,1.0000,0.9902
S1-256128051,S3-931219163,India,S3,391,0.6747,1.0000
S1-256148495,S2-92520685,US,S2,1,1.0000,0.9999
S1-256148495,S3-33555309,US,S3,21,0.3944,0.2372
S1-256218506,S2-691097806,US,S2,2,1.0000,1.0000
S1-256218506,S2-457220096,US,S2,5,1.0000,1.0000
S1-256218506,S3-141709444,US,S3,106,0.7667,0.5507
S1-256218506,S3-70247793,US,S3,226,0.7389,0.9999
S1-256218506,S2-86895097,US,S2,228,0.6667,0.9977
S1-256218506,S3-321181897,US,S3,229,0.6246,0.9925
S1-25622457,S2-579130730,US,S2,1,1.0000,0.9998
S1-25622457,S3-243991030,US,S3,2,0.7667,0.9944
S1-25622457,S3-173375359,US,S3,3,0.7667,0.2929
S1-25622457,S2-124656961,US,S2,4,0.7667,0.7760
S1-256284884,S3-442632862,US,S3,1,1.0000,0.9997
S1-256284884,S2-972097993,US,S2,2,0.9000,0.9965
S1-256284884,S2-247879086,US,S2,3,0.9000,1.0000
S1-256284884,S2-525435008,US,S2,4,0.8282,0.9994
S1-256302805,S3-97078402,US,S3,1,0.8667,0.9996
S1-256344052,S3-604430324,US,S3,1,0.9014,0.9994
S1-256364406,S2-963855131,US,S2,1,0.7667,0.3542
S1-256406533,S2-785689956,India,S2,1,0.8667,0.3048
S1-256406533,S3-835142325,India,S3,2,0.7667,0.8089
S1-256406533,S3-19202881,India,S3,5,0.7667,0.9992
S1-256412773,S3-786482291,US,S3,1,0.9000,0.9962
S1-256412773,S3-461973963,US,S3,2,0.8667,0.9994
S1-256610064,S2-873195382,US,S2,1,0.8795,0.9995
S1-256618800,S3-645603791,US,S3,1,1.0000,0.9997
S1-256618800,S3-223581701,US,S3,2,1.0000,0.9997
S1-256618800,S2-495674444,US,S2,3,1.0000,0.9998
S1-256633712,S3-724307937,India,S3,1,1.0000,1.0000
S1-256633712,S3-304603809,India,S3,2,1.0000,0.9978
S1-256633712,S2-795165137,India,S2,7,0.5980,0.9902
S1-256654327,S2-59103465,US,S2,6,0.7667,0.9997
S1-256675240,S3-848592430,US,S3,1,1.0000,1.0000
S1-256675240,S2-241639345,US,S2,2,1.0000,1.0000
S1-256682976,S3-586489083,US,S3,1,1.0000,1.0000
S1-256682976,S2-672003087,US,S2,2,1.0000,1.0000
S1-256682976,S3-315447927,US,S3,3,0.9131,0.9997
S1-256682976,S2-558632051,US,S2,4,0.8533,0.9976
S1-256682976,S3-909669627,US,S3,5,0.7109,0.9952
S1-256803051,S3-544920302,US,S3,1,1.0000,1.0000
S1-256803051,S2-506670539,US,S2,3,0.6837,0.9978
S1-256979740,S3-982508281,India,S3,1,0.9000,0.9982
S1-256979740,S2-352345611,India,S2,2,0.7083,0.9935
S1-256984178,S3-842145770,US,S3,80,0.7667,0.9990
S1-256984178,S3-386256998,US,S3,272,0.7667,0.9987
S1-256984178,S2-758426146,US,S2,532,0.7667,0.6931
S1-256984178,S2-583561051,US,S2,618,0.7667,0.9591
S1-256992294,S2-772118242,India,S2,1,0.9246,0.9999
S1-256992294,S3-780540861,India,S3,2,0.8760,0.9995
S1-256992294,S3-413617193,India,S3,3,0.7848,0.9996
S1-256995574,S2-511393082,US,S2,1,1.0000,0.9999
S1-256995574,S3-51797010,US,S3,2,0.8083,0.9983
S1-257009704,S2-496825504,US,S2,1,0.8222,0.9988
S1-257009704,S3-724541186,US,S3,3,0.7569,0.9989
S1-257199665,S3-73568564,US,S3,1,0.8436,0.9990
S1-257199665,S3-123216180,US,S3,23,0.7451,0.9334
S1-257242673,S3-719551969,India,S3,1,0.9000,0.9991
S1-257242673,S2-977379774,India,S2,2,0.8544,0.9985
S1-257242673,S2-764541915,India,S2,3,0.8054,0.9998
S1-257242673,S2-780530171,India,S2,61,0.6863,0.9979
S1-257259516,S3-475217694,US,S3,1,1.0000,0.9997
S1-257259516,S2-602446632,US,S2,2,1.0000,1.0000
S1-257259516,S2-126257653,US,S2,3,1.0000,0.9981
S1-257259516,S2-272663327,US,S2,4,0.7667,0.7714
S1-257259516,S3-655566033,US,S3,5,0.7577,0.9999
S1-257264687,S3-265970631,US,S3,2,0.7407,0.9998
S1-257264687,S3-222020807,US,S3,3,0.7333,0.9990
S1-257264687,S3-495742457,US,S3,4,0.7190,0.9996
S1-257264687,S2-33026841,US,S2,5,0.6812,0.9934
S1-257292484,S3-429189484,US,S3,1,0.8273,0.9976
S1-257292484,S3-969526555,US,S3,2,0.7471,0.9975
S1-257292484,S3-211454028,US,S3,3,0.6026,0.9911
S1-257405759,S3-70011089,India,S3,1,1.0000,0.9998
S1-257405759,S2-922701803,India,S2,2,1.0000,0.9987
S1-257444943,S2-542029971,India,S2,2,0.8333,0.9791
S1-257444943,S3-939199825,India,S3,3,0.6185,0.9975
S1-257533410,S3-889804664,US,S3,1,0.9267,0.9991
S1-257533410,S2-757980734,US,S2,8,0.7667,0.9998
S1-257541711,S2-406014728,US,S2,1,0.8484,0.9958
S1-257541711,S3-993108858,US,S3,2,0.8423,0.9997
S1-257562147,S3-5803548,India,S3,1,0.7333,0.9961
S1-257569751,S3-830620622,India,S3,1,0.8407,0.9902
S1-257569751,S3-679437460,India,S3,17,0.7083,0.9578
S1-257569751,S2-504873993,India,S2,18,0.7083,0.9972
S1-257585389,S2-953903443,India,S2,1,1.0000,0.9994
S1-257585389,S3-501306539,India,S3,2,0.9131,0.9999
S1-257585389,S3-928326047,India,S3,3,0.8131,0.9999
S1-257585389,S2-458645795,India,S2,4,0.8131,0.9998
S1-257608036,S3-99537835,US,S3,1,1.0000,1.0000
S1-257608036,S3-527675200,US,S3,2,0.8195,0.9992
S1-257608036,S2-479869848,US,S2,4,0.7667,0.9971
S1-257756699,S2-856409544,US,S2,1,1.0000,1.0000
S1-257756699,S3-128071248,US,S3,2,0.9000,0.9932
S1-257756699,S2-299527817,US,S2,155,0.7667,0.9988
S1-257756699,S2-57389339,US,S2,169,0.6667,0.9986
S1-257825943,S3-494890132,US,S3,1,1.0000,1.0000
S1-257825943,S3-796029439,US,S3,87,0.7515,0.9995
S1-257825943,S2-781347997,US,S2,91,0.6548,0.9981
S1-257828222,S3-16407346,US,S3,1,1.0000,1.0000
S1-257828222,S2-734305793,US,S2,2,1.0000,0.9999
S1-257828222,S3-820549610,US,S3,233,0.7333,0.9978
S1-257828222,S2-538778842,US,S2,234,0.6970,0.9973
S1-258027774,S2-647628279,US,S2,1,1.0000,0.9999
S1-258027774,S3-116134727,US,S3,2,0.8583,0.9996
S1-258027774,S3-574824698,US,S3,3,0.8111,0.9987
S1-258027774,S3-427434010,US,S3,4,0.6652,0.9968
S1-258089672,S2-605780084,India,S2,1,0.7667,0.9912
S1-258089672,S2-325766854,India,S2,2,0.7667,0.9996
S1-258089672,S3-587160089,India,S3,7,0.5667,0.7776
S1-258132485,S3-389641363,India,S3,1,1.0000,1.0000
S1-258132485,S2-693740041,India,S2,2,1.0000,0.9999
S1-258132485,S2-670568297,India,S2,3,0.7847,0.9999
S1-25813761,S3-356395925,US,S3,1,1.0000,1.0000
S1-25813761,S2-535529369,US,S2,2,1.0000,0.9999
S1-25813761,S3-172733333,US,S3,3,0.7667,0.9992
S1-258178397,S3-148156632,India,S3,1,1.0000,0.9959
S1-258178397,S2-136553142,India,S2,2,1.0000,0.9994
S1-258178397,S2-792492985,India,S2,4,0.8333,0.9999
S1-258204006,S3-175060293,US,S3,1,1.0000,0.9999
S1-258204006,S3-771870643,US,S3,2,0.8778,0.9769
S1-258204006,S2-767806779,US,S2,3,0.8778,0.9976
S1-258204006,S2-167248758,US,S2,4,0.8778,0.9997
S1-258280006,S3-99260380,India,S3,1,0.8667,0.3161
S1-258280006,S3-363358590,India,S3,2,0.8667,0.6116
S1-258296887,S2-308985092,India,S2,65,0.7000,0.9999
S1-258340881,S3-617379362,US,S3,1,0.8667,0.9984
S1-258340881,S2-46884200,US,S2,3,0.7667,0.9993
S1-258353849,S3-754328836,US,S3,1,0.9078,0.9994
S1-258353849,S2-81021225,US,S2,2,0.8054,0.9979
S1-258555617,S2-945401461,India,S2,2,0.8583,0.9993
S1-258555617,S3-117335373,India,S3,3,0.7500,0.9636
S1-258738264,S3-153483279,US,S3,1,1.0000,1.0000
S1-258738264,S3-10569794,US,S3,2,1.0000,0.9998
S1-258738264,S2-29658636,US,S2,3,1.0000,1.0000
S1-258738264,S3-57834958,US,S3,5,0.7303,0.9984
S1-258771810,S2-527725044,US,S2,1,1.0000,1.0000
S1-258771810,S3-532566354,US,S3,2,0.7667,0.9953
S1-258785766,S3-792521937,US,S3,1,0.7667,0.9922
S1-258785766,S3-601722346,US,S3,2,0.7667,0.3717
S1-258785766,S3-591215957,US,S3,3,0.7667,0.9948
S1-25889688,S2-864388646,US,S2,1,1.0000,0.9997
S1-25889688,S2-501074198,US,S2,2,1.0000,1.0000
S1-25889688,S2-507551603,US,S2,3,0.8424,0.9968
S1-258931030,S2-500257026,US,S2,1,0.8037,0.9973
S1-258992942,S2-463789004,US,S2,1,1.0000,1.0000
S1-258992942,S3-896391064,US,S3,2,0.8583,0.9991
S1-259022341,S3-308340422,India,S3,1,1.0000,0.9981
S1-259207176,S3-952075467,India,S3,1,1.0000,0.9985
S1-259207176,S2-536805318,India,S2,2,1.0000,0.9993
S1-25926802,S2-597610202,US,S2,1,1.0000,1.0000
S1-25926802,S2-403592124,US,S2,2,1.0000,1.0000
S1-25926802,S2-706366117,US,S2,3,0.9333,0.9999
S1-25926802,S3-52769815,US,S3,4,0.8823,0.9998
S1-25926802,S3-982841478,US,S3,5,0.8733,0.9998
S1-25926802,S3-297485760,US,S3,6,0.7905,0.9992
S1-259300326,S3-432383035,India,S3,1,1.0000,0.9918
S1-259300326,S2-286923041,India,S2,2,1.0000,0.9943
S1-259325367,S2-382727279,US,S2,906,0.7559,0.9996
S1-259336887,S2-254479558,US,S2,1,0.9000,0.9936
S1-259336887,S3-420560498,US,S3,2,0.8667,0.7273
S1-259336887,S2-830654311,US,S2,3,0.7667,0.9907
S1-259354485,S3-872888765,India,S3,1,1.0000,0.9996
S1-259354485,S3-838906610,India,S3,2,1.0000,1.0000
S1-259354485,S2-901505785,India,S2,3,1.0000,0.9986
S1-259354485,S2-245169218,India,S2,4,1.0000,0.9999
S1-259354485,S3-656455714,India,S3,5,0.8043,1.0000
S1-259466477,S2-4697390,US,S2,1,0.9000,0.9982
S1-259466477,S3-917540441,US,S3,2,0.8667,0.9994
S1-259466477,S3-368858558,US,S3,27,0.4273,0.1527
S1-259540702,S2-683791951,US,S2,1,1.0000,1.0000
S1-259540702,S2-338956788,US,S2,2,0.7709,0.9990
S1-259540702,S3-893574973,US,S3,3,0.7667,0.9951
S1-259540702,S3-27326911,US,S3,5,0.7667,0.9941
S1-259557951,S2-946151132,India,S2,1,1.0000,1.0000
S1-259557951,S2-894566796,India,S2,2,1.0000,0.9992
S1-259557951,S2-780015404,India,S2,3,1.0000,0.9993
S1-259662996,S2-74400667,US,S2,1,0.7692,0.9991
S1-259810815,S2-971194536,US,S2,1,1.0000,0.9997
S1-259810815,S2-282619323,US,S2,2,1.0000,1.0000
S1-259810815,S3-36873007,US,S3,3,0.8667,0.9985
S1-259853251,S2-436538614,US,S2,3,0.7667,0.9996
S1-259976635,S2-185369361,India,S2,1,1.0000,0.9983
S1-259976635,S3-858557618,India,S3,2,0.7667,0.7300
S1-260027214,S3-904279620,US,S3,1,1.0000,0.9995
S1-260027214,S2-564577234,US,S2,5,0.7667,0.3581
S1-260047440,S3-396036726,US,S3,1,1.0000,0.9999
S1-260047440,S2-726854566,US,S2,2,1.0000,0.9999
S1-260047440,S2-605073996,US,S2,3,0.7714,0.9989
S1-260153055,S3-376290798,India,S3,1,1.0000,1.0000
S1-260153055,S2-316886471,India,S2,13,0.5152,0.6889
S1-260171668,S3-461223052,US,S3,1,0.8381,0.9968
S1-260171668,S3-422947557,US,S3,4,0.7667,0.9996
S1-260171668,S2-846671069,US,S2,6,0.7667,0.7185
S1-260202568,S2-285059969,US,S2,2,0.7186,0.9982
S1-260202568,S2-26622075,US,S2,3,0.7138,0.9977
S1-260202568,S3-191441665,US,S3,8,0.6511,0.9846
S1-260307352,S3-881765938,US,S3,1,1.0000,1.0000
S1-260307352,S2-988661138,US,S2,2,1.0000,0.9998
S1-260307352,S2-746826026,US,S2,3,1.0000,0.9997
S1-260363179,S2-775602433,US,S2,1,1.0000,1.0000
S1-260363179,S2-61572142,US,S2,2,1.0000,1.0000
S1-260363179,S2-290432894,US,S2,3,0.7526,0.9982
S1-260363265,S3-714775431,US,S3,1,0.9000,0.9993
S1-260363265,S3-456015140,US,S3,2,0.9000,0.9979
S1-260363265,S2-146226146,US,S2,3,0.9000,0.9992
S1-260363265,S3-433277578,US,S3,4,0.7667,0.9959
S1-260363265,S2-471587881,US,S2,5,0.7287,0.9982
S1-260363265,S3-558944112,US,S3,6,0.5718,0.9951
S1-260366386,S2-93861480,US,S2,1,1.0000,1.0000
S1-260410676,S2-972907867,India,S2,1,1.0000,1.0000
S1-260425685,S2-543345442,US,S2,1,1.0000,0.9997
S1-260425685,S2-948922829,US,S2,2,0.8862,0.9990
S1-260425685,S3-543919668,US,S3,3,0.8195,0.9986
S1-260425685,S3-663808562,US,S3,4,0.7491,0.9993
S1-260425685,S2-990976372,US,S2,9,0.4582,0.7565
S1-260487332,S3-567459399,US,S3,4,0.7954,0.9999
S1-260487332,S3-193047632,US,S3,16,0.7667,0.7857
S1-260505641,S3-846559236,US,S3,1,1.0000,0.9997
S1-260505641,S2-819479903,US,S2,2,1.0000,1.0000
S1-260509851,S3-265591937,US,S3,1,1.0000,0.9987
S1-260509851,S2-898206385,US,S2,2,1.0000,0.9997
S1-260509851,S3-90747424,US,S3,3,0.7667,0.9965
S1-260509851,S3-715979835,US,S3,4,0.7525,0.9999
S1-260509851,S3-577125029,US,S3,5,0.6458,0.9981
S1-260518241,S2-756843239,India,S2,1,1.0000,0.9986
S1-260518241,S2-633671377,India,S2,2,1.0000,0.9991
S1-260518241,S3-74962636,India,S3,12,0.6158,0.8368
S1-260568123,S2-366247497,US,S2,1,1.0000,1.0000
S1-260568123,S3-463715510,US,S3,2,0.7515,0.9985
S1-260568123,S3-680590442,US,S3,3,0.7262,0.9985
S1-260568123,S2-282498687,US,S2,4,0.7262,0.9699
S1-260568123,S3-405424937,US,S3,5,0.5667,0.9767
S1-260616178,S2-870098698,India,S2,1,0.8667,0.9930
S1-260616178,S2-32348473,India,S2,2,0.8667,0.9930
S1-260749772,S3-613719091,US,S3,1,1.0000,0.9998
S1-260749772,S3-410535928,US,S3,2,1.0000,0.9998
S1-260749772,S2-330817058,US,S2,3,1.0000,0.9997
S1-260749772,S3-58980556,US,S3,4,0.8877,0.9996
S1-260749772,S2-400720495,US,S2,5,0.7667,0.9997
S1-260760382,S2-948731255,India,S2,1,1.0000,0.9966
S1-260760382,S2-329497277,India,S2,2,1.0000,0.9963
S1-260760382,S3-910761159,India,S3,3,0.9500,1.0000
S1-260992031,S2-378659734,US,S2,4,0.9000,0.9942
S1-261010343,S2-453957056,US,S2,1,1.0000,1.0000
S1-261010343,S2-871221458,US,S2,2,0.8652,0.9996
S1-261010343,S3-619498034,US,S3,3,0.7823,0.9997
S1-261034891,S3-43191332,India,S3,1,0.8667,0.9990
S1-261034891,S2-117362594,India,S2,2,0.8667,0.9991
S1-261034891,S3-198368903,India,S3,3,0.7667,0.4149
S1-261034891,S3-197764227,India,S3,4,0.7667,0.5926
S1-261056326,S2-723921067,US,S2,13,0.7667,0.9979
S1-261056326,S2-138316645,US,S2,18,0.7667,0.9979
S1-261108773,S2-204124907,India,S2,2,0.8800,0.9906
S1-261108773,S3-535561026,India,S3,3,0.8362,0.9993
S1-261145264,S2-897870851,US,S2,1,1.0000,1.0000
S1-261145264,S3-517422448,US,S3,2,0.9333,0.9999
S1-261145264,S2-987296270,US,S2,3,0.8619,0.9992
S1-261145264,S3-34101000,US,S3,9,0.5556,0.9389
S1-261161458,S2-795838745,US,S2,1,0.8778,0.9997
S1-261161458,S2-602971556,US,S2,2,0.7896,0.9989
S1-261161458,S2-824014779,US,S2,3,0.7863,0.9992
S1-261161458,S3-590038045,US,S3,12,0.7407,0.8582
S1-261222293,S2-784019371,US,S2,1,0.9000,0.9976
S1-261222293,S2-479449377,US,S2,5,0.7667,0.9996
S1-261222293,S3-554199391,US,S3,8,0.6061,0.9963
S1-261226069,S3-776444138,India,S3,69,0.6942,0.9965
S1-261226069,S3-153980565,India,S3,154,0.5269,0.9762
S1-261232710,S3-299180440,US,S3,1,1.0000,0.9998
S1-261232710,S3-512379278,US,S3,2,0.9000,1.0000
S1-261232710,S3-983436087,US,S3,3,0.8376,0.9973
S1-261232710,S2-663146010,US,S2,19,0.7667,0.9978
S1-261283266,S3-871753506,India,S3,1,1.0000,0.9999
S1-261283266,S3-631498216,India,S3,2,1.0000,0.9967
S1-261283266,S2-854287991,India,S2,3,1.0000,0.9997
S1-26131933,S3-778104073,India,S3,1,1.0000,1.0000
S1-26131933,S3-64037010,India,S3,3,0.7918,0.9991
S1-26131933,S2-888641998,India,S2,4,0.7052,0.9919
S1-261436898,S3-471932854,India,S3,1,1.0000,0.9983
S1-261436898,S3-572483507,India,S3,2,0.9333,0.9988
S1-261440229,S3-518170369,India,S3,1,1.0000,0.9997
S1-261440229,S2-774028085,India,S2,2,1.0000,1.0000
S1-261440229,S2-330003901,India,S2,3,1.0000,0.9999
S1-261499702,S3-48730048,India,S3,1,1.0000,0.9884
S1-261499702,S2-73152585,India,S2,2,1.0000,0.9997
S1-261499702,S3-762643696,India,S3,3,0.8179,0.9942
S1-261499702,S3-51799313,India,S3,4,0.6863,0.9930
S1-261501465,S3-902617305,US,S3,1,1.0000,1.0000
S1-261501465,S2-620799356,US,S2,2,0.8667,0.9590
S1-261501465,S2-202619466,US,S2,3,0.8667,0.9977
S1-261501465,S3-997996393,US,S3,78,0.7190,0.9976
S1-261501465,S3-459448792,US,S3,79,0.7190,0.9975
S1-261552961,S2-127390937,India,S2,1,1.0000,1.0000
S1-261552961,S3-999684796,India,S3,3,0.8667,0.9857
S1-261561675,S3-906676827,US,S3,1,1.0000,1.0000
S1-261561675,S3-438164221,US,S3,2,1.0000,1.0000
S1-261561675,S3-773602014,US,S3,4,0.7580,0.9899
S1-261653049,S2-318375102,India,S2,1,1.0000,0.9998
S1-261666380,S3-682807517,US,S3,1,0.9000,0.9976
S1-261666380,S2-609616633,US,S2,2,0.9000,1.0000
S1-261666380,S2-489648326,US,S2,4,0.7349,0.9989
S1-261666380,S2-140065739,US,S2,5,0.7349,0.9990
S1-261707698,S2-488199402,India,S2,1,1.0000,0.9998
S1-261707698,S2-436514966,India,S2,8,0.8204,0.9821
S1-261707698,S2-593955049,India,S2,156,0.5402,0.9951
S1-261798566,S3-381976734,US,S3,1,1.0000,0.9998
S1-261798566,S3-106831132,US,S3,2,0.8544,0.9995
S1-261798566,S3-718728345,US,S3,4,0.7667,0.8361
S1-261851261,S3-985616092,India,S3,1,0.5667,0.9603
S1-261851261,S3-201959357,India,S3,18,0.5667,0.5435
S1-261902709,S2-808032003,US,S2,1,0.9000,0.9999
S1-261902709,S2-429948480,US,S2,2,0.9000,0.9938
S1-261902709,S3-892683683,US,S3,3,0.8667,0.9990
S1-261902709,S2-774379193,US,S2,5,0.7667,0.6445
S1-261902709,S2-269788525,US,S2,8,0.5667,0.9963
S1-261902709,S3-563386221,US,S3,28,0.4258,0.6065
S1-262114633,S3-431826943,India,S3,1,1.0000,1.0000
S1-262114633,S3-333019004,India,S3,2,1.0000,0.9993
S1-262114633,S3-548220057,India,S3,4,0.8273,0.9997
S1-262114633,S2-569767821,India,S2,5,0.8048,0.9991
S1-26213056,S3-354097996,US,S3,1,1.0000,1.0000
S1-26213056,S2-789679882,US,S2,4,0.9000,1.0000
S1-26213056,S3-546867209,US,S3,7,0.8451,0.9993
S1-26213056,S2-729554029,US,S2,1658,0.7667,0.9989
S1-262223171,S2-252125871,India,S2,1,0.9198,0.9998
S1-262223171,S3-869237321,India,S3,2,0.7667,0.8736
S1-262227105,S2-270210410,India,S2,1,1.0000,0.9996
S1-262227105,S3-863583863,India,S3,7,0.7333,0.9999
S1-262227105,S3-248065484,India,S3,9,0.6771,0.9982
S1-262227105,S3-415484662,India,S3,48,0.5667,0.9802
S1-262339161,S2-561721560,US,S2,1,1.0000,1.0000
S1-262339161,S3-999597684,US,S3,2,0.7667,0.3546
S1-262389097,S2-798185546,US,S2,1,0.9149,0.9999
S1-262389097,S3-737184582,US,S3,2,0.9000,0.9959
S1-262389097,S2-820508465,US,S2,3,0.7667,0.9984
S1-262509018,S2-519573945,US,S2,1,0.7882,0.9979
S1-262509018,S3-206767251,US,S3,2,0.7667,0.5275
S1-262509018,S2-461918713,US,S2,3,0.7667,0.7910
S1-262556422,S3-460339727,India,S3,570,0.4925,0.9970
S1-262838286,S2-778867540,US,S2,1,1.0000,0.9998
S1-262838286,S3-467654464,US,S3,2,0.7667,0.9993
S1-262898142,S2-776205246,US,S2,1,0.9000,1.0000
S1-262898142,S2-198709789,US,S2,2,0.9000,0.9963
S1-262898142,S2-10634845,US,S2,105,0.6396,0.9958
S1-263032622,S2-147132446,US,S2,1,0.9000,0.9999
S1-263032622,S3-671783623,US,S3,3,0.8179,0.9989
S1-263032622,S2-413835761,US,S2,8,0.7281,0.9932
S1-263032622,S2-205585319,US,S2,9,0.7111,0.9898
S1-263032622,S2-714203937,US,S2,11,0.6667,0.9923
S1-263049652,S3-143632216,US,S3,1,1.0000,0.9955
S1-263049652,S2-17520997,US,S2,2,0.9000,0.9999
S1-263083848,S3-218193760,US,S3,1,1.0000,0.9998
S1-263083848,S2-491327568,US,S2,2,1.0000,0.9998
S1-263083848,S2-674085236,US,S2,3,0.8111,0.9995
S1-263116214,S3-702768966,US,S3,1,1.0000,0.9999
S1-263116214,S3-177292725,US,S3,2,1.0000,1.0000
S1-263116214,S2-925332695,US,S2,3,1.0000,0.9999
S1-263116214,S2-58018959,US,S2,4,1.0000,1.0000
S1-263116214,S2-877784196,US,S2,5,0.7784,0.9985
S1-263122067,S3-10386131,US,S3,1,0.9333,1.0000
S1-263122067,S3-900649210,US,S3,2,0.8667,0.9983
S1-263122067,S3-70422131,US,S3,3,0.8667,0.8033
S1-263122067,S3-554874727,US,S3,4,0.8667,0.9950
S1-263122067,S2-211827432,US,S2,6,0.7449,0.9994
S1-263219778,S3-586777882,US,S3,1,1.0000,0.9997
S1-263219778,S3-216223789,US,S3,10,0.7667,0.5275
S1-263219778,S2-776321518,US,S2,11,0.7667,0.9434
S1-263219778,S3-516856845,US,S3,16,0.6533,0.9926
S1-263224853,S2-823796905,US,S2,1,0.8667,0.9998
S1-263224853,S3-239950531,US,S3,2,0.6923,0.9880
S1-263224853,S3-108161882,US,S3,3,0.6923,0.9985
S1-263224853,S2-26117575,US,S2,4,0.5759,0.9691
S1-263283595,S3-688701302,US,S3,1,0.9000,0.9949
S1-263283595,S3-58387198,US,S3,2,0.8101,0.9999
S1-263283595,S2-522608218,US,S2,79,0.6778,0.9986
S1-263285724,S2-369235368,US,S2,1,1.0000,0.9991
S1-263285724,S2-403011542,US,S2,464,0.7667,0.5235
S1-263298315,S2-138924488,US,S2,1,1.0000,0.9997
S1-263298315,S2-705501960,US,S2,2,0.8752,0.9998
S1-263298315,S2-659320853,US,S2,3,0.7392,0.9998
S1-263312095,S3-332402700,India,S3,32,0.7667,0.9298
S1-263365740,S3-571023071,India,S3,1,0.9500,0.9078
S1-263365740,S3-232293226,India,S3,2,0.9500,0.9764
S1-263365740,S2-249924101,India,S2,3,0.9200,0.9653
S1-263394638,S2-191533729,US,S2,1,1.0000,0.9996
S1-263394638,S3-943414346,US,S3,3,0.6933,0.9977
S1-263470546,S3-616175845,India,S3,1,0.8667,0.8459
S1-263516980,S3-578474607,US,S3,1,1.0000,0.9998
S1-263516980,S3-684375491,US,S3,2,0.9000,1.0000
S1-263516980,S2-190256426,US,S2,3,0.7709,0.9989
S1-263536724,S3-685642887,India,S3,1,0.8667,0.8291
S1-263536724,S3-451649824,India,S3,2,0.8667,0.7641
S1-263536724,S2-562531057,India,S2,3,0.8667,0.9999
S1-263536724,S2-146453312,India,S2,4,0.8667,0.9967
S1-263582329,S2-287761876,US,S2,1,1.0000,1.0000
S1-263582329,S3-48022126,US,S3,2,0.8984,0.9986
S1-263582329,S3-244740250,US,S3,3,0.8533,0.9983
S1-263599873,S2-375071404,US,S2,1,0.9000,0.9973
S1-263599873,S2-255418156,US,S2,2,0.9000,0.9999
S1-263599873,S3-744417079,US,S3,3,0.8451,0.9939
S1-263599873,S3-700128328,US,S3,5,0.7812,0.9988
S1-263599873,S2-191116355,US,S2,6,0.7131,0.9943
S1-263608087,S2-374438100,US,S2,1,0.8437,0.9992
S1-263650313,S3-380374637,US,S3,1,1.0000,1.0000
S1-263650313,S2-375570958,US,S2,2,0.8724,0.9991
S1-263650313,S3-250132870,US,S3,3,0.8692,0.9989
S1-263660701,S3-266877138,India,S3,20,0.7667,0.3057
S1-263660701,S2-159226384,India,S2,641,0.5364,0.9572
S1-263711700,S2-384368504,US,S2,167,0.7282,0.9983
S1-26371834,S3-163928089,US,S3,1,1.0000,0.9998
S1-26371834,S2-33318608,US,S2,2,0.8333,0.9998
S1-263722285,S3-911741108,India,S3,1,1.0000,0.9863
S1-263722285,S3-311775620,India,S3,2,1.0000,0.9998
S1-263722285,S2-205401250,India,S2,3,1.0000,1.0000
S1-263722285,S3-971104108,India,S3,27,0.7036,1.0000
S1-263744089,S2-850719879,India,S2,1,1.0000,0.9999
S1-263744089,S2-759039862,India,S2,2,1.0000,1.0000
S1-263744089,S2-632651744,India,S2,3,1.0000,1.0000
S1-263748319,S2-904307898,US,S2,1,1.0000,1.0000
S1-263748319,S3-324511962,US,S3,2,0.7848,0.9994
S1-263748319,S3-49947426,US,S3,3,0.7667,0.2997
S1-263748319,S2-354153967,US,S2,4,0.7667,0.9981
S1-263748319,S3-648597573,US,S3,5,0.7565,0.9913
S1-263851789,S3-403295923,India,S3,2,0.8667,0.8755
S1-263851789,S2-181505669,India,S2,6,0.8667,0.9994
S1-263884727,S3-683615494,India,S3,1,0.8667,0.9983
S1-263884727,S3-241049681,India,S3,26,0.7667,0.2676
S1-264012179,S3-522576448,India,S3,40,0.7583,0.9998
S1-264012179,S3-117672445,India,S3,47,0.5402,0.9864
S1-264069621,S3-962728775,US,S3,1,0.7667,0.9984
S1-264069621,S3-670113205,US,S3,2,0.7667,0.3451
S1-264069621,S2-647638823,US,S2,3,0.7035,0.9529
S1-264075981,S3-737904449,US,S3,1,1.0000,0.9996
S1-264075981,S2-930506664,US,S2,2,1.0000,0.9997
S1-264075981,S2-676697078,US,S2,3,1.0000,0.9997
S1-264075981,S3-653919659,US,S3,4,0.8310,0.9991
S1-264089135,S3-711357168,US,S3,1,1.0000,1.0000
S1-264089135,S3-56059096,US,S3,2,1.0000,1.0000
S1-264089135,S3-354317406,US,S3,3,1.0000,1.0000
S1-264089135,S2-54759890,US,S2,4,1.0000,0.9995
S1-264089135,S2-188939384,US,S2,5,1.0000,0.9997
S1-264089135,S2-251014383,US,S2,6,0.6394,0.9978
S1-264243123,S3-675205451,India,S3,65,0.7619,0.9919
S1-264243123,S3-206932286,India,S3,67,0.7000,0.9954
S1-264258870,S2-248691635,India,S2,1,1.0000,0.9998
S1-264258870,S2-668975730,India,S2,3,0.7583,0.9969
S1-264258870,S3-264227836,India,S3,9,0.5702,0.9903
S1-264286530,S3-491590660,India,S3,1,1.0000,0.9992
S1-264286530,S2-920139151,India,S2,2,0.9000,0.9933
S1-264325458,S2-371591518,US,S2,1,1.0000,1.0000
S1-264325458,S2-118884540,US,S2,7,0.7667,0.4080
S1-264325458,S2-22080447,US,S2,8,0.7262,0.9154
S1-264325458,S3-956803263,US,S3,9,0.6833,0.9993
S1-264455148,S3-791395464,US,S3,1,1.0000,0.9997
S1-264455148,S2-383354479,US,S2,2,0.8756,0.9995
S1-264478482,S3-49259666,US,S3,1,1.0000,1.0000
S1-264478482,S2-410946649,US,S2,2,1.0000,0.9997
S1-264478482,S3-223435030,US,S3,3,0.7944,0.9974
S1-264574935,S2-511493908,India,S2,1,1.0000,0.9997
S1-264574935,S2-173412438,India,S2,2,1.0000,0.9979
S1-264578975,S2-953089290,US,S2,1,1.0000,0.9995
S1-264578975,S2-363596858,US,S2,2,1.0000,1.0000
S1-264578975,S2-423690340,US,S2,3,0.8333,0.9995
S1-264588827,S3-5650815,India,S3,1079,0.6641,0.9999
S1-264588827,S2-9099253,India,S2,1093,0.6402,0.9990
S1-264822399,S2-6654427,India,S2,1,1.0000,0.9993
S1-264822399,S2-546507064,India,S2,2,1.0000,1.0000
S1-264975933,S3-13835291,India,S3,1,1.0000,0.9977
S1-265041233,S3-855251824,India,S3,5,0.7275,0.9948
S1-265041233,S3-614925185,India,S3,6,0.7275,0.9976
S1-265041233,S2-186999041,India,S2,7,0.6812,0.9992
S1-265054731,S3-820983072,India,S3,1,1.0000,1.0000
S1-265054731,S3-506909826,India,S3,2,0.8104,0.9999
S1-265054731,S2-714231316,India,S2,4,0.7042,0.9971
S1-265054731,S2-826244449,India,S2,5,0.6748,0.9985
S1-265096510,S2-501424192,US,S2,1,1.0000,1.0000
S1-265096510,S3-789927781,US,S3,2,0.8157,0.9993
S1-265096510,S2-406823564,US,S2,3,0.7877,0.9992
S1-265141707,S2-600886722,India,S2,1,0.9333,0.9888
S1-265141707,S3-94101641,India,S3,3,0.6524,0.9936
S1-265141707,S2-242075881,India,S2,4,0.5467,0.9883
S1-265141707,S2-392733946,India,S2,5,0.5259,0.9721
S1-265156048,S3-195498929,India,S3,1,1.0000,1.0000
S1-265156048,S3-989973628,India,S3,2,0.9333,0.9993
S1-265156048,S2-912408959,India,S2,3,0.7667,0.6692
S1-265156048,S2-290247484,India,S2,4,0.7667,0.6632
S1-265156048,S3-560875185,India,S3,5,0.6863,0.9966
S1-265161895,S3-279082752,India,S3,1,1.0000,0.9990
S1-265161895,S2-704680327,India,S2,2,1.0000,1.0000
S1-265161895,S3-364918389,India,S3,72,0.7222,0.9998
S1-265161895,S2-705376979,India,S2,426,0.5057,0.9653
S1-265236960,S2-95068367,US,S2,1,0.9227,0.9999
S1-265236960,S2-199466969,US,S2,2,0.7667,0.9904
S1-265360432,S3-787194423,India,S3,1,1.0000,0.9964
S1-265360432,S2-61697274,India,S2,2,0.7667,0.9988
S1-265360432,S2-398886687,India,S2,3,0.7667,0.6665
S1-265396216,S3-668822585,US,S3,1,1.0000,1.0000
S1-265396216,S3-852773037,US,S3,2,0.8090,0.9989
S1-265396216,S2-239140886,US,S2,3,0.7629,0.9989
S1-265450303,S3-302435705,India,S3,1,0.8667,0.8150
S1-265450303,S3-160877663,India,S3,2,0.8667,0.9989
S1-265450303,S2-760255474,India,S2,3,0.8667,0.9995
S1-265450303,S2-140538043,India,S2,4,0.8667,0.9995
S1-265530620,S3-170956489,US,S3,1,0.8576,0.9998
S1-265530620,S2-925825090,US,S2,646,0.7667,0.9998
S1-265530620,S3-878832538,US,S3,1174,0.7527,0.9974
S1-265530620,S3-963734330,US,S3,1175,0.7396,0.9985
S1-265572486,S2-57576826,US,S2,1,0.8692,0.9997
S1-265572486,S3-128767608,US,S3,2,0.8197,0.9993
S1-265572486,S3-964901581,US,S3,3,0.7875,0.9995
S1-265572486,S2-132233400,US,S2,10,0.7667,0.9992
S1-265597258,S3-616273864,US,S3,1,1.0000,1.0000
S1-265597258,S3-508890222,US,S3,2,1.0000,1.0000
S1-265597258,S3-288123151,US,S3,3,1.0000,1.0000
S1-265597258,S2-797852712,US,S2,4,1.0000,1.0000
S1-265597258,S3-54881509,US,S3,5,0.8724,0.9996
S1-265689305,S3-958997323,US,S3,1,1.0000,1.0000
S1-265689305,S3-11908757,US,S3,3,0.7333,0.9999
S1-265740812,S3-989681817,US,S3,1,1.0000,1.0000
S1-265740812,S2-870308404,US,S2,2,0.8985,0.9998
S1-265740812,S2-644001251,US,S2,3,0.8619,0.9999
S1-265740812,S2-559881699,US,S2,4,0.8619,0.9998
S1-265740812,S3-261902085,US,S3,5,0.8117,0.9991
S1-265740812,S3-72491860,US,S3,6,0.8018,0.9999
S1-26581437,S3-124284005,India,S3,38,0.7667,0.7777
S1-265844685,S2-994776611,US,S2,1,1.0000,1.0000
S1-265844685,S2-845813895,US,S2,2,1.0000,0.9997
S1-265844685,S2-81707147,US,S2,3,1.0000,1.0000
S1-265844685,S3-493439533,US,S3,4,0.8193,0.9999
S1-265844685,S2-611370131,US,S2,7,0.7667,0.9902
S1-266024284,S3-301455745,US,S3,1,0.8801,0.9991
S1-266024284,S2-601627562,US,S2,2,0.7145,0.9985
S1-266024284,S2-816825864,US,S2,4,0.6833,0.9736
S1-266040797,S2-102131674,US,S2,1,1.0000,0.9994
S1-266040797,S3-181079432,US,S3,2,0.9000,0.9847
S1-266040797,S2-131622690,US,S2,3,0.8619,0.9996
S1-266133366,S2-149183485,India,S2,1,1.0000,1.0000
S1-266133366,S3-825001974,India,S3,4,0.6667,0.9884
S1-266145876,S2-452323189,India,S2,1,0.8667,0.7268
S1-266214647,S2-277537868,India,S2,1,1.0000,0.9995
S1-266214647,S2-113362008,India,S2,2,0.8589,0.9998
S1-266253192,S3-309210752,India,S3,1,0.9000,0.9997
S1-266253192,S3-147217598,India,S3,21,0.6500,0.9913
S1-266369360,S3-950818561,India,S3,1,1.0000,0.9975
S1-266395938,S3-24967816,US,S3,1,0.8752,0.9996
S1-266395938,S2-894253267,US,S2,2,0.8057,0.9998
S1-266395938,S2-369625042,US,S2,6,0.7667,0.9591
S1-266430030,S2-663633010,India,S2,6,1.0000,0.9991
S1-266469881,S2-107135064,India,S2,1,0.8667,0.7598
S1-266515385,S2-794758639,US,S2,1,1.0000,1.0000
S1-266515385,S3-886372673,US,S3,2,0.8667,0.9994
S1-266515385,S2-93119113,US,S2,3,0.8667,0.9993
S1-266622092,S2-857751929,US,S2,1,0.9000,0.9998
S1-266622092,S3-393162474,US,S3,2,0.6351,0.9900
S1-266675848,S2-728768759,India,S2,4,0.8667,0.9981
S1-266755189,S2-501284367,India,S2,1,1.0000,0.9963
S1-266755189,S3-941753733,India,S3,2,0.9116,0.9972
S1-266755189,S3-860003966,India,S3,3,0.9000,0.9127
S1-266755189,S3-233070708,India,S3,4,0.9000,0.0445
S1-266755189,S2-999660196,India,S2,5,0.8037,0.9967
S1-266755189,S3-719477576,India,S3,6,0.7733,0.5337
S1-266787412,S3-249397379,US,S3,1,1.0000,1.0000
S1-266787412,S2-586469445,US,S2,2,1.0000,1.0000
S1-266787412,S2-900157541,US,S2,3,0.8287,0.9951
S1-266827064,S2-670663835,US,S2,1,1.0000,1.0000
S1-266827064,S3-276300644,US,S3,2,0.8333,0.9992
S1-266882440,S3-805927182,US,S3,1,1.0000,1.0000
S1-266882440,S2-888037371,US,S2,2,1.0000,0.9999
S1-266882440,S3-719514091,US,S3,3,0.7491,0.7215
S1-266883962,S3-18555364,US,S3,1,1.0000,0.9996
S1-266883962,S2-830908216,US,S2,2,0.9000,0.9985
S1-266883962,S2-707756790,US,S2,3,0.9000,1.0000
S1-266883962,S2-772329277,US,S2,6,0.7667,0.9964
S1-266883962,S3-192460275,US,S3,7,0.7652,0.9340
S1-266883962,S3-944842546,US,S3,9,0.6784,0.4523
S1-266923332,S2-259281138,India,S2,1,1.0000,0.9969
S1-266933328,S3-390715975,US,S3,1,0.7118,0.9222
S1-266933328,S3-309603717,US,S3,2,0.7118,0.9297
S1-266933328,S3-358650042,US,S3,4,0.5667,0.8409
S1-266944104,S3-561023363,US,S3,1,1.0000,0.9999
S1-266944104,S2-285104407,US,S2,2,1.0000,0.9997
S1-266944104,S2-448149944,US,S2,3,0.8381,0.9994
S1-266961734,S3-398882263,US,S3,1,1.0000,0.9998
S1-266961734,S3-388568244,US,S3,2,1.0000,0.9998
S1-266961734,S3-985932551,US,S3,3,0.7667,0.9405
S1-266961734,S3-590629336,US,S3,4,0.7667,0.7429
S1-266961734,S2-942682412,US,S2,5,0.7667,0.9933
S1-266961734,S2-897621018,US,S2,6,0.7667,0.9973
S1-266961734,S2-272958263,US,S2,7,0.7667,0.9997
S1-267015904,S3-104825725,US,S3,1,1.0000,1.0000
S1-267035577,S3-699062443,US,S3,1,0.9000,0.9999
S1-267035577,S3-562703847,US,S3,2,0.9000,0.9999
S1-267035577,S3-305230275,US,S3,3,0.9000,1.0000
S1-267035577,S2-909007377,US,S2,4,0.7667,0.9985
S1-267035577,S2-694565728,US,S2,5,0.7667,0.9995
S1-267035577,S2-591304726,US,S2,6,0.7667,0.9947
S1-267048919,S3-969908859,US,S3,1,0.9042,0.9996
S1-267048919,S3-774134206,US,S3,2,0.9042,0.9997
S1-267048919,S2-402203479,US,S2,9,0.7667,0.9994
S1-267048919,S2-369663455,US,S2,10,0.6708,0.9981
S1-267100650,S3-299329148,India,S3,1,1.0000,1.0000
S1-267100650,S3-170373248,India,S3,2,1.0000,0.9994
S1-267105872,S3-168154099,US,S3,1,1.0000,0.9995
S1-267105872,S2-967757602,US,S2,3,0.7849,0.9989
S1-267105872,S2-969012694,US,S2,4,0.7847,0.9994
S1-267106233,S3-413441671,US,S3,1,1.0000,1.0000
S1-267106233,S2-902277264,US,S2,2,0.9000,1.0000
S1-267106233,S3-962164938,US,S3,3,0.7833,0.9975
S1-267106233,S3-337857399,US,S3,6,0.7667,0.7737
S1-267143406,S3-444708932,US,S3,1,1.0000,1.0000
S1-267143406,S2-708622775,US,S2,2,0.8667,0.9866
S1-267143406,S3-766349049,US,S3,3,0.8564,0.9994
S1-267143406,S2-317841370,US,S2,4,0.6944,0.8844
S1-267156381,S3-295901130,US,S3,1,1.0000,0.9998
S1-267156381,S2-985216249,US,S2,2,0.8544,0.9994
S1-267157081,S2-965240175,US,S2,1,0.8571,0.9994
S1-267157081,S2-456904859,US,S2,2,0.7788,0.9984
S1-267157081,S3-518940636,US,S3,3,0.7723,0.9910
S1-267157081,S2-944678664,US,S2,4,0.7723,0.9906
S1-267157081,S2-131178746,US,S2,6,0.7410,0.9999
S1-267239161,S3-381833201,India,S3,5,0.7667,0.9974
S1-267294769,S3-571182925,US,S3,1,1.0000,0.9996
S1-267294769,S3-317084586,US,S3,2,1.0000,1.0000
S1-267294769,S2-764597628,US,S2,3,1.0000,0.9994
S1-267294769,S2-34928790,US,S2,4,1.0000,1.0000
S1-267294769,S2-282377708,US,S2,5,1.0000,1.0000
S1-267294769,S2-182762577,US,S2,6,1.0000,0.9994
S1-267294769,S3-655920873,US,S3,7,0.7667,0.7245
S1-267306301,S3-821391578,US,S3,1,1.0000,1.0000
S1-267410137,S3-659396532,US,S3,1,0.8879,0.9998
S1-267410137,S3-248539607,US,S3,2,0.8879,0.9998
S1-267410137,S3-352631418,US,S3,3,0.7950,0.9997
S1-267410137,S3-528284214,US,S3,4,0.7667,0.9995
S1-267410137,S3-808257572,US,S3,5,0.7518,0.9999
S1-267435038,S2-144015464,US,S2,1,1.0000,1.0000
S1-267435038,S3-194305210,US,S3,2,0.8376,0.9977
S1-267435038,S3-385207554,US,S3,4,0.7667,0.7999
S1-267460681,S2-830183127,US,S2,1,0.9282,0.9999
S1-267460681,S2-992594771,US,S2,13,0.7667,0.9998
S1-267460681,S3-414417949,US,S3,20,0.7513,0.9999
S1-267507133,S2-883901797,US,S2,4,0.6667,0.9987
S1-267698650,S2-698326159,US,S2,1,0.9000,0.9983
S1-267698650,S2-64152045,US,S2,2,0.9000,0.9964
S1-267698650,S3-812730709,US,S3,4,0.7667,0.9163
S1-267698650,S2-403086120,US,S2,16,0.7667,0.9995
S1-267702544,S2-107605993,US,S2,1,1.0000,0.9996
S1-267702544,S3-449274272,US,S3,239,0.6556,0.9999
S1-267812408,S3-647177439,India,S3,1,1.0000,0.9997
S1-267812408,S3-235238246,India,S3,2,1.0000,1.0000
S1-267812408,S2-935194649,India,S2,3,1.0000,0.9995
S1-267812408,S2-695765479,India,S2,4,1.0000,1.0000
S1-267812408,S2-675252810,India,S2,5,1.0000,1.0000
S1-267812408,S2-756693509,India,S2,6,0.8083,0.9988
S1-267843899,S3-85249191,US,S3,1,0.7724,0.9990
S1-267843899,S3-185802917,US,S3,10,0.7667,0.9931
S1-267843899,S2-94069122,US,S2,22,0.7333,0.9998
S1-267915224,S3-110507795,US,S3,1,1.0000,0.9994
S1-267915224,S2-394348220,US,S2,2,1.0000,0.9998
S1-267915224,S2-833373758,US,S2,3,0.8436,0.9996
S1-267915224,S3-153042874,US,S3,5,0.7451,0.9917
S1-267971089,S3-619235050,India,S3,1,1.0000,0.9806
S1-267971089,S2-242863043,India,S2,2,1.0000,0.9996
S1-267971089,S2-733111310,India,S2,4,0.7583,0.9631
S1-267975136,S3-722908070,India,S3,1,0.6667,0.9925
S1-267975136,S2-89069057,India,S2,2,0.5667,0.5420
S1-267990222,S3-609322344,US,S3,1,1.0000,0.9998
S1-268027694,S3-598811967,India,S3,938,0.6667,0.9847
S1-268033171,S3-211176639,India,S3,1,1.0000,0.9977
S1-268033171,S3-930526106,India,S3,157,0.6833,0.9999
S1-268040705,S2-969352365,US,S2,2,0.8667,0.6020
S1-268085382,S2-148252902,US,S2,1,1.0000,0.9998
S1-268085382,S3-586870944,US,S3,2,0.8922,0.9998
S1-268085382,S2-834843628,US,S2,3,0.8625,0.9998
S1-268085382,S3-502888980,US,S3,5,0.7667,0.9650
S1-268088780,S3-853642303,India,S3,1,0.8839,0.9844
S1-268125098,S3-277089219,US,S3,1,0.8222,0.9984
S1-268125098,S2-752236304,US,S2,2,0.7388,0.9943
S1-268172335,S3-599715808,US,S3,1,1.0000,1.0000
S1-268172335,S3-44559122,US,S3,2,1.0000,0.9986
S1-268172335,S2-280624120,US,S2,3,0.9182,0.9998
S1-268193518,S3-622630248,US,S3,1,1.0000,0.9994
S1-268193518,S3-590328484,US,S3,2,1.0000,0.9993
S1-268193518,S2-92209659,US,S2,3,1.0000,0.9997
S1-268193518,S3-102953588,US,S3,34,0.7471,0.9974
S1-268261475,S3-22620712,US,S3,1,1.0000,0.9997
S1-268261475,S3-108197713,US,S3,2,1.0000,0.9998
S1-268261475,S2-227918053,US,S2,3,1.0000,0.9992
S1-268261475,S3-735440286,US,S3,4,0.8111,0.9994
S1-268261475,S3-603395681,US,S3,5,0.8111,0.9992
S1-268290708,S3-421893569,US,S3,1,1.0000,1.0000
S1-268290708,S2-897047177,US,S2,2,1.0000,0.9995
S1-268421804,S3-502510126,India,S3,1,0.7667,0.8450
S1-268421804,S2-82359744,India,S2,2,0.7576,0.9934
S1-268427307,S3-873895404,US,S3,1,1.0000,1.0000
S1-268427307,S2-918174453,US,S2,2,0.8667,0.9997
S1-268427307,S2-665447315,US,S2,3,0.8667,0.9856
S1-268427307,S3-139464954,US,S3,4,0.8273,0.9981
S1-268507854,S3-668167804,US,S3,1,1.0000,1.0000
S1-268507854,S2-708424594,US,S2,2,1.0000,1.0000
S1-268507854,S2-860629714,US,S2,116,0.7667,0.4739
S1-268507854,S3-287536287,US,S3,201,0.7190,0.9998
S1-26853240,S2-524180111,US,S2,1,1.0000,0.9995
S1-26853240,S2-599090882,US,S2,177,0.7619,0.9996
S1-268560961,S2-500946418,US,S2,1,1.0000,1.0000
S1-268560961,S2-598455595,US,S2,2,0.8758,0.9994
S1-268560961,S2-307895059,US,S2,3,0.7985,0.9997
S1-268560961,S3-729941452,US,S3,4,0.7724,0.9967
S1-268758451,S2-98071131,India,S2,1,1.0000,1.0000
S1-268758451,S2-192065426,India,S2,2,0.7667,0.9947
S1-268760900,S3-138249751,India,S3,1,1.0000,0.9947
S1-268760900,S2-632041315,India,S2,2,1.0000,0.9991
S1-268760900,S2-119163041,India,S2,3,1.0000,1.0000
S1-268760900,S3-318733524,India,S3,4,0.7863,0.9999
S1-268774187,S3-605491240,India,S3,1,0.9333,1.0000
S1-268774187,S2-763147212,India,S2,2,0.8407,0.9993
S1-268774187,S3-831809042,India,S3,3,0.8083,0.9979
S1-268774187,S3-18281155,India,S3,4,0.7667,0.9958
S1-268933590,S3-805894178,US,S3,1,1.0000,0.9999
S1-268933590,S3-149008624,US,S3,2,0.8262,0.9980
S1-268933590,S3-2678577,US,S3,7,0.7667,0.3961
S1-268933590,S2-300084582,US,S2,10,0.7667,0.5273
S1-268933590,S2-343254563,US,S2,12,0.7111,0.9991
S1-268933590,S3-848319002,US,S3,13,0.6410,0.9836
S1-268972330,S3-748527707,India,S3,1,0.9000,0.9998
S1-268972330,S2-786439415,India,S2,2,0.7458,0.9998
S1-268972330,S3-650398388,India,S3,3,0.6913,0.9738
S1-268982843,S2-134994832,US,S2,2,0.7667,0.9253
S1-268982843,S3-864690519,US,S3,7,0.5556,0.9918
S1-268992713,S2-58684748,US,S2,1,1.0000,0.9999
S1-268992713,S2-563403382,US,S2,2,0.9364,0.9968
S1-268992713,S3-883908614,US,S3,3,0.8905,0.9995
S1-268992713,S3-168827805,US,S3,4,0.7667,0.8518
S1-269007167,S2-85029648,India,S2,3,0.8658,0.9997
S1-269007167,S3-122864899,India,S3,50,0.7667,0.9854
S1-269012692,S3-551549138,US,S3,1,1.0000,0.9996
S1-269012692,S3-61435263,US,S3,2,0.6364,0.9977
S1-269042239,S2-22784410,US,S2,1,1.0000,1.0000
S1-269042239,S3-502748818,US,S3,72,0.7548,0.9977
S1-269042239,S2-651821112,US,S2,73,0.7451,0.9599
S1-269054303,S2-947621579,US,S2,2,1.0000,0.9996
S1-269054303,S2-104980236,US,S2,3,1.0000,1.0000
S1-269054303,S2-146841525,US,S2,4,0.8519,0.9974
S1-269054303,S3-752662940,US,S3,80,0.7667,0.7760
S1-269054303,S3-272044464,US,S3,586,0.6583,0.9957
S1-269113635,S3-347880202,US,S3,1,1.0000,1.0000
S1-269113635,S2-534323959,US,S2,2,1.0000,1.0000
S1-269113635,S3-552329420,US,S3,3,0.8333,0.9979
S1-2694390,S2-848016083,India,S2,1,1.0000,1.0000
S1-2694390,S3-523025001,India,S3,3,0.7667,0.4712
S1-2694390,S3-298026573,India,S3,4,0.7667,0.9589
S1-26952435,S3-967881969,India,S3,1,1.0000,1.0000
S1-26952435,S2-146160623,India,S2,2,1.0000,0.9987
S1-269655040,S3-427982465,US,S3,1,0.7667,0.9992
S1-269930788,S3-86944688,India,S3,1,1.0000,0.9974
S1-269930788,S2-805265160,India,S2,2,1.0000,1.0000
S1-269930788,S2-582860255,India,S2,3,1.0000,0.9998
S1-269944608,S2-310134331,US,S2,1,1.0000,1.0000
S1-269944608,S2-281267330,US,S2,2,1.0000,1.0000
S1-269944608,S3-629966730,US,S3,3,0.8195,0.9988
S1-270051112,S2-138759450,US,S2,1,1.0000,1.0000
S1-270051112,S3-222594849,US,S3,176,0.6926,0.9991
S1-270126902,S3-625442347,US,S3,1,1.0000,1.0000
S1-270126902,S2-259843131,US,S2,2,0.8641,0.9998
S1-270126902,S3-779021606,US,S3,3,0.7243,0.9992
S1-270174293,S3-871962162,India,S3,1,1.0000,1.0000
S1-270174293,S2-836003612,India,S2,2,1.0000,0.9999
S1-270174293,S2-952675607,India,S2,3,0.8658,0.9991
S1-270174293,S3-337524739,India,S3,5,0.8436,0.9995
S1-270174293,S2-820083847,India,S2,6,0.8333,0.9844
S1-270174293,S3-53036336,India,S3,26,0.6152,0.9989
S1-270179348,S2-738763254,India,S2,1,1.0000,1.0000
S1-270179348,S2-610181306,India,S2,2,0.8527,0.9989
S1-270179348,S2-695977675,India,S2,10,0.7471,0.9992
S1-270179348,S3-397481208,India,S3,11,0.7179,0.9934
S1-270196886,S2-934979246,US,S2,1,1.0000,1.0000
S1-270196886,S2-502327149,US,S2,2,0.8692,0.9983
S1-270196886,S2-53418452,US,S2,4,0.6106,0.9791
S1-270220225,S3-569227844,US,S3,1,1.0000,1.0000
S1-270220225,S2-718171962,US,S2,2,1.0000,1.0000
S1-270220225,S2-309965695,US,S2,4,0.8119,0.9997
S1-270397035,S3-986204903,India,S3,64,0.6714,0.9956
S1-270414170,S3-742475582,US,S3,2,0.7464,0.9496
S1-270414170,S2-861270616,US,S2,3,0.7054,0.9810
S1-270425011,S3-219521385,US,S3,1,0.7617,0.9999
S1-270425011,S2-160167448,US,S2,2,0.6061,0.2177
S1-270485492,S3-160896031,India,S3,1,1.0000,1.0000
S1-270485492,S2-572012752,India,S2,2,1.0000,0.9980
S1-270485492,S2-469081570,India,S2,3,1.0000,1.0000
S1-270534088,S3-809756611,US,S3,1,1.0000,1.0000
S1-270534088,S3-197248638,US,S3,2,0.8396,0.9996
S1-270534088,S2-184243508,US,S2,3,0.7527,0.9975
S1-270534088,S2-226729972,US,S2,4,0.7192,0.9948
S1-270543443,S3-202744584,US,S3,1,0.9000,1.0000
S1-270543443,S2-798191996,US,S2,2,0.8667,0.9992
S1-270543443,S3-255623130,US,S3,17,0.7151,0.5487
S1-270545039,S3-574558738,India,S3,1,1.0000,1.0000
S1-270545039,S3-535065272,India,S3,2,1.0000,0.9999
S1-270545039,S3-141145126,India,S3,3,1.0000,1.0000
S1-270545039,S2-696578562,India,S2,4,0.9333,0.9971
S1-270545039,S3-540515955,India,S3,5,0.7377,0.9883
S1-270545039,S2-70804710,India,S2,6,0.6710,0.9366
S1-270545039,S3-746409531,India,S3,13,0.6092,0.9915
S1-270574699,S3-489303668,US,S3,1,0.8667,0.9992
S1-270586308,S2-637088483,US,S2,1,1.0000,0.9998
S1-270712632,S3-903666071,India,S3,52,0.7286,0.9179
S1-270748027,S3-486112585,US,S3,1,0.7932,0.9991
S1-270878492,S3-858273862,India,S3,1,0.9333,0.9387
S1-270878492,S2-669280180,India,S2,2,0.8576,0.9996
S1-270878492,S3-218872970,India,S3,3,0.7667,0.9987
S1-270949508,S3-574304272,US,S3,54,0.7667,0.2670
S1-270949508,S3-377941896,US,S3,87,0.7667,0.1657
S1-270949508,S2-376691469,US,S2,199,0.7667,0.9059
S1-270973381,S2-920047942,US,S2,3,0.7667,0.9989
S1-270973381,S3-728548051,US,S3,4,0.7576,0.9993
S1-27111931,S2-116569377,US,S2,554,0.7667,0.9994
S1-27111931,S2-192497298,US,S2,565,0.7583,0.9986
S1-271201570,S3-838258483,India,S3,1,1.0000,0.9999
S1-271201570,S2-679666758,India,S2,2,0.9000,0.9999
S1-271201570,S3-11946071,India,S3,3,0.7742,0.9976
S1-271336519,S3-193412574,India,S3,1,1.0000,0.9997
S1-271336519,S2-903409066,India,S2,2,0.9000,0.9584
S1-271336519,S2-671703411,India,S2,40,0.6667,0.8498
S1-271358780,S3-995665725,US,S3,1,1.0000,0.9998
S1-271358780,S2-398515153,US,S2,2,1.0000,1.0000
S1-271358780,S2-208058112,US,S2,3,1.0000,0.9992
S1-271358780,S2-115145468,US,S2,4,1.0000,1.0000
S1-271358780,S3-674933002,US,S3,5,0.8333,0.9992
S1-271358780,S3-976061480,US,S3,6,0.8236,0.9929
S1-271358780,S3-287951675,US,S3,7,0.8236,0.9971
S1-271358780,S2-778541856,US,S2,8,0.8236,0.9994
S1-271417061,S3-387611669,US,S3,1,1.0000,1.0000
S1-271417061,S2-914702321,US,S2,126,0.7333,0.9973
S1-271417061,S2-854894865,US,S2,130,0.5237,0.9815
S1-271417061,S2-787780359,US,S2,131,0.5237,0.9822
S1-271484825,S2-895553323,India,S2,1,0.8667,0.7488
S1-271484825,S2-21207070,India,S2,2,0.8667,0.9991
S1-271565472,S2-210465083,US,S2,1,1.0000,1.0000
S1-271565472,S2-562118079,US,S2,2,0.8895,0.9877
S1-271565472,S3-666873499,US,S3,3,0.6393,0.9896
S1-27158214,S2-614863359,US,S2,1,0.8451,0.9987
S1-27158214,S2-909414276,US,S2,6,0.7000,0.9986
S1-271603485,S3-601293724,India,S3,1,0.8083,0.9664
S1-271603485,S3-519096136,India,S3,5,0.7667,0.9988
S1-271603485,S2-859303451,India,S2,14,0.7156,0.9973
S1-271609646,S3-659418036,US,S3,1,1.0000,0.9999
S1-271609646,S2-973623869,US,S2,2,1.0000,1.0000
S1-271609646,S2-214453340,US,S2,3,1.0000,1.0000
S1-271609646,S2-704864422,US,S2,24,0.7262,0.9982
S1-271759423,S2-73763093,US,S2,1,1.0000,0.9999
S1-271759423,S3-836209336,US,S3,2,0.9000,0.9999
S1-271759423,S2-138995655,US,S2,3,0.9000,0.9966
S1-271759423,S3-953818510,US,S3,4,0.8067,0.9988
S1-271759423,S2-913896471,US,S2,7,0.7667,0.9991
S1-271761805,S3-526586907,US,S3,1,0.8619,0.9989
S1-271780563,S3-926227830,US,S3,1,1.0000,0.9992
S1-271780563,S2-938508012,US,S2,2,1.0000,0.9997
S1-271780563,S2-154306368,US,S2,3,0.9172,0.9993
S1-271780563,S3-192139497,US,S3,5,0.7667,0.8679
S1-271857870,S3-231571024,India,S3,1,0.8667,0.6101
S1-271857870,S2-534241987,India,S2,2,0.8667,0.9996
S1-271936884,S2-411448715,India,S2,1,1.0000,0.9987
S1-271936884,S3-967341275,India,S3,4,0.7018,0.9976
S1-27219914,S2-929028701,India,S2,1,1.0000,0.9968
S1-27219914,S3-123076413,India,S3,2,0.8018,0.9989
S1-272210702,S3-24538289,US,S3,1,1.0000,0.9996
S1-272210702,S2-234030473,US,S2,2,1.0000,1.0000
S1-272210702,S3-785756167,US,S3,3,0.7444,0.9972
S1-272360958,S3-647754728,US,S3,1,1.0000,0.9995
S1-272360958,S2-304383302,US,S2,2,0.8042,0.9995
S1-272360958,S3-590422,US,S3,3,0.7922,0.9954
S1-272360958,S2-920482846,US,S2,10,0.6822,0.9446
S1-272368179,S2-693284152,India,S2,2,0.8255,0.9977
S1-272371599,S3-378095646,US,S3,1,0.8667,0.8477
S1-272371599,S2-920450767,US,S2,2,0.7952,0.9996
S1-272371599,S3-174510494,US,S3,3,0.7471,0.9999
S1-272371599,S2-879510040,US,S2,4,0.6697,0.9976
S1-272371599,S3-107826338,US,S3,5,0.6571,0.8901
S1-272427864,S2-616192123,US,S2,1,1.0000,0.9997
S1-272427864,S3-595586367,US,S3,2,0.9000,1.0000
S1-272427864,S3-393383915,US,S3,3,0.9000,1.0000
S1-27243340,S2-289686121,US,S2,1,1.0000,0.9998
S1-27243340,S3-158975837,US,S3,2,0.8440,0.9984
S1-27243340,S2-369579887,US,S2,3,0.8141,0.9975
S1-27243340,S2-97011013,US,S2,4,0.8107,0.9997
S1-27243340,S3-252703878,US,S3,5,0.7667,0.2834
S1-272459118,S3-721766230,US,S3,1,1.0000,1.0000
S1-272459118,S3-142035270,US,S3,2,1.0000,1.0000
S1-272459118,S2-826580391,US,S2,5,0.5833,0.9904
S1-272480506,S2-706312100,US,S2,2,0.7156,0.9976
S1-272483473,S3-540841615,US,S3,1,1.0000,0.9999
S1-272483473,S3-474295466,US,S3,2,1.0000,0.9999
S1-272483473,S3-672875738,US,S3,6,0.7155,0.9985
S1-272499021,S3-765804088,India,S3,1,0.7970,0.9981
S1-272499021,S3-751997895,India,S3,2,0.6250,0.9874
S1-272512134,S2-761728355,US,S2,1,1.0000,0.9997
S1-272512134,S3-873691670,US,S3,2,0.7667,0.9966
S1-272512134,S3-14703862,US,S3,3,0.7667,0.3182
S1-272512134,S2-670093512,US,S2,4,0.7667,0.9955
S1-272512134,S2-343988328,US,S2,5,0.7667,0.9389
S1-272517064,S2-259667273,US,S2,1,1.0000,0.9994
S1-272517064,S3-861159824,US,S3,4,0.7667,0.7135
S1-272551634,S3-721469088,US,S3,1,0.8977,0.9988
S1-272551634,S3-307699395,US,S3,2,0.8667,0.9914
S1-272605444,S3-485980489,US,S3,1,0.7733,0.9869
S1-272605444,S3-557224475,US,S3,2,0.7238,0.9979
S1-272634392,S3-894864816,US,S3,1,1.0000,0.9999
S1-272634392,S3-249675758,US,S3,2,1.0000,0.9999
S1-272634392,S2-814199953,US,S2,3,1.0000,1.0000
S1-272634392,S3-904449832,US,S3,4,0.7716,0.9999
S1-272660578,S3-923024518,India,S3,1,1.0000,0.9978
S1-272660578,S3-169951484,India,S3,33,0.7667,0.2601
S1-272660578,S2-265438976,India,S2,62,0.7533,0.9995
S1-272669036,S2-882593170,India,S2,1,1.0000,1.0000
S1-272669036,S3-688249135,India,S3,2,0.9000,0.9151
S1-272763734,S3-725768124,US,S3,1,1.0000,0.9999
S1-272763734,S2-713133498,US,S2,2,0.8740,0.9994
S1-272763734,S3-303796304,US,S3,3,0.7370,0.9991
S1-272811943,S3-893205600,US,S3,1,0.7667,0.9482
S1-272811943,S3-643473670,US,S3,3,0.7667,0.2993
S1-272811943,S3-1285023,US,S3,8,0.7667,0.9925
S1-272881659,S2-793904034,US,S2,1,1.0000,0.9998
S1-272881659,S3-72691553,US,S3,3,0.7667,0.9976
S1-272881659,S2-416110380,US,S2,11,0.7667,0.8892
S1-272895554,S3-979013249,US,S3,1,0.7667,0.7593
S1-272895554,S2-880122978,US,S2,2,0.7667,0.3719
S1-272895554,S3-108664802,US,S3,3,0.7632,0.9992
S1-272953299,S2-881193711,India,S2,140,0.5510,0.9998
S1-272969442,S3-900789811,India,S3,1,1.0000,0.9989
S1-272969442,S3-223728282,India,S3,2,1.0000,0.9999
S1-272969442,S2-951365089,India,S2,3,1.0000,0.9986
S1-272969442,S2-689996848,India,S2,4,1.0000,1.0000
S1-272969442,S2-107805063,India,S2,72,0.6333,0.9944
S1-272995934,S2-33517672,US,S2,1,0.8262,0.9995
S1-273017664,S2-635984235,India,S2,1,0.7451,0.9977
S1-273017664,S3-851515967,India,S3,2,0.7410,0.9996
S1-273019251,S3-88658417,US,S3,1,1.0000,0.9994
S1-273019251,S2-266151708,US,S2,2,1.0000,0.9989
S1-273019251,S3-178698729,US,S3,4,0.7708,0.9972
S1-273019251,S2-7832227,US,S2,6,0.6942,0.9986
S1-273119690,S2-579972120,India,S2,1,1.0000,0.9998
S1-273119690,S3-196715139,India,S3,2,0.8667,0.1028
S1-273119690,S2-27454290,India,S2,169,0.7533,0.9579
S1-27317664,S3-774231430,US,S3,1,1.0000,1.0000
S1-27317664,S3-250697777,US,S3,2,1.0000,0.9997
S1-27317664,S3-721896789,US,S3,3,0.8273,0.9962
S1-27317664,S2-97720358,US,S2,4,0.8273,0.9996
S1-27318992,S3-697051583,India,S3,1,1.0000,0.9999
S1-27318992,S2-939441508,India,S2,2,0.7364,0.9004
S1-27318992,S2-701689518,India,S2,3,0.7179,0.9991
S1-27327046,S3-488497162,US,S3,1,1.0000,1.0000
S1-27327046,S2-355818679,US,S2,2,1.0000,0.9998
S1-27327046,S2-337887515,US,S2,4,0.6942,0.9970
S1-273304576,S3-605963561,US,S3,62,0.7296,0.9999
S1-273304576,S3-336784456,US,S3,66,0.6762,0.9984
S1-273304576,S2-136710346,US,S2,67,0.6154,0.6134
S1-27334116,S3-191116391,US,S3,1,1.0000,1.0000
S1-27334116,S3-122404950,US,S3,2,1.0000,1.0000
S1-27334116,S2-387479297,US,S2,7,0.7667,0.5397
S1-273372943,S2-759689190,US,S2,1,1.0000,0.9998
S1-273463411,S3-776554339,US,S3,1,1.0000,1.0000
S1-273463411,S3-255809818,US,S3,2,1.0000,0.9999
S1-273463411,S2-368264227,US,S2,3,0.7667,0.3302
S1-273506010,S3-677372040,US,S3,1,1.0000,1.0000
S1-273506010,S2-1202831,US,S2,2,1.0000,1.0000
S1-273506010,S3-680789806,US,S3,3,0.7776,0.9992
S1-273585431,S3-953365293,US,S3,1,1.0000,0.9997
S1-273585431,S2-926669219,US,S2,2,1.0000,1.0000
S1-273585431,S2-192881973,US,S2,3,0.7595,0.9972
S1-273597685,S3-12028772,US,S3,1,1.0000,0.9997
S1-273597685,S2-580746704,US,S2,2,1.0000,0.9998
S1-273597685,S2-510529763,US,S2,3,1.0000,1.0000
S1-273597685,S2-447114081,US,S2,4,1.0000,0.9998
S1-273597685,S3-920571032,US,S3,5,0.8333,0.9994
S1-273597685,S3-771892505,US,S3,7,0.6882,0.9994
S1-27364782,S3-202025194,US,S3,1,1.0000,0.9995
S1-27364782,S3-181888922,US,S3,2,1.0000,0.9995
S1-27364782,S3-174017343,US,S3,3,1.0000,0.9995
S1-27364782,S3-117742487,US,S3,4,1.0000,0.9994
S1-27364782,S2-67747501,US,S2,5,1.0000,0.9993
S1-27364782,S2-624435501,US,S2,6,1.0000,1.0000
S1-27364782,S3-255678294,US,S3,21,0.6833,0.9999
S1-27367641,S3-996922045,US,S3,1,1.0000,0.9997
S1-27367641,S3-650444430,US,S3,2,1.0000,1.0000
S1-27367641,S2-288996276,US,S2,3,1.0000,1.0000
S1-27367641,S3-366448342,US,S3,4,0.8752,0.9998
S1-27367641,S2-966452931,US,S2,5,0.7667,0.9992
S1-27367641,S2-174525012,US,S2,6,0.7667,0.5969
S1-273725448,S3-928827235,US,S3,1,1.0000,1.0000
S1-273725448,S3-6489144,US,S3,2,0.8083,0.9974
S1-273775136,S3-134213095,India,S3,1,0.9000,0.9935
S1-273775136,S2-156242046,India,S2,2,0.8667,0.9815
S1-273775136,S2-120662676,India,S2,3,0.8667,0.9815
S1-273775136,S2-734047767,India,S2,30,0.5824,0.9172
S1-273801723,S2-831935407,US,S2,1,1.0000,0.9995
S1-273801723,S2-640996730,US,S2,2,1.0000,0.9997
S1-273801723,S2-223645651,US,S2,3,1.0000,1.0000
S1-273851625,S2-495322814,US,S2,1,0.9000,0.9999
S1-273851625,S3-387655803,US,S3,14,0.7490,0.9987
S1-27401709,S3-896128542,US,S3,1,1.0000,0.9998
S1-27401709,S3-326871342,US,S3,2,1.0000,1.0000
S1-27401709,S3-830497858,US,S3,3,0.8246,0.9977
S1-27401709,S3-386077522,US,S3,4,0.8246,0.9977
S1-274067326,S2-495313954,US,S2,1,0.9250,0.9995
S1-274161615,S3-920721199,India,S3,1129,0.6439,0.9659
S1-274188611,S3-430271467,India,S3,1,0.8667,0.9987
S1-274188611,S3-351114722,India,S3,2,0.8667,0.6841
S1-274234020,S3-937091616,US,S3,1,1.0000,0.9993
S1-274249274,S3-42962334,India,S3,1,1.0000,1.0000
S1-274249274,S2-281923038,India,S2,2,1.0000,1.0000
S1-274249274,S3-73017836,India,S3,3,0.9000,0.9944
S1-274249274,S2-685818903,India,S2,36,0.7377,0.9980
S1-274396327,S3-360501206,US,S3,1,1.0000,1.0000
S1-274396327,S2-927618143,US,S2,2,0.7396,0.9979
S1-274396327,S3-533716821,US,S3,3,0.7395,0.9999
S1-274429230,S3-446966155,India,S3,27,0.7667,0.9997
S1-274429230,S2-736512272,India,S2,55,0.7667,0.6829
S1-27443644,S3-881521252,India,S3,1,1.0000,0.9998
S1-27443644,S3-706089113,India,S3,15,0.7667,0.7469
S1-27443644,S2-822545378,India,S2,40,0.7667,0.7980
S1-274438853,S2-969795226,US,S2,5,0.7471,0.9968
S1-274438853,S3-397452143,US,S3,6,0.6782,0.9924
S1-27449700,S2-998984434,India,S2,1,0.9333,0.9722
S1-27449700,S3-552186057,India,S3,2,0.8407,0.9996
S1-27449700,S2-31097731,India,S2,6,0.7167,0.9856
S1-274535224,S2-520553926,India,S2,1,1.0000,1.0000
S1-274535224,S3-224426324,India,S3,2,0.9000,0.9999
S1-274624933,S2-321809561,US,S2,33,0.7667,0.4822
S1-274773431,S3-524651362,India,S3,1,1.0000,0.9984
S1-274773431,S3-241604288,India,S3,2,1.0000,0.9998
S1-274773431,S2-947405114,India,S2,3,1.0000,0.9998
S1-274773431,S2-579777094,India,S2,4,1.0000,1.0000
S1-274773431,S2-411890792,India,S2,5,1.0000,0.9998
S1-274773431,S3-371876667,India,S3,18,0.6246,0.9994
S1-274777067,S2-946434680,US,S2,1,1.0000,0.9997
S1-274777067,S3-738399196,US,S3,6,0.7667,0.3535
S1-274777067,S3-484455831,US,S3,23,0.6544,0.9990
S1-274805369,S2-493683931,US,S2,1,1.0000,1.0000
S1-274805369,S2-768484448,US,S2,2,0.8976,0.9997
S1-274805369,S2-444007203,US,S2,3,0.8026,0.9997
S1-274805369,S3-523274525,US,S3,4,0.8013,1.0000
S1-275063835,S3-119010335,India,S3,94,0.5615,0.9985
S1-275085468,S2-994463590,India,S2,1,0.8667,0.9816
S1-275118796,S3-175346690,India,S3,111,0.8667,0.9627
S1-275118796,S2-781559793,India,S2,891,0.7667,0.9765
S1-275208975,S3-601076249,India,S3,1,1.0000,0.9996
S1-275208975,S3-133366241,India,S3,2,1.0000,1.0000
S1-275208975,S2-306458395,India,S2,3,0.7756,0.9981
S1-275208975,S3-943797882,India,S3,4,0.7583,0.9960
S1-275208975,S3-871705421,India,S3,29,0.6524,0.9955
S1-275257496,S2-544356862,US,S2,1,0.9042,0.9987
S1-275257496,S3-924631130,US,S3,2,0.8042,0.9994
S1-275257496,S3-742392972,US,S3,3,0.7865,0.9989
S1-275257496,S3-32260557,US,S3,224,0.6312,0.9948
S1-275299283,S3-452314532,India,S3,1,0.9000,0.9999
S1-275299283,S2-544762522,India,S2,2,0.8667,0.9996
S1-275299283,S2-465077813,India,S2,3,0.8667,0.6487
S1-275299283,S2-860913883,India,S2,10,0.7167,0.8360
S1-275299283,S2-430191266,India,S2,11,0.5514,0.9266
S1-275303473,S3-825094256,US,S3,1,0.7679,0.9992
S1-275303473,S2-42937954,US,S2,2,0.7667,0.9989
S1-275303473,S3-737792740,US,S3,3,0.6981,0.9974
S1-275359198,S2-958525157,US,S2,1,0.8673,0.9997
S1-275359198,S2-555260281,US,S2,2,0.7667,0.7999
S1-275519070,S2-489367270,US,S2,1,1.0000,0.9997
S1-275519070,S3-586424809,US,S3,2,0.7667,0.9998
S1-275609656,S3-128148113,India,S3,1,1.0000,0.9977
S1-275609656,S2-480089064,India,S2,2,0.9000,0.9999
S1-275609656,S3-320816593,India,S3,3,0.7179,0.9902
S1-275609656,S2-299387250,India,S2,65,0.5000,0.8878
S1-275644154,S3-394476787,US,S3,1,1.0000,0.9999
S1-275644154,S2-362444741,US,S2,3,0.7457,0.9996
S1-275672614,S3-679329856,US,S3,1,0.8287,0.9970
S1-275672614,S3-105422250,US,S3,2,0.8287,0.9974
S1-275672614,S3-932699710,US,S3,3,0.7667,0.9993
S1-275672614,S2-828133187,US,S2,30,0.7340,0.9972
S1-275704390,S3-792691833,India,S3,1,0.9333,0.9993
S1-275704390,S3-118571113,India,S3,67,0.5015,0.9985
S1-275771405,S3-432028389,US,S3,1,0.8111,0.9974
S1-275771405,S2-18262725,US,S2,12,0.7667,0.9964
S1-275857840,S3-714684163,US,S3,11,0.7667,0.9983
S1-275857840,S3-173690561,US,S3,35,0.7667,0.9928
S1-275872097,S3-824580694,India,S3,1,1.0000,0.9989
S1-275872097,S3-107227705,India,S3,2,1.0000,0.9989
S1-275872097,S2-560308141,India,S2,3,1.0000,0.9998
S1-275872097,S2-146207448,India,S2,4,1.0000,0.9984
S1-275998217,S3-883022183,India,S3,2,0.8667,0.9648
S1-276003668,S3-302802068,US,S3,1,1.0000,0.9997
S1-276005402,S2-151715540,US,S2,1,0.9000,0.9999
S1-276005402,S3-6873272,US,S3,2,0.7667,0.2999
S1-276005402,S3-134805736,US,S3,3,0.7667,0.9973
S1-276012136,S3-225075373,US,S3,1,0.9000,1.0000
S1-276012136,S2-833335485,US,S2,2,0.8697,0.9997
S1-276012136,S3-825385828,US,S3,3,0.8176,0.9960
S1-276012136,S2-238683272,US,S2,4,0.8176,0.9963
S1-276012136,S2-142728085,US,S2,5,0.8176,0.9963
S1-276012136,S3-4603347,US,S3,9,0.7340,0.9984
S1-276136641,S2-577568072,US,S2,1,1.0000,0.9999
S1-276148962,S2-129026161,India,S2,1,1.0000,1.0000
S1-276148962,S3-619952169,India,S3,2,0.8527,0.9991
S1-276148962,S3-465372965,India,S3,6,0.7262,0.9988
S1-276178711,S3-98063978,US,S3,1,1.0000,0.9995
S1-276178711,S3-212484316,US,S3,2,1.0000,1.0000
S1-276178711,S2-861596282,US,S2,3,1.0000,1.0000
S1-276178711,S2-201284609,US,S2,4,0.7667,0.7714
S1-276178711,S3-593216776,US,S3,5,0.7222,0.9999
S1-276178711,S3-979409178,US,S3,6,0.6548,0.9983
S1-276178711,S3-68262291,US,S3,7,0.6437,0.9955
S1-276199562,S3-912522918,India,S3,1,1.0000,0.9957
S1-276199562,S3-265203408,India,S3,45,0.7667,0.6440
S1-276199562,S3-813101172,India,S3,191,0.5789,0.9995
S1-276219696,S3-425587945,US,S3,1,0.9333,0.9999
S1-276219696,S2-263894893,US,S2,152,0.7667,0.5563
S1-276235486,S2-956129381,India,S2,1,1.0000,0.9998
S1-276235486,S2-226927061,India,S2,2,1.0000,0.9996
S1-276235486,S3-784383921,India,S3,4,0.7544,0.9908
S1-276260940,S3-155719445,US,S3,33,0.7667,0.9997
S1-276260940,S2-528629212,US,S2,53,0.7667,0.8735
S1-276260940,S2-238126772,US,S2,68,0.7667,0.9993
S1-276284897,S3-621852360,India,S3,1,0.8667,0.8356
S1-276284897,S2-662164974,India,S2,2,0.7667,0.9988
S1-276343989,S3-910884849,US,S3,1,1.0000,0.9995
S1-276343989,S3-104643979,US,S3,2,1.0000,0.9995
S1-276343989,S2-507514572,US,S2,7,0.9000,0.9976
S1-276343989,S2-497924263,US,S2,8,0.9000,1.0000
S1-276343989,S3-845578590,US,S3,12,0.8083,0.9960
S1-276354013,S3-677187979,US,S3,1,0.8527,0.9979
S1-276412764,S3-320391699,India,S3,233,0.6448,0.2556
S1-276419972,S2-256498912,India,S2,1,1.0000,0.9978
S1-276592298,S2-98210646,India,S2,1,1.0000,0.9994
S1-276592298,S3-890578584,India,S3,29,0.6608,0.9246
S1-276592904,S3-80773114,US,S3,1,0.8583,0.9977
S1-276592904,S3-536329102,US,S3,2,0.8583,0.9990
S1-276592904,S2-789692829,US,S2,3,0.7222,0.9974
S1-276620464,S2-323103551,US,S2,1,1.0000,0.9997
S1-276620464,S3-574636178,US,S3,2,0.8240,0.9999
S1-276620464,S3-616443680,US,S3,3,0.7667,0.3903
S1-276642172,S3-715427204,US,S3,1,1.0000,1.0000
S1-276642172,S2-222439539,US,S2,2,1.0000,0.9992
S1-276678624,S3-388927634,India,S3,1,1.0000,1.0000
S1-276678624,S3-489402394,India,S3,2,0.9042,0.9998
S1-276678624,S3-889271612,India,S3,4,0.7667,0.9575
S1-276678624,S2-27233011,India,S2,5,0.7000,0.9973
S1-276678787,S3-524310142,India,S3,1,0.8667,0.8492
S1-276678787,S2-721834420,India,S2,3,0.8667,0.9643
S1-276697859,S3-482464886,US,S3,1,1.0000,0.9997
S1-276697859,S2-651838155,US,S2,2,0.8083,0.9891
S1-276697859,S2-64573130,US,S2,3,0.8083,0.9934
S1-276745087,S2-921248298,India,S2,1,1.0000,0.9932
S1-276745087,S2-200378927,India,S2,2,1.0000,0.9951
S1-276745087,S3-16275646,India,S3,3,0.8667,0.8171
S1-276745087,S2-447170240,India,S2,4,0.7762,0.9943
S1-276755727,S2-946913068,India,S2,2,0.7667,0.9988
S1-276879473,S3-592627315,US,S3,1,0.8667,0.9991
S1-276879473,S3-758437716,US,S3,3,0.7364,0.6789
S1-276879473,S2-648208167,US,S2,4,0.7364,0.8327
S1-276970393,S3-863949585,India,S3,2,0.7396,0.9902
S1-276970393,S2-140059098,India,S2,3,0.6805,0.9954
S1-276970393,S3-871822289,India,S3,8,0.5190,0.5352
S1-277022916,S2-659697582,US,S2,1,0.8778,0.9994
S1-277050105,S3-115471778,US,S3,1,1.0000,1.0000
S1-277050105,S2-200992654,US,S2,2,0.9000,1.0000
S1-277076755,S3-37724393,India,S3,1,0.7667,0.9800
S1-277076755,S3-834907103,India,S3,6,0.7237,0.9977
S1-277076755,S3-562996005,India,S3,61,0.6083,0.9891
S1-277128760,S2-488852982,US,S2,1,1.0000,0.9998
S1-277128760,S3-932117387,US,S3,2,0.8652,0.9996
S1-277128760,S2-834444308,US,S2,3,0.8500,0.9987
S1-277128760,S3-629243933,US,S3,4,0.7667,0.7520
S1-277128760,S3-477144999,US,S3,5,0.6286,0.9953
S1-277187454,S2-900381365,India,S2,1,1.0000,0.9987
S1-277187454,S3-386531878,India,S3,2,0.9000,0.9982
S1-277187454,S2-604638296,India,S2,56,0.6190,0.9981
S1-277260480,S3-605332551,US,S3,1,1.0000,1.0000
S1-277260480,S2-949356629,US,S2,2,0.9000,0.9999
S1-277260480,S2-705764824,US,S2,3,0.9000,0.9999
S1-277260480,S3-158913145,US,S3,4,0.7658,0.9985
S1-277260480,S3-491799295,US,S3,5,0.6306,0.9933
S1-277260480,S2-860243677,US,S2,6,0.5190,0.9923
S1-277440119,S2-875385700,India,S2,33,0.9000,0.9997
S1-277440119,S2-355458056,India,S2,39,0.9000,0.9999
S1-277440119,S3-321226672,India,S3,1062,0.7000,0.9991
S1-277456791,S2-466392003,India,S2,1,1.0000,0.9986
S1-277456791,S2-11249544,India,S2,2,1.0000,1.0000
S1-277456791,S3-791923214,India,S3,3,0.9090,0.9986
S1-277456791,S2-51291643,India,S2,4,0.8879,0.9994
S1-277456791,S3-102910483,India,S3,5,0.8596,0.9861
S1-277456791,S3-219379573,India,S3,6,0.8366,0.9894
S1-277462019,S3-80533291,India,S3,1,0.7667,0.9964
S1-277462019,S3-48349936,India,S3,2,0.7667,0.9969
S1-277554912,S3-993869038,US,S3,1,1.0000,0.9990
S1-277554912,S3-389258043,US,S3,2,1.0000,1.0000
S1-277554912,S2-179284200,US,S2,3,1.0000,1.0000
S1-277603597,S2-640584566,India,S2,21,0.7436,0.9991
S1-277603597,S3-486835492,India,S3,22,0.7083,0.9981
S1-27764598,S3-625472028,India,S3,68,0.7451,0.9908
S1-277688837,S3-64765394,US,S3,1,1.0000,1.0000
S1-277688837,S2-990695990,US,S2,2,1.0000,1.0000
S1-277688837,S2-866152667,US,S2,3,1.0000,0.9997
S1-277688837,S2-240711457,US,S2,4,1.0000,0.9995
S1-277688837,S2-608718563,US,S2,6,0.6345,0.9518
S1-277732413,S2-440380682,India,S2,1,1.0000,0.9997
S1-277732413,S2-410489629,India,S2,2,1.0000,0.9994
S1-277752149,S2-652617490,US,S2,1,1.0000,1.0000
S1-277834693,S3-519308369,US,S3,1,1.0000,0.9997
S1-277834693,S2-868595071,US,S2,2,0.8843,0.9993
S1-277834693,S3-965608225,US,S3,3,0.8236,0.9967
S1-277835145,S3-667792007,India,S3,1,1.0000,1.0000
S1-277835145,S3-753075275,India,S3,2,0.7782,0.9935
S1-277835145,S2-850431594,India,S2,3,0.7667,0.9354
S1-27791111,S3-949767234,US,S3,1,1.0000,0.9999
S1-27791111,S3-562535251,US,S3,2,0.8054,0.9978
S1-27791111,S2-395038660,US,S2,4,0.7588,0.9983
S1-27791111,S3-462140822,US,S3,5,0.7185,0.9990
S1-278198213,S3-488526552,India,S3,1,1.0000,1.0000
S1-278198213,S2-302230487,India,S2,2,1.0000,0.9991
S1-278200284,S2-430080487,India,S2,1,0.8667,0.9996
S1-278204464,S3-700648164,US,S3,1,1.0000,1.0000
S1-278204464,S3-612855222,US,S3,2,1.0000,1.0000
S1-278204464,S2-335587304,US,S2,3,0.8195,0.9990
S1-278275352,S2-966046772,US,S2,1,1.0000,0.9998
S1-278275352,S2-717912801,US,S2,2,1.0000,0.9997
S1-278275352,S2-938569559,US,S2,3,0.8157,0.9963
S1-278275352,S2-883213874,US,S2,4,0.7667,0.9948
S1-278275352,S3-573871569,US,S3,26,0.5357,0.7105
S1-278323770,S3-411638495,US,S3,1,0.8667,0.8549
S1-278323770,S2-836442298,US,S2,11,0.7667,0.3187
S1-278323770,S3-298471145,US,S3,15,0.7163,0.9919
S1-278323770,S2-389090506,US,S2,17,0.6798,0.9958
S1-278364287,S3-511566091,India,S3,3,0.8037,0.9960
S1-278364287,S3-132738272,India,S3,4,0.8037,0.9960
S1-278364287,S2-542814870,India,S2,5,0.8037,0.9993
S1-278364287,S2-336118553,India,S2,6,0.8037,0.9993
S1-278364287,S3-270975703,India,S3,769,0.7111,0.9913
S1-278413148,S3-111038492,US,S3,1,0.9000,0.9976
S1-278413148,S2-966415266,US,S2,2,0.9000,0.9999
S1-278413148,S3-208680738,US,S3,3,0.7667,0.6953
S1-278522856,S2-60441261,US,S2,1,1.0000,1.0000
S1-278522856,S3-768174310,US,S3,2,0.7667,0.9970
S1-278522856,S2-993929845,US,S2,6,0.7667,0.9996
S1-278585202,S2-135399834,India,S2,1,1.0000,0.9948
S1-278585202,S3-486770401,India,S3,5,0.8083,0.9839
S1-278610688,S2-81958297,India,S2,1,1.0000,0.9998
S1-278610688,S2-373207040,India,S2,2,1.0000,0.9990
S1-278758925,S3-256350045,India,S3,1,1.0000,0.9974
S1-278758925,S2-802322233,India,S2,2,1.0000,0.9997
S1-278758925,S2-140198517,India,S2,3,1.0000,0.9748
S1-278848523,S3-480631641,India,S3,1,1.0000,1.0000
S1-278848523,S3-378225993,India,S3,2,0.9333,0.9992
S1-278907374,S2-433661077,US,S2,1,0.7692,0.9993
S1-278907374,S3-811095155,US,S3,2,0.7667,0.3210
S1-278907374,S3-522295357,US,S3,5,0.7048,0.9996
S1-278907374,S2-552932343,US,S2,6,0.6970,0.9301
S1-278934517,S3-798554639,India,S3,1,1.0000,0.9967
S1-278934517,S2-729917423,India,S2,2,0.9000,0.9748
S1-278934517,S2-44791685,India,S2,3,0.9000,0.7023
S1-278981947,S2-679009650,US,S2,1,0.8600,0.9971
S1-279054449,S3-224400273,US,S3,1,1.0000,0.9994
S1-279054449,S2-818706374,US,S2,16,0.7667,0.9203
S1-279092607,S3-39998573,US,S3,4,0.7667,0.4204
S1-279092607,S2-706414455,US,S2,10,0.7527,0.9986
S1-279092607,S3-241509502,US,S3,11,0.7250,0.9983
S1-279155833,S2-457357819,US,S2,1,1.0000,0.9997
S1-279155833,S3-87117391,US,S3,2,0.7238,0.9967
S1-279155833,S2-624648321,US,S2,3,0.7076,0.9941
S1-279291710,S2-97230030,US,S2,1,1.0000,1.0000
S1-279291710,S2-202674629,US,S2,2,1.0000,0.9998
S1-279291710,S2-596116826,US,S2,3,0.7863,0.9994
S1-279291710,S3-621524256,US,S3,6,0.7667,0.9980
S1-279291710,S2-208919717,US,S2,10,0.6667,0.9998
S1-279327643,S3-964981800,India,S3,1,0.8667,0.7536
S1-279327643,S2-44565445,India,S2,2,0.8667,0.9999
S1-27933966,S3-8659263,US,S3,1,0.7762,0.9976
S1-27933966,S3-169598695,US,S3,2,0.7667,0.6826
S1-27933966,S2-666035211,US,S2,3,0.7667,0.9246
S1-27933966,S3-395196716,US,S3,4,0.6624,0.9999
S1-279353729,S3-27947045,US,S3,1,0.8667,0.9686
S1-279353729,S3-373855630,US,S3,2,0.7899,0.9868
S1-27963807,S3-49781569,US,S3,1,0.8877,0.9999
S1-27963807,S2-605706949,US,S2,2,0.8273,0.9987
S1-27963807,S2-606711176,US,S2,3,0.7513,0.9995
S1-27963807,S2-863942037,US,S2,4,0.7351,0.9989
S1-27963807,S3-295129884,US,S3,5,0.7256,0.9986
S1-279733519,S3-487911112,US,S3,1,1.0000,1.0000
S1-279733519,S3-101301665,US,S3,2,1.0000,0.9990
S1-279736640,S3-780780124,India,S3,1,1.0000,0.9979
S1-279802653,S3-266357207,India,S3,1,1.0000,0.9985
S1-279802653,S2-511630963,India,S2,2,0.9000,0.9093
S1-279802653,S2-542855944,India,S2,3,0.7667,0.6200
S1-279865552,S2-51178390,India,S2,1,1.0000,0.9987
S1-279865552,S3-451035793,India,S3,2,0.7970,0.9990
S1-279865552,S2-463834706,India,S2,4,0.6795,0.9987
S1-279967059,S2-516399894,India,S2,1,1.0000,0.9998
S1-279967059,S3-509798718,India,S3,2,0.8800,0.9703
S1-280118480,S3-996527323,US,S3,1,1.0000,1.0000
S1-280118480,S3-893749861,US,S3,2,1.0000,0.9999
S1-280118480,S2-884422137,US,S2,3,1.0000,0.9995
S1-280118480,S3-404207888,US,S3,4,0.8204,0.9986
S1-280202091,S3-805165493,US,S3,1,1.0000,1.0000
S1-280202091,S3-467614063,US,S3,2,1.0000,1.0000
S1-280202091,S2-596844054,US,S2,3,1.0000,0.9998
S1-280293758,S3-948528962,US,S3,1,1.0000,0.9991
S1-280304353,S3-480742233,US,S3,1,1.0000,0.9999
S1-280304353,S2-76987183,US,S2,3,1.0000,0.9994
S1-280304353,S2-217379736,US,S2,4,1.0000,0.9990
S1-280304353,S3-795831805,US,S3,108,0.7667,0.9269
S1-28035808,S3-928862634,India,S3,1,1.0000,0.9995
S1-28035808,S2-607241753,India,S2,2,0.8490,0.9999
S1-28035808,S3-836883110,India,S3,3,0.7667,0.9134
S1-28035808,S2-301768550,India,S2,4,0.7196,0.9990
S1-280418222,S3-764755472,US,S3,1,1.0000,0.9999
S1-280418222,S3-137793447,US,S3,7,0.7667,0.9990
S1-280506521,S3-904852025,US,S3,1,1.0000,0.9997
S1-280506521,S3-615275685,US,S3,2,1.0000,0.9997
S1-280506521,S2-829973368,US,S2,10,0.7658,0.9997
S1-28060246,S3-908151652,US,S3,1,1.0000,1.0000
S1-28060246,S3-261309166,US,S3,2,1.0000,0.9998
S1-28060246,S3-492535549,US,S3,3,0.7812,0.9999
S1-28060246,S3-974228086,US,S3,5,0.7667,0.8384
S1-28060246,S2-963121360,US,S2,103,0.7667,0.4146
S1-28060246,S2-150219681,US,S2,195,0.6933,0.9997
S1-280620422,S2-503572894,US,S2,1,0.7692,0.9994
S1-280681619,S3-962045330,India,S3,1,1.0000,1.0000
S1-28074384,S2-998441295,India,S2,1,1.0000,0.9998
S1-28074384,S3-671319699,India,S3,2,0.9500,1.0000
S1-28074384,S2-597543163,India,S2,3,0.8658,0.9990
S1-280748977,S3-837874866,US,S3,1,1.0000,0.9997
S1-280748977,S2-961236517,US,S2,2,1.0000,1.0000
S1-280748977,S2-89089247,US,S2,3,1.0000,1.0000
S1-280748977,S3-432279692,US,S3,73,0.7667,0.5719
S1-280748977,S3-165459792,US,S3,113,0.7667,0.3286
S1-280771094,S3-74736834,US,S3,1,1.0000,0.9994
S1-280771094,S2-316874214,US,S2,2,0.9000,0.9999
S1-280771094,S2-225778861,US,S2,3,0.8667,0.6636
S1-280771094,S2-666025179,US,S2,121,0.6667,0.9982
S1-280804040,S3-961858566,US,S3,1,0.9000,0.9999
S1-280804040,S3-824499140,US,S3,2,0.9000,0.9999
S1-280804040,S3-392913057,US,S3,3,0.9000,0.9975
S1-280804040,S2-186917208,US,S2,7,0.9000,1.0000
S1-280809988,S2-34387817,US,S2,1,0.9000,1.0000
S1-280871835,S2-663534497,India,S2,1,1.0000,0.9995
S1-280871835,S2-62264487,India,S2,2,1.0000,0.9995
S1-280881251,S2-427844600,US,S2,1,0.9090,0.9998
S1-280881251,S3-90888050,US,S3,3,0.8054,0.9988
S1-280952748,S3-255644146,US,S3,1,0.8449,0.9998
S1-280952748,S3-255912582,US,S3,2,0.7667,0.8714
S1-280975631,S2-871981758,India,S2,1,1.0000,0.9997
S1-280975631,S2-478417996,India,S2,2,1.0000,1.0000
S1-280975631,S2-217317376,India,S2,3,0.8500,0.9996
S1-280975631,S2-168568228,India,S2,4,0.7576,0.9989
S1-280975631,S3-47428681,India,S3,5,0.6863,0.9965
S1-281043216,S2-303484664,US,S2,1,1.0000,0.9998
S1-281043216,S2-965673607,US,S2,2,0.8760,0.9998
S1-281043216,S2-735773459,US,S2,3,0.8131,0.9988
S1-281043216,S3-457264261,US,S3,5,0.7667,0.9973
S1-281059558,S2-785058426,India,S2,1,1.0000,0.9995
S1-281059558,S3-632527809,India,S3,2,0.7333,0.9930
S1-281117115,S3-69513875,US,S3,1,0.9333,0.9980
S1-281117115,S3-779520054,US,S3,8,0.8532,0.9975
S1-281117115,S3-436599318,US,S3,13,0.7950,0.9997
S1-281117115,S3-28068021,US,S3,1077,0.7667,0.4717
S1-281117115,S2-783106160,US,S2,2736,0.6991,0.9988
S1-281133367,S2-991527929,US,S2,1,1.0000,0.9998
S1-281133367,S2-492195442,US,S2,2,1.0000,1.0000
S1-281133367,S3-776011691,US,S3,4,0.8018,0.9952
S1-281133367,S3-777674889,US,S3,5,0.7882,1.0000
S1-281133367,S2-698879776,US,S2,6,0.7362,0.9853
S1-281282546,S2-270092720,US,S2,1,0.8910,0.9999
S1-281488188,S3-998336052,India,S3,1,1.0000,0.9991
S1-281488188,S3-138072593,India,S3,2,1.0000,0.9995
S1-281488188,S2-192878776,India,S2,3,1.0000,0.9975
S1-281488188,S2-398094028,India,S2,4,0.7667,0.9990
S1-281488188,S3-45480733,India,S3,9,0.7569,0.9986
S1-28149325,S3-748600451,India,S3,1,1.0000,1.0000
S1-28149325,S3-565233757,India,S3,2,1.0000,0.9996
S1-28149325,S3-159794034,India,S3,3,1.0000,1.0000
S1-28149325,S2-846684442,India,S2,4,1.0000,0.9980
S1-28165953,S3-381050438,US,S3,121,0.7111,1.0000
S1-28165953,S3-445732389,US,S3,122,0.6364,0.9965
S1-28165953,S2-219564229,US,S2,130,0.4182,0.9829
S1-281668836,S2-823781095,India,S2,2,0.9000,0.9998
S1-281668836,S3-572525278,India,S3,53,0.6833,0.9997
S1-281668836,S3-696168270,India,S3,313,0.5000,0.9879
S1-281680663,S3-935855988,India,S3,2,0.7667,0.8244
S1-281697208,S2-825063673,US,S2,1,1.0000,1.0000
S1-281697208,S2-260265868,US,S2,2,1.0000,0.9995
S1-281697208,S3-53061601,US,S3,4,0.6667,0.9972
S1-281697208,S3-994121963,US,S3,5,0.6000,0.9854
S1-281698891,S3-435222221,India,S3,1,1.0000,1.0000
S1-281698891,S3-397706057,India,S3,2,1.0000,0.9999
S1-281698891,S2-73397561,India,S2,3,1.0000,1.0000
S1-281782448,S3-603789411,US,S3,1,1.0000,0.9999
S1-281782448,S3-169622456,US,S3,2,1.0000,1.0000
S1-281782448,S3-167434772,US,S3,3,1.0000,0.9998
S1-281782448,S2-717584421,US,S2,4,1.0000,0.9997
S1-28180248,S3-578000910,India,S3,1,1.0000,0.9999
S1-28180248,S2-672589435,India,S2,6,0.6437,0.9991
S1-281918391,S3-676938655,US,S3,1,1.0000,0.9995
S1-281918391,S2-272359408,US,S2,2,1.0000,1.0000
S1-281918391,S2-402900950,US,S2,3,0.8436,0.9989
S1-281919093,S2-688031515,US,S2,1,1.0000,1.0000
S1-281919093,S2-574077751,US,S2,2,0.8236,0.9975
S1-282016062,S3-406202203,US,S3,1,0.7667,1.0000
S1-282016062,S3-637987959,US,S3,2,0.6667,0.9712
S1-282016062,S2-868956798,US,S2,3,0.6667,0.9996
S1-282016062,S2-312611785,US,S2,4,0.6667,0.9905
S1-282101845,S3-75095959,India,S3,24,0.8667,0.6653
S1-282168769,S2-803331245,US,S2,1,1.0000,0.9997
S1-282168769,S3-132968748,US,S3,2,0.8681,0.9996
S1-282168769,S3-781586568,US,S3,3,0.7619,0.9597
S1-282168769,S3-214802433,US,S3,6,0.4955,0.9273
S1-282239648,S3-732603418,US,S3,1,0.8619,0.9998
S1-282239648,S3-601089343,US,S3,2,0.8619,0.9996
S1-282239648,S2-577360238,US,S2,3,0.8163,0.9995
S1-282450914,S3-140580098,US,S3,1,1.0000,0.9995
S1-282450914,S2-663177061,US,S2,2,0.8697,0.9997
S1-282531640,S3-980160342,US,S3,1,1.0000,1.0000
S1-282531640,S3-681551974,US,S3,2,1.0000,0.9997
S1-282531640,S3-215048237,US,S3,3,1.0000,0.9996
S1-282531640,S2-609545378,US,S2,4,1.0000,1.0000
S1-282531640,S2-600161931,US,S2,5,1.0000,1.0000
S1-282531640,S3-239114653,US,S3,6,0.7667,0.9995
S1-282531640,S2-696211607,US,S2,7,0.7458,0.9141
S1-282596272,S3-30507481,US,S3,1,1.0000,0.9997
S1-282596272,S2-395569596,US,S2,2,1.0000,0.9997
S1-282596272,S2-99765464,US,S2,3,0.8451,0.9976
S1-282596272,S3-997645285,US,S3,5,0.7000,0.9987
S1-282639127,S2-567408011,India,S2,1,1.0000,0.9996
S1-282639127,S3-859779618,India,S3,1099,0.6390,0.8930
S1-282639127,S3-177392205,India,S3,1117,0.5033,0.7931
S1-282639127,S3-584009826,India,S3,1118,0.4962,0.6862
S1-282640781,S2-280029211,India,S2,1,1.0000,1.0000
S1-2826451,S3-949877121,India,S3,1,1.0000,0.9992
S1-2826451,S3-833578057,India,S3,2,1.0000,0.9999
S1-2826451,S2-983280957,India,S2,3,1.0000,0.9997
S1-2826451,S2-848569698,India,S2,4,1.0000,0.9997
S1-2826451,S2-582913261,India,S2,5,1.0000,0.9973
S1-2826451,S3-401813210,India,S3,49,0.5905,0.9941
S1-2826451,S3-847655297,India,S3,56,0.5686,0.9978
S1-282688499,S2-606745611,US,S2,1,1.0000,0.9997
S1-282688499,S3-332765891,US,S3,2,0.8733,0.9994
S1-282688499,S2-12353065,US,S2,3,0.8179,0.9996
S1-282688499,S3-690939948,US,S3,4,0.7853,0.9977
S1-282688499,S3-975631394,US,S3,5,0.7667,0.7807
S1-282688499,S3-223619411,US,S3,7,0.7667,0.5541
S1-282709488,S3-302808676,India,S3,1,0.9000,0.9988
S1-282709488,S3-436251585,India,S3,18,0.6863,0.9961
S1-282753922,S3-442167941,US,S3,1,1.0000,1.0000
S1-282753922,S3-523200401,US,S3,2,0.9140,0.9998
S1-282753922,S2-132980750,US,S2,9,0.7667,0.9970
S1-282753922,S3-552358306,US,S3,10,0.7496,0.9928
S1-282776770,S2-121454645,US,S2,1,0.7667,0.9986
S1-282776770,S3-25750897,US,S3,2,0.7333,0.9842
S1-28285401,S3-923921773,US,S3,1,1.0000,1.0000
S1-28285401,S3-719270669,US,S3,2,1.0000,1.0000
S1-28285401,S2-866217739,US,S2,3,1.0000,1.0000
S1-28285401,S3-578890259,US,S3,4,0.8658,0.9993
S1-282868451,S3-287477335,India,S3,6,0.7111,0.9980
S1-282895003,S3-321641579,US,S3,1,0.6667,0.9978
S1-282919402,S3-150235352,India,S3,1,0.8667,0.5911
S1-282919402,S2-595532135,India,S2,2,0.8667,0.4927
S1-28295028,S3-667662345,India,S3,1,0.7667,0.9436
S1-28295028,S2-505649110,India,S2,6,0.7583,0.9987
S1-283018603,S3-89635689,India,S3,1,0.8667,0.9981
S1-283018603,S2-876352013,India,S2,2,0.8667,0.9753
S1-283018603,S2-796174421,India,S2,3,0.8667,0.9997
S1-283035722,S2-663054956,US,S2,1,1.0000,0.9998
S1-283035722,S2-646016894,US,S2,2,0.8912,0.9974
S1-283035904,S3-917318395,India,S3,1,1.0000,0.9976
S1-283035904,S2-694244405,India,S2,2,1.0000,0.9996
S1-283035904,S2-39698837,India,S2,3,1.0000,0.9975
S1-283035904,S2-328401594,India,S2,4,1.0000,0.9996
S1-283035904,S2-119055392,India,S2,5,1.0000,1.0000
S1-283040517,S3-924754749,India,S3,1,1.0000,0.9999
S1-283138346,S3-312483335,US,S3,1,0.9000,0.9998
S1-283138346,S2-759594467,US,S2,2,0.7667,0.9939
S1-283138346,S2-362777154,US,S2,3,0.7667,0.9972
S1-283138346,S2-324911926,US,S2,4,0.7667,0.5673
S1-283140681,S2-527315966,US,S2,1,0.9000,1.0000
S1-283140681,S3-925888468,US,S3,2,0.8849,0.9992
S1-283140681,S3-346022716,US,S3,3,0.7784,0.9997
S1-283140681,S3-676345504,US,S3,4,0.7036,0.9978
S1-283140681,S3-878268634,US,S3,5,0.6729,0.9975
S1-283183639,S3-426553418,US,S3,1,0.8559,0.9980
S1-283183639,S3-742445377,US,S3,2,0.7525,0.9972
S1-283183639,S3-413467200,US,S3,4,0.7083,0.9945
S1-283306381,S3-951378289,US,S3,1,1.0000,0.9996
S1-283306381,S3-342088577,US,S3,2,1.0000,0.9997
S1-283306381,S2-885789957,US,S2,3,0.9000,0.9999
S1-283306381,S2-365713012,US,S2,5,0.8667,0.6869
S1-283306381,S2-635517181,US,S2,6,0.8172,0.9958
S1-283338909,S3-132857981,US,S3,1,1.0000,1.0000
S1-283338909,S2-379396046,US,S2,2,0.7762,0.9929
S1-283338909,S2-325438735,US,S2,3,0.7667,0.9900
S1-283338909,S2-150045637,US,S2,4,0.7667,0.8122
S1-283338909,S2-610942717,US,S2,5,0.6099,0.9974
S1-283349796,S3-261321801,US,S3,1,1.0000,1.0000
S1-283349796,S2-593894447,US,S2,2,0.9000,1.0000
S1-283349796,S3-59801207,US,S3,3,0.6458,0.9967
S1-283419788,S3-200891665,US,S3,1,1.0000,1.0000
S1-283429949,S3-622846981,India,S3,1,0.8667,0.4200
S1-283429949,S3-200980092,India,S3,2,0.8667,0.7851
S1-283497255,S3-939124550,US,S3,1,1.0000,1.0000
S1-283497255,S2-888331741,US,S2,2,1.0000,1.0000
S1-283497255,S2-245949364,US,S2,3,0.8784,0.9995
S1-283497255,S3-999170581,US,S3,7,0.6902,0.9985
S1-283499921,S3-405686451,India,S3,1,1.0000,0.9996
S1-283499921,S3-31999517,India,S3,5,0.7667,0.9997
S1-283499921,S3-557968172,India,S3,72,0.7658,0.9999
S1-283528092,S3-363037410,India,S3,69,0.6942,0.9990
S1-283572860,S2-372901097,US,S2,1,0.7667,0.9987
S1-283572860,S3-693302180,US,S3,2,0.7222,0.9846
S1-283612103,S3-166675212,India,S3,1,1.0000,0.9990
S1-283612103,S2-165495904,India,S2,2,1.0000,1.0000
S1-283612103,S3-734404921,India,S3,3,0.7589,0.9999
S1-283612103,S3-484785900,India,S3,4,0.7061,0.9977
S1-283625526,S3-724348896,US,S3,1,0.8222,0.9986
S1-283625526,S3-395900431,US,S3,2,0.8222,0.9986
S1-283625526,S2-256239394,US,S2,3,0.8222,0.9991
S1-283625526,S3-298196783,US,S3,4,0.7985,0.9996
S1-283636042,S3-555615759,India,S3,1,1.0000,1.0000
S1-283636042,S3-505224465,India,S3,2,1.0000,1.0000
S1-283636042,S2-897366908,India,S2,3,1.0000,1.0000
S1-283636042,S2-125509857,India,S2,4,1.0000,0.9985
S1-283636042,S2-786107223,India,S2,76,0.7333,0.9966
S1-283636042,S2-585230905,India,S2,78,0.6795,0.9983
S1-283730835,S3-787186880,US,S3,1,1.0000,1.0000
S1-283730835,S2-100784938,US,S2,2,1.0000,1.0000
S1-283730835,S2-748428783,US,S2,3,0.9042,0.9994
S1-283730835,S3-183436479,US,S3,4,0.8673,0.9999
S1-283730835,S3-533114216,US,S3,5,0.8381,0.9995
S1-283730835,S2-296270847,US,S2,6,0.8381,0.9996
S1-283746204,S3-736885599,US,S3,1,0.8667,0.8326
S1-283746204,S2-742657801,US,S2,2,0.7667,0.4018
S1-283746204,S3-23081717,US,S3,3,0.7348,0.9090
S1-283748971,S3-875752771,India,S3,1,1.0000,0.9999
S1-283748971,S2-820752426,India,S2,2,1.0000,0.7342
S1-283748971,S3-309582633,India,S3,3,0.9000,0.9493
S1-283767449,S3-191013908,US,S3,1,1.0000,1.0000
S1-283767449,S2-294599494,US,S2,2,0.8527,0.9996
S1-283767449,S3-569209838,US,S3,3,0.8333,0.9990
S1-283767449,S3-182823416,US,S3,4,0.7061,0.9996
S1-283814665,S3-498480830,US,S3,1,0.9333,0.9999
S1-283814665,S3-228315066,US,S3,2,0.9333,0.9999
S1-283814665,S2-492411455,US,S2,3,0.9000,1.0000
S1-283814665,S2-460975466,US,S2,4,0.9000,0.9984
S1-283852800,S3-427394254,India,S3,69,0.8667,0.6962
S1-283852800,S2-910618068,India,S2,127,0.8667,0.9994
S1-284120947,S2-256318477,US,S2,1,1.0000,1.0000
S1-284120947,S3-626688105,US,S3,2,0.7667,0.4186
S1-284203354,S2-742546374,US,S2,1,0.7667,0.9935
S1-284203354,S3-655563610,US,S3,811,0.6417,1.0000
S1-284239265,S3-385637236,US,S3,1,0.8991,0.9999
S1-284239265,S3-139044580,US,S3,2,0.8991,0.9998
S1-284295769,S3-72565667,India,S3,1,1.0000,1.0000
S1-284295769,S2-587895560,India,S2,2,1.0000,0.9993
S1-284295769,S3-715176823,India,S3,3,0.7667,0.9988
S1-284295769,S2-217026361,India,S2,163,0.7667,0.9203
S1-284477779,S2-250929856,US,S2,1,1.0000,1.0000
S1-284477779,S3-702608161,US,S3,4,0.7667,0.2668
S1-284477779,S2-75865952,US,S2,6,0.7667,0.5736
S1-284478600,S3-904601507,India,S3,1,0.9000,0.9021
S1-284478600,S3-762863913,India,S3,2,0.9000,0.9757
S1-28451434,S3-360926511,India,S3,3,0.7275,0.9888
S1-28451434,S3-66786592,India,S3,4,0.7190,0.9994
S1-284549472,S2-206258670,US,S2,1,1.0000,0.9998
S1-284549472,S3-614200495,US,S3,2,0.7667,0.0889
S1-284549472,S2-520585792,US,S2,3,0.7156,0.9976
S1-284551870,S3-340061937,US,S3,1,0.7833,0.9942
S1-284551870,S2-882894032,US,S2,2,0.7667,0.9904
S1-28459365,S3-338577599,India,S3,1,1.0000,1.0000
S1-28459365,S2-890864257,India,S2,2,0.9333,0.9798
S1-28459365,S2-520058643,India,S2,3,0.9333,0.9999
S1-284626794,S3-791926440,US,S3,1,1.0000,1.0000
S1-284626794,S3-480348910,US,S3,2,0.8143,0.9987
S1-284626794,S2-872263078,US,S2,3,0.7667,0.4026
S1-284626794,S2-788440296,US,S2,4,0.7667,0.2906
S1-284626794,S3-127606946,US,S3,6,0.6762,0.9638
S1-284701071,S3-949725705,US,S3,1,1.0000,0.9996
S1-284701071,S2-972412490,US,S2,2,1.0000,1.0000
S1-284701071,S2-571764650,US,S2,3,1.0000,1.0000
S1-284701071,S2-205099352,US,S2,4,1.0000,1.0000
S1-284701071,S3-361864720,US,S3,5,0.8204,0.9999
S1-284701071,S3-990453646,US,S3,6,0.8143,0.9972
S1-284701071,S2-579175254,US,S2,19,0.7496,0.9995
S1-284842421,S3-729143981,US,S3,1,1.0000,0.9995
S1-284842421,S3-493987040,US,S3,2,1.0000,0.9998
S1-284842421,S2-437208493,US,S2,6,0.7667,0.4140
S1-284842421,S3-104768653,US,S3,8,0.7594,0.9999
S1-284842421,S3-162251213,US,S3,9,0.6458,0.9960
S1-284865332,S2-775959299,India,S2,1,1.0000,0.9995
S1-284865332,S3-189324840,India,S3,2,0.9000,1.0000
S1-284865332,S2-299979622,India,S2,4,0.7157,0.9789
S1-284866751,S3-4493623,India,S3,1,1.0000,1.0000
S1-284866751,S2-795648345,India,S2,2,1.0000,0.9956
S1-284866751,S2-569393203,India,S2,3,1.0000,0.9997
S1-285000506,S3-949274269,US,S3,1,1.0000,0.9966
S1-285000506,S3-926678056,US,S3,2,1.0000,1.0000
S1-285000506,S3-830580982,US,S3,3,1.0000,0.9999
S1-285000506,S2-346651136,US,S2,4,1.0000,1.0000
S1-285011247,S2-767966389,India,S2,1,1.0000,0.9959
S1-285011247,S2-157936143,India,S2,2,1.0000,0.9988
S1-285011247,S3-142988134,India,S3,3,0.9000,0.9955
S1-285011247,S2-757817214,India,S2,26,0.7111,0.9999
S1-285028501,S3-564128060,US,S3,1,0.7667,0.9985
S1-285028501,S2-605761208,US,S2,5,0.7667,0.2475
S1-285061227,S3-449478453,US,S3,1,1.0000,0.9995
S1-285061227,S2-7563595,US,S2,2,1.0000,1.0000
S1-285061227,S3-161539441,US,S3,5,0.7667,0.7760
S1-285120491,S2-25198822,US,S2,1,0.8432,0.9993
S1-285120491,S2-529772361,US,S2,2,0.8090,0.9962
S1-285120491,S3-50214344,US,S3,3,0.7667,0.9974
S1-285224162,S2-887689362,US,S2,1,1.0000,0.9994
S1-285224162,S2-73601954,US,S2,2,0.7822,0.9982
S1-285224162,S2-120281969,US,S2,3,0.7795,0.9955
S1-285224162,S3-276385386,US,S3,4,0.7667,0.3874
S1-285253051,S3-104175112,US,S3,1,1.0000,0.9999
S1-285253051,S3-200308329,US,S3,2,0.8043,0.9998
S1-285253051,S2-914477168,US,S2,15,0.7667,0.5744
S1-285253051,S2-588620075,US,S2,17,0.7667,0.9950
S1-285253051,S2-514400011,US,S2,18,0.7667,0.9981
S1-285262987,S3-823044750,US,S3,1,1.0000,0.9996
S1-285262987,S3-437641214,US,S3,2,1.0000,0.9997
S1-285262987,S2-881442085,US,S2,3,1.0000,0.9996
S1-285262987,S3-977205728,US,S3,21,0.7599,0.9999
S1-285262987,S3-488330065,US,S3,22,0.7133,0.9849
S1-285307574,S3-549491515,US,S3,1,1.0000,1.0000
S1-285307574,S2-575533361,US,S2,2,1.0000,1.0000
S1-285307574,S3-331369046,US,S3,3,0.8111,0.9985
S1-285307574,S2-932088649,US,S2,4,0.7667,0.8094
S1-285314694,S2-849079020,US,S2,1,1.0000,0.9992
S1-285314694,S3-405362158,US,S3,2,0.8048,0.9972
S1-285314694,S3-756656019,US,S3,4,0.7083,0.9964
S1-285567648,S3-700803566,US,S3,1,1.0000,1.0000
S1-285652707,S3-390108506,US,S3,280,0.7667,0.5182
S1-28566773,S3-682727262,US,S3,1,1.0000,1.0000
S1-28566773,S2-907258342,US,S2,2,1.0000,0.9998
S1-28566773,S2-76321317,US,S2,3,0.8111,0.9998
S1-28566773,S2-96836331,US,S2,5,0.7667,0.5748
S1-285713581,S3-642117046,US,S3,1,0.7667,0.7014
S1-285794850,S3-929094140,India,S3,1,0.8667,0.7497
S1-285794850,S2-944353717,India,S2,3,0.7667,0.9981
S1-285794850,S2-415883963,India,S2,4,0.7667,0.6021
S1-285934025,S3-638695224,US,S3,1,1.0000,1.0000
S1-285934025,S2-915838896,US,S2,2,1.0000,1.0000
S1-285934025,S2-336588342,US,S2,3,0.8480,0.9993
S1-285934025,S2-131202847,US,S2,5,0.7667,0.3022
S1-285934025,S2-965534262,US,S2,6,0.7476,0.9991
S1-286053341,S3-998736480,US,S3,1,1.0000,1.0000
S1-286053341,S3-843092564,US,S3,2,1.0000,1.0000
S1-286053341,S2-124724792,US,S2,3,0.8519,0.9993
S1-286054011,S2-534336317,India,S2,1,1.0000,1.0000
S1-286054011,S3-358660480,India,S3,12,0.5733,0.9964
S1-286054011,S2-984939825,India,S2,17,0.5185,0.9984
S1-286082994,S2-402841582,US,S2,1,1.0000,0.9998
S1-286082994,S3-317818108,US,S3,5,0.8117,0.9999
S1-286082994,S2-427270982,US,S2,6,0.7812,0.9998
S1-286082994,S3-929483662,US,S3,7,0.7667,0.7603
S1-286085319,S3-965247796,US,S3,1,0.8667,0.9995
S1-286085319,S2-739322938,US,S2,2,0.8451,0.9998
S1-286085319,S3-323408403,US,S3,3,0.7667,0.9989
S1-286085319,S2-571412320,US,S2,4,0.7667,0.9997
S1-286085319,S3-126723626,US,S3,173,0.6333,0.9999
S1-286120360,S3-596778902,US,S3,1,0.8917,0.9996
S1-286120360,S3-5814549,US,S3,4,0.7658,0.9939
S1-286130506,S2-514855255,US,S2,1,1.0000,1.0000
S1-286130506,S2-281881948,US,S2,4,0.6863,0.9936
S1-286130506,S2-528074079,US,S2,5,0.6476,0.9498
S1-286309179,S2-790496640,US,S2,1,1.0000,0.9998
S1-286309948,S3-194284979,US,S3,1,1.0000,0.9995
S1-286309948,S2-679642424,US,S2,2,1.0000,0.9998
S1-286309948,S2-109390265,US,S2,5,0.5887,0.2985
S1-286315359,S2-520132489,US,S2,1,0.8500,0.5437
S1-286315359,S2-290098815,US,S2,2,0.8500,0.9986
S1-286374474,S3-382627978,India,S3,11,0.7667,0.9953
S1-286374474,S2-922107414,India,S2,19,0.7667,0.4020
S1-286374474,S3-30475129,India,S3,65,0.6333,0.9997
S1-286420882,S3-13247101,India,S3,165,0.7000,0.7693
S1-286437079,S2-902024775,India,S2,1,0.7667,0.4953
S1-286437079,S2-859378169,India,S2,2,0.7667,0.4109
S1-286466662,S3-495956858,US,S3,1,1.0000,0.9997
S1-286466662,S2-987272294,US,S2,2,0.9000,0.9972
S1-286466662,S3-593871239,US,S3,3,0.7667,0.9962
S1-286466662,S3-89012832,US,S3,4,0.6016,0.9933
S1-28657851,S2-928398646,US,S2,1,1.0000,1.0000
S1-28657851,S2-794393158,US,S2,2,0.7784,0.9998
S1-28657851,S3-685378474,US,S3,10,0.7195,0.9956
S1-28658090,S3-246318096,India,S3,2,0.7667,0.9985
S1-28658090,S2-147770241,India,S2,3,0.7667,0.9992
S1-28658090,S3-827683999,India,S3,4,0.7667,0.8255
S1-2866985,S3-101951020,India,S3,116,0.7863,0.9993
S1-2866985,S2-195191743,India,S2,1048,0.6942,0.9910
S1-286743024,S2-962336352,India,S2,1,1.0000,0.9971
S1-286743024,S2-588959216,India,S2,2,1.0000,0.9986
S1-286743024,S3-834979232,India,S3,3,0.9333,0.9999
S1-286743024,S3-240005250,India,S3,4,0.7741,0.9981
S1-286743976,S3-813594467,US,S3,1,0.8500,0.9995
S1-286743976,S3-708594727,US,S3,2,0.8085,0.9991
S1-286743976,S2-18704079,US,S2,12,0.6853,0.9980
S1-286833688,S3-776802909,India,S3,1,0.8667,0.7718
S1-286916504,S3-46716015,India,S3,1,1.0000,0.9984
S1-286916504,S2-539960045,India,S2,5,0.6771,0.9849
S1-286977107,S3-583152324,India,S3,16,0.7467,0.9972
S1-286977107,S3-28218342,India,S3,17,0.6846,0.9907
S1-286977107,S3-182166249,India,S3,18,0.6774,0.9769
S1-287074725,S2-47269959,US,S2,1,0.7667,0.3924
S1-287084474,S2-10575456,US,S2,4,0.6970,0.9823
S1-287084474,S3-420746641,US,S3,5,0.6863,0.9836
S1-287107664,S3-783537285,India,S3,1,1.0000,0.9937
S1-287107664,S2-831863877,India,S2,2,0.9200,0.9999
S1-287107664,S2-541225541,India,S2,3,0.9200,0.8911
S1-287107664,S2-211722111,India,S2,5,0.9200,0.9999
S1-287107664,S2-861261772,India,S2,12,0.6624,0.9605
S1-2871277,S3-485579613,US,S3,1,1.0000,1.0000
S1-287139189,S2-520800659,US,S2,1,0.9333,1.0000
S1-287139189,S2-142638806,US,S2,2,0.9333,1.0000
S1-287139189,S3-599354812,US,S3,4,0.6133,0.9975
S1-287146306,S3-277098147,US,S3,1,1.0000,0.9999
S1-287146306,S2-827725837,US,S2,2,1.0000,1.0000
S1-287153387,S3-920299460,India,S3,1,1.0000,1.0000
S1-287153387,S3-290065252,India,S3,2,1.0000,1.0000
S1-287153387,S2-28903092,India,S2,3,1.0000,0.9985
S1-287153387,S3-567584856,India,S3,4,0.8752,0.9951
S1-287153387,S3-826071256,India,S3,5,0.8681,0.9980
S1-287230658,S3-957747854,US,S3,1,1.0000,0.9995
S1-287230658,S3-350818068,US,S3,1061,0.6830,0.9732
S1-28724542,S2-678559164,US,S2,1,1.0000,1.0000
S1-28724542,S2-596882536,US,S2,2,1.0000,0.9998
S1-287250149,S3-378625189,US,S3,87,0.7667,0.9990
S1-287250149,S2-326724815,US,S2,221,0.7667,0.5182
S1-287250149,S2-793416555,US,S2,254,0.5119,0.9902
S1-287336265,S3-989781472,US,S3,1,1.0000,1.0000
S1-287336265,S3-308491676,US,S3,2,1.0000,0.9990
S1-287336265,S2-734295272,US,S2,3,0.5926,0.9938
S1-287395247,S3-354549784,India,S3,1,1.0000,0.9969
S1-287395247,S2-236519269,India,S2,2,1.0000,0.9999
S1-28740964,S3-221215818,US,S3,1,1.0000,1.0000
S1-28740964,S2-948411407,US,S2,2,1.0000,0.9995
S1-28740964,S2-108428939,US,S2,3,1.0000,1.0000
S1-28740964,S2-406996988,US,S2,4,0.6667,0.9945
S1-287462919,S3-798766878,US,S3,1,1.0000,0.9999
S1-287462919,S3-440467717,US,S3,2,1.0000,1.0000
S1-287462919,S3-14108414,US,S3,3,1.0000,1.0000
S1-287462919,S3-712630960,US,S3,4,0.9078,0.9996
S1-287462919,S2-840801741,US,S2,5,0.7667,0.9989
S1-287462919,S2-693283697,US,S2,6,0.7667,0.5971
S1-287462919,S2-358541636,US,S2,7,0.7667,0.9135
S1-28757932,S3-732530323,India,S3,1,1.0000,0.9964
S1-28757932,S3-549833114,India,S3,2,1.0000,0.9907
S1-287612988,S3-72703641,US,S3,2,0.8667,0.9635
S1-287804602,S3-397971880,US,S3,1,0.7667,0.9985
S1-287804602,S3-954973174,US,S3,2,0.7211,0.9908
S1-287804602,S2-416111569,US,S2,3,0.6878,0.9562
S1-287836069,S3-895983481,US,S3,46,0.7667,0.6585
S1-287836069,S3-803313686,US,S3,106,0.7667,0.9996
S1-287886610,S2-859250022,US,S2,1,1.0000,1.0000
S1-287886610,S2-291286907,US,S2,2,1.0000,1.0000
S1-287886610,S3-497038958,US,S3,3,0.9000,0.9999
S1-287886610,S3-456876278,US,S3,4,0.9000,0.9965
S1-287886610,S3-472689156,US,S3,5,0.7667,0.7308
S1-287929086,S2-639780807,US,S2,1,1.0000,0.9964
S1-287929086,S2-582910907,US,S2,2,1.0000,0.9964
S1-287929086,S2-436088280,US,S2,3,1.0000,0.9994
S1-287943437,S3-179772809,US,S3,1,1.0000,1.0000
S1-287943437,S2-868564215,US,S2,2,0.9000,0.9999
S1-287943437,S2-253636726,US,S2,11,0.4521,0.9677
S1-287956184,S3-147115680,US,S3,1,1.0000,1.0000
S1-287965393,S3-15438948,US,S3,1,0.8952,0.9998
S1-287991110,S2-981579007,US,S2,1,0.7667,0.9966
S1-287991110,S2-387120733,US,S2,2,0.7667,0.9852
S1-288057048,S3-453766258,US,S3,1,1.0000,0.9995
S1-288057048,S2-543307437,US,S2,1262,0.7667,0.7698
S1-288057048,S2-132140421,US,S2,1681,0.7667,0.9668
S1-288070884,S3-136540897,India,S3,1,0.7822,0.9998
S1-288070884,S3-55201587,India,S3,12,0.7667,0.6329
S1-288071309,S3-686269673,US,S3,1,1.0000,1.0000
S1-288071309,S3-395003967,US,S3,2,1.0000,0.9977
S1-288071309,S2-669254600,US,S2,3,0.9000,0.9999
S1-288071309,S2-311002479,US,S2,4,0.9000,1.0000
S1-288071309,S2-647859698,US,S2,5,0.8161,0.9991
S1-288109043,S3-957261878,US,S3,1,0.8111,0.9977
S1-288136787,S3-317073433,India,S3,1,0.8667,0.9995
S1-288210016,S2-925196219,India,S2,1,1.0000,1.0000
S1-288303756,S3-451483091,US,S3,1,1.0000,1.0000
S1-288303756,S3-118317262,US,S3,2,1.0000,0.9996
S1-288303756,S3-756226441,US,S3,3,0.8157,0.9997
S1-288303756,S3-443648776,US,S3,4,0.7833,0.9991
S1-288417932,S3-769488140,India,S3,1,1.0000,1.0000
S1-288417932,S2-556245183,India,S2,2,1.0000,0.9999
S1-288417932,S2-280283466,India,S2,3,0.8544,0.9999
S1-288423342,S2-371701372,US,S2,1,1.0000,1.0000
S1-288482882,S2-288805493,US,S2,1,1.0000,0.9998
S1-288482882,S2-471580133,US,S2,2,0.7222,0.9925
S1-288521489,S3-217637132,India,S3,1,1.0000,0.9954
S1-288521489,S2-370736041,India,S2,2,1.0000,0.9990
S1-288521489,S3-552856526,India,S3,4,0.8037,0.9939
S1-288521489,S2-269527182,India,S2,5,0.7782,0.9972
S1-288521489,S2-884281717,India,S2,10,0.7246,0.9999
S1-288573431,S3-258759054,US,S3,1,0.8384,1.0000
S1-288573431,S2-826898569,US,S2,2,0.8219,0.9969
S1-288573431,S2-875740952,US,S2,4,0.7667,0.9150
S1-288647270,S2-761508225,US,S2,1,1.0000,0.9998
S1-288647270,S3-91396809,US,S3,2,0.7875,0.9999
S1-288665168,S3-794762778,US,S3,1,1.0000,1.0000
S1-288665168,S3-331331015,US,S3,2,1.0000,1.0000
S1-288665168,S3-287439877,US,S3,3,1.0000,0.9998
S1-288665168,S3-315838165,US,S3,4,0.8037,0.9997
S1-288666584,S3-888113612,US,S3,1,1.0000,1.0000
S1-288666584,S3-621105714,US,S3,2,1.0000,1.0000
S1-288666584,S2-518620338,US,S2,3,0.8923,0.9998
S1-288696417,S2-129328524,US,S2,5,1.0000,0.9992
S1-288696417,S3-684332562,US,S3,418,0.7667,0.2242
S1-288733545,S3-470415388,US,S3,1,1.0000,0.9986
S1-288733545,S3-230049242,US,S3,2,1.0000,1.0000
S1-288733545,S2-787213856,US,S2,1367,0.7667,0.9949
S1-288736455,S2-235485395,India,S2,1,0.8083,0.9994
S1-288811338,S3-857535500,US,S3,1,1.0000,1.0000
S1-288811338,S2-277133682,US,S2,2,1.0000,1.0000
S1-288811338,S3-575134344,US,S3,3,0.8652,0.9997
S1-288811338,S3-113837777,US,S3,4,0.8652,0.9997
S1-288811338,S2-117471533,US,S2,95,0.6724,0.9982
S1-288868869,S3-726899191,US,S3,1,0.8236,0.9976
S1-288868869,S3-548294409,US,S3,3,0.7417,0.9989
S1-28888643,S3-922570247,India,S3,1,1.0000,0.9999
S1-28888643,S2-88657193,India,S2,2,1.0000,0.9996
S1-28888643,S2-335161249,India,S2,3,1.0000,0.9985
S1-28888643,S3-314348596,India,S3,4,0.8333,0.9990
S1-28888643,S3-874264860,India,S3,5,0.7312,1.0000
S1-28901594,S3-219210271,India,S3,1,1.0000,1.0000
S1-28901594,S3-572426073,India,S3,14,0.6095,0.9992
S1-289069204,S2-416381340,India,S2,1,1.0000,1.0000
S1-289069204,S2-286361145,India,S2,2,1.0000,0.9996
S1-289069204,S3-814837397,India,S3,3,0.9000,0.7355
S1-289090711,S3-875154905,US,S3,1,1.0000,1.0000
S1-289090711,S3-171711100,US,S3,2,1.0000,1.0000
S1-289090711,S3-442534734,US,S3,112,0.7333,0.9999
S1-289090711,S2-726571182,US,S2,113,0.7333,0.9980
S1-289107676,S2-941825422,US,S2,1,0.9261,0.9998
S1-289107676,S3-436820999,US,S3,2,0.8355,0.9999
S1-289107676,S3-855613171,US,S3,3,0.8233,0.9993
S1-289107676,S3-654320510,US,S3,4,0.7424,0.9990
S1-289108891,S2-682342771,US,S2,1,0.8083,0.9994
S1-289108891,S3-767920726,US,S3,149,0.7037,0.9942
S1-289206017,S2-303077922,US,S2,1,1.0000,1.0000
S1-289215943,S3-512886478,US,S3,1,1.0000,1.0000
S1-289215943,S2-336728594,US,S2,2,1.0000,0.9998
S1-289215943,S2-858517504,US,S2,4,0.7667,0.9388
S1-289215943,S3-952203994,US,S3,5,0.7196,0.9991
S1-289225795,S2-205669337,US,S2,1,0.9000,0.9968
S1-289225795,S3-842356646,US,S3,3,0.8018,1.0000
S1-289225795,S3-324787536,US,S3,4,0.7879,0.8991
S1-289225795,S3-898109466,US,S3,5,0.6778,0.9669
S1-289293785,S3-108723055,US,S3,1,1.0000,1.0000
S1-289293785,S2-384705355,US,S2,2,1.0000,1.0000
S1-289293785,S2-87829062,US,S2,3,0.8143,0.9993
S1-289293785,S2-507533012,US,S2,8,0.7214,0.9978
S1-289414229,S2-794514,India,S2,1,1.0000,1.0000
S1-289414229,S2-521403412,India,S2,2,1.0000,0.9991
S1-289414229,S3-876126995,India,S3,3,0.7667,0.9989
S1-289500679,S2-970932504,US,S2,1,1.0000,0.9996
S1-289500679,S2-402563042,US,S2,2,1.0000,1.0000
S1-289500679,S3-677215608,US,S3,141,0.6061,0.9826
S1-28960874,S3-993724687,India,S3,1,1.0000,0.9989
S1-28960874,S2-562807928,India,S2,2,1.0000,1.0000
S1-28960874,S2-323022752,India,S2,3,1.0000,0.9972
S1-28960874,S3-988790912,India,S3,4,0.8222,0.9978
S1-28960874,S2-979088424,India,S2,108,0.6556,0.9997
S1-28962027,S2-882600439,US,S2,1,1.0000,1.0000
S1-28962027,S2-61530606,US,S2,2,1.0000,1.0000
S1-28962027,S3-389847697,US,S3,3,0.7667,0.9839
S1-28962027,S3-474644334,US,S3,4,0.7150,0.9999
S1-289634400,S3-128695210,US,S3,91,0.7667,0.3824
S1-289634400,S2-797282563,US,S2,110,0.7667,0.9700
S1-289743061,S2-852704982,India,S2,1,1.0000,0.9998
S1-289743061,S2-770421496,India,S2,2,1.0000,1.0000
S1-289743061,S2-53093266,India,S2,3,1.0000,1.0000
S1-289743061,S3-288278884,India,S3,4,0.8807,0.9992
S1-289798799,S3-192594959,India,S3,1,0.5026,0.8063
S1-289892677,S3-247280524,US,S3,1,1.0000,0.9997
S1-289892677,S2-493944685,US,S2,2,0.9000,1.0000
S1-289892677,S2-354319761,US,S2,3,0.9000,0.9993
S1-289922637,S2-898938459,US,S2,1,1.0000,0.9997
S1-289922637,S3-228900674,US,S3,2,0.9239,0.9999
S1-289922637,S2-335831696,US,S2,3,0.8054,0.9996
S1-289922637,S3-677178493,US,S3,4,0.7867,0.9995
S1-289996943,S3-46039301,India,S3,1,1.0000,1.0000
S1-289996943,S2-641697039,India,S2,2,1.0000,0.9969
S1-290008923,S2-427311973,India,S2,1,1.0000,0.9980
S1-290008923,S3-608365657,India,S3,2,0.9067,0.9997
S1-29002020,S3-876089259,India,S3,1,0.9333,0.9944
S1-29002020,S3-855887720,India,S3,2,0.9333,0.9944
S1-29002020,S2-329089315,India,S2,1328,0.5833,0.7906
S1-290156111,S3-247477449,India,S3,1,1.0000,0.9980
S1-290156111,S2-210467540,India,S2,2,1.0000,0.9993
S1-290156111,S2-159972060,India,S2,43,0.7410,0.9989
S1-290247909,S3-503172418,India,S3,54,0.6409,0.9995
S1-290248810,S3-541376099,India,S3,1,1.0000,0.9966
S1-290248810,S2-888001110,India,S2,2,1.0000,0.9944
S1-290352230,S3-787950136,India,S3,1,1.0000,0.9999
S1-290367966,S3-900884989,US,S3,1,1.0000,1.0000
S1-290367966,S3-790415085,US,S3,2,1.0000,1.0000
S1-290367966,S3-723762458,US,S3,3,1.0000,1.0000
S1-290367966,S3-537095355,US,S3,4,0.7905,1.0000
S1-290367966,S2-248095880,US,S2,13,0.7667,0.9958
S1-290367966,S3-215931109,US,S3,16,0.7388,0.9969
S1-290400259,S3-496185440,US,S3,1,1.0000,1.0000
S1-290400259,S2-644461972,US,S2,2,0.8667,0.9997
S1-290400259,S3-222088032,US,S3,4,0.7037,0.9988
S1-29044563,S2-660079920,India,S2,1,0.9333,0.9868
S1-29044563,S2-727635932,India,S2,3,0.6595,0.9938
S1-29044563,S3-178908918,India,S3,7,0.5927,0.7555
S1-290447970,S3-340652091,India,S3,1,0.9000,0.9950
S1-290562191,S3-582943366,India,S3,1,1.0000,0.9983
S1-290562191,S3-370903315,India,S3,2,1.0000,0.9992
S1-290594213,S3-126980243,US,S3,1,1.0000,0.9999
S1-290594213,S3-106256109,US,S3,2,1.0000,0.9999
S1-290594213,S2-380591414,US,S2,3,0.8647,0.9995
S1-290594213,S3-659222442,US,S3,4,0.8181,0.9995
S1-290630793,S3-476031066,India,S3,1,0.8667,0.8918
S1-290630793,S2-247562450,India,S2,2,0.8667,0.8072
S1-290689205,S3-938031948,US,S3,1,1.0000,0.9995
S1-290689205,S3-404660445,US,S3,2,1.0000,0.9996
S1-290689205,S2-396610504,US,S2,3,1.0000,1.0000
S1-290715527,S3-689131343,India,S3,1,1.0000,0.9988
S1-290715527,S3-202090345,India,S3,101,0.6667,0.9919
S1-290792194,S3-260743257,India,S3,1,0.9333,0.9675
S1-290792194,S2-273814431,India,S2,2,0.9000,0.9987
S1-290792194,S3-979089997,India,S3,3,0.7952,0.9954
S1-290792194,S3-556818425,India,S3,4,0.7375,0.9945
S1-290802690,S3-590361722,India,S3,1,1.0000,0.9987
S1-290802690,S3-848505265,India,S3,2,0.8544,0.9987
S1-290802690,S2-898006621,India,S2,3,0.8143,0.9983
S1-290802690,S3-300615608,India,S3,4,0.7619,0.9976
S1-290826186,S2-873712560,US,S2,1,1.0000,0.9999
S1-290826186,S3-606822183,US,S3,3,0.7429,1.0000
S1-290826186,S3-203614494,US,S3,4,0.5833,0.9968
S1-290919025,S2-685858383,US,S2,1,1.0000,0.9987
S1-290919025,S2-566605676,US,S2,2,1.0000,1.0000
S1-290919025,S3-890595628,US,S3,3,0.9190,0.9997
S1-290919025,S2-191335758,US,S2,16,0.6577,0.9855
S1-290995518,S3-659612537,US,S3,1,1.0000,1.0000
S1-290995518,S3-491308482,US,S3,2,0.8778,0.9997
S1-290995518,S3-958189787,US,S3,3,0.7667,0.9975
S1-290995518,S3-422960273,US,S3,4,0.7317,0.9994
S1-290995518,S3-841445778,US,S3,5,0.7287,0.9956
S1-290995518,S2-825710072,US,S2,6,0.6863,0.9977
S1-291026799,S3-878997331,US,S3,1,1.0000,1.0000
S1-291026799,S3-306247998,US,S3,2,0.8798,0.9993
S1-291026799,S2-898621628,US,S2,3,0.8195,0.9992
S1-291026799,S2-218157362,US,S2,4,0.8195,0.9923
S1-291026799,S3-893280263,US,S3,5,0.7854,0.9999
S1-291026799,S3-296366747,US,S3,7,0.7583,0.9990
S1-291050055,S3-806450072,India,S3,1,1.0000,0.9922
S1-291050055,S3-488053412,India,S3,2,1.0000,0.9873
S1-291050055,S2-459955180,India,S2,3,0.9333,0.9998
S1-291050055,S3-651636267,India,S3,5,0.6515,0.9975
S1-291099068,S3-333221249,US,S3,1,1.0000,1.0000
S1-291099068,S3-796877042,US,S3,3,0.7950,0.9997
S1-291099068,S3-629599238,US,S3,4,0.6877,0.9962
S1-291110698,S3-112390036,India,S3,8,0.8667,0.6329
S1-291110698,S2-130647530,India,S2,11,0.8667,0.9925
S1-291271757,S2-919388173,India,S2,1,1.0000,0.9974
S1-291271757,S3-91047024,India,S3,2,0.7667,0.9267
S1-291271757,S2-127156173,India,S2,3,0.7619,0.9969
S1-291307248,S3-150175831,US,S3,1,1.0000,0.9997
S1-291307248,S3-575541594,US,S3,2,0.7985,0.9981
S1-291309179,S3-391417681,India,S3,1,1.0000,0.9990
S1-291309179,S3-355064891,India,S3,2,1.0000,1.0000
S1-291309179,S2-53148967,India,S2,3,1.0000,0.9929
S1-291482225,S3-142432203,US,S3,1,1.0000,1.0000
S1-291482225,S2-573395947,US,S2,2,1.0000,0.9995
S1-291517757,S3-815233185,US,S3,1,1.0000,1.0000
S1-291517757,S3-530339447,US,S3,2,1.0000,0.9998
S1-291517757,S3-35769546,US,S3,3,1.0000,1.0000
S1-291517757,S2-413927754,US,S2,4,0.9000,1.0000
S1-291517757,S2-61453446,US,S2,111,0.5771,0.9839
S1-29156990,S2-867411675,US,S2,1,1.0000,0.9998
S1-29156990,S2-79913160,US,S2,2,0.8255,0.9972
S1-29156990,S3-214275788,US,S3,3,0.7667,0.8071
S1-291597793,S3-171896611,India,S3,1,0.9333,0.9750
S1-291597793,S3-387849549,India,S3,2,0.7733,0.9999
S1-291673388,S2-632660372,India,S2,1,1.0000,1.0000
S1-291673388,S2-529329056,India,S2,2,1.0000,0.9996
S1-291673388,S3-846888526,India,S3,50,0.6048,0.9956
S1-291689711,S2-825722772,US,S2,1,1.0000,1.0000
S1-291689711,S2-207503777,US,S2,2,1.0000,0.9996
S1-291751421,S3-717638875,India,S3,1,1.0000,1.0000
S1-291751421,S2-893572378,India,S2,2,1.0000,0.9984
S1-291751421,S2-867134204,India,S2,3,1.0000,0.9999
S1-291751421,S2-516670537,India,S2,4,1.0000,0.9998
S1-291759494,S3-429009336,US,S3,1,0.9198,0.9998
S1-291796798,S2-666129640,India,S2,1,1.0000,1.0000
S1-291796798,S2-64841887,India,S2,2,0.7667,0.8133
S1-291844296,S3-273687454,US,S3,1,1.0000,1.0000
S1-291844296,S2-431044434,US,S2,2,1.0000,0.9995
S1-291844296,S3-880993106,US,S3,4,0.7395,0.9999
S1-291875766,S3-696451048,US,S3,1,0.9000,0.9921
S1-291875766,S2-18220306,US,S2,2,0.9000,0.9998
S1-291989954,S3-465061287,India,S3,1,0.9000,0.9589
S1-291989954,S3-191094347,India,S3,2,0.9000,0.9999
S1-291989954,S2-319141803,India,S2,7,0.7667,0.5606
S1-292008349,S3-904091547,India,S3,1,1.0000,0.9959
S1-292008349,S2-986907103,India,S2,2,1.0000,0.9991
S1-292008349,S2-400908649,India,S2,3,1.0000,0.9998
S1-292008349,S3-379512114,India,S3,4,0.6686,0.9483
S1-292039779,S3-834356096,US,S3,1,1.0000,0.9992
S1-292039779,S2-793618936,US,S2,2,1.0000,1.0000
S1-292039779,S3-630558102,US,S3,3,0.9000,0.7978
S1-292039779,S3-375932620,US,S3,5,0.7395,0.9999
S1-292039779,S3-23780582,US,S3,7,0.5000,0.9980
S1-292046623,S2-276043267,US,S2,1,1.0000,0.9998
S1-292046623,S3-205134351,US,S3,2,0.9000,0.9965
S1-292046623,S2-282041390,US,S2,19,0.7471,0.9992
S1-292046623,S2-218388017,US,S2,20,0.6548,0.9957
S1-292096764,S3-586842365,US,S3,1,1.0000,0.9998
S1-292096764,S2-362806792,US,S2,2,1.0000,1.0000
S1-292096764,S2-965252735,US,S2,3,0.8156,0.9991
S1-292097774,S2-767527218,US,S2,1,1.0000,1.0000
S1-292097774,S2-588534005,US,S2,2,1.0000,1.0000
S1-292097774,S2-436996769,US,S2,3,1.0000,1.0000
S1-292097774,S3-289639669,US,S3,46,0.7667,0.9969
S1-292097774,S2-607291971,US,S2,73,0.7667,0.7996
S1-292221571,S2-9013631,US,S2,1,1.0000,0.9999
S1-292221571,S2-448997459,US,S2,2,0.7952,0.9991
S1-292221571,S3-363916673,US,S3,3,0.7667,0.9988
S1-292255486,S2-76689404,US,S2,1,1.0000,0.9996
S1-292255486,S3-457621433,US,S3,2,0.8083,0.9976
S1-292255486,S2-942781179,US,S2,2181,0.7548,0.9990
S1-292255486,S2-356289754,US,S2,2182,0.7237,0.9992
S1-292266432,S3-818894437,US,S3,1,1.0000,0.9996
S1-292266432,S2-525455417,US,S2,2,1.0000,1.0000
S1-292266432,S3-125699254,US,S3,5,0.7667,0.9976
S1-292312811,S3-880888800,India,S3,3,0.7788,0.9994
S1-292323214,S3-380316536,India,S3,1,1.0000,1.0000
S1-292323214,S2-942929804,India,S2,2,1.0000,0.9997
S1-292323214,S2-60010755,India,S2,3,1.0000,0.9994
S1-292323214,S3-513198163,India,S3,14,0.6714,0.9992
S1-292323214,S3-423464824,India,S3,15,0.6714,0.9993
S1-292323214,S2-847737956,India,S2,16,0.6417,0.9999
S1-292330505,S2-273845232,US,S2,1,1.0000,0.9998
S1-292330505,S2-210271841,US,S2,2,1.0000,0.9998
S1-292330505,S2-568979316,US,S2,3,0.9205,0.9999
S1-292330505,S3-428427370,US,S3,2565,0.7544,0.8488
S1-29235617,S2-589710761,India,S2,1,1.0000,0.9998
S1-29235617,S3-576990959,India,S3,2,0.9000,0.9918
S1-29235617,S3-156628443,India,S3,15,0.6521,0.9998
S1-292665473,S3-973233163,US,S3,1,1.0000,0.9961
S1-292665473,S2-654326036,US,S2,2,1.0000,0.9996
S1-292665473,S3-469860865,US,S3,3,0.8451,0.9967
S1-292665473,S3-387648440,US,S3,10,0.7262,0.9864
S1-292665473,S2-576076810,US,S2,13,0.7000,0.9948
S1-29279122,S3-733338538,US,S3,1,0.9000,0.9999
S1-29279122,S3-660684335,US,S3,2,0.9000,0.9915
S1-29279122,S2-900521116,US,S2,3,0.9000,0.9999
S1-29279122,S2-363034419,US,S2,4,0.9000,0.9996
S1-293063941,S3-401677673,India,S3,1,0.8667,0.4547
S1-293100593,S3-574090133,US,S3,1,1.0000,0.9994
S1-293100593,S2-923101451,US,S2,2,1.0000,1.0000
S1-293100593,S2-863586334,US,S2,3,1.0000,0.9998
S1-293119957,S3-469920419,India,S3,3,1.0000,0.9986
S1-293119957,S3-352521349,India,S3,4,1.0000,0.9999
S1-293119957,S2-254857844,India,S2,5,1.0000,0.9999
S1-293199229,S2-276936200,US,S2,1,1.0000,1.0000
S1-293263897,S3-913997308,India,S3,1,1.0000,0.9932
S1-293263897,S3-870987205,India,S3,2,1.0000,0.9932
S1-293263897,S3-490455593,India,S3,3,1.0000,0.9982
S1-293263897,S3-284971958,India,S3,4,1.0000,0.9999
S1-293263897,S3-155848329,India,S3,5,1.0000,0.9932
S1-293263897,S2-995521338,India,S2,6,1.0000,0.9982
S1-293263897,S2-633739551,India,S2,7,1.0000,0.9998
S1-293263897,S2-580717923,India,S2,8,1.0000,0.9992
S1-293263897,S2-568640448,India,S2,9,1.0000,0.9998
S1-293264012,S3-802708390,US,S3,88,0.6833,0.9983
S1-293297126,S3-479504959,US,S3,2,0.6725,0.9998
S1-293297126,S3-373413559,US,S3,3,0.6686,0.9953
S1-293522494,S3-774179255,US,S3,1,1.0000,1.0000
S1-293522494,S3-400607232,US,S3,2,1.0000,0.9994
S1-293522494,S2-653938769,US,S2,3,1.0000,1.0000
S1-293591018,S3-817831279,India,S3,1,0.8667,0.9343
S1-293626167,S2-818175126,US,S2,102,0.7667,0.5719
S1-293684387,S3-877485411,US,S3,1,1.0000,0.9998
S1-293684387,S2-818598687,US,S2,2,1.0000,0.9998
S1-293685336,S3-770421233,US,S3,1,0.9000,0.9958
S1-293685336,S2-790529324,US,S2,2,0.9000,0.9976
S1-293685336,S3-445140885,US,S3,3,0.8436,0.9959
S1-293737099,S2-592402813,US,S2,1,1.0000,0.9994
S1-293737099,S2-394313409,US,S2,6,0.7667,0.9994
S1-293737099,S3-949481076,US,S3,7,0.7451,0.9939
S1-293737099,S2-34035233,US,S2,8,0.6515,0.9935
S1-293766059,S3-310162749,US,S3,2,0.8449,0.9992
S1-29379409,S2-193291489,US,S2,1,1.0000,1.0000
S1-29379409,S3-428672312,US,S3,3,0.7667,0.3798
S1-29379409,S3-345014666,US,S3,4,0.7667,0.3798
S1-29379409,S3-103005709,US,S3,5,0.7667,0.9931
S1-29379409,S2-626285071,US,S2,6,0.7667,0.9740
S1-29379409,S3-588931782,US,S3,8,0.7410,0.9994
S1-293928483,S2-760161830,US,S2,1,1.0000,1.0000
S1-293928483,S3-693888289,US,S3,17,0.6583,0.8004
S1-294022882,S3-78487483,India,S3,1,1.0000,0.9989
S1-294022882,S2-511268806,India,S2,2,1.0000,0.9997
S1-294022882,S2-924954629,India,S2,3,0.8387,0.9993
S1-294022882,S3-820765025,India,S3,347,0.5021,0.9296
S1-294065500,S3-71782970,India,S3,1,1.0000,0.9955
S1-294065500,S3-220500307,India,S3,2,1.0000,0.9983
S1-294107920,S3-778819610,India,S3,1,1.0000,0.9978
S1-294107920,S3-676024861,India,S3,2,1.0000,1.0000
S1-294107920,S3-983591885,India,S3,3,0.9116,0.9997
S1-294107920,S2-106801479,India,S2,4,0.7970,0.9809
S1-294162109,S3-51382494,US,S3,1,1.0000,1.0000
S1-29419529,S3-498910796,India,S3,1,1.0000,0.9995
S1-29419529,S2-722264049,India,S2,2,0.8519,0.9998
S1-29419529,S3-845591021,India,S3,3,0.8205,0.9980
S1-29419529,S3-155461429,India,S3,4,0.7519,0.9896
S1-294208087,S3-926247924,US,S3,1,1.0000,1.0000
S1-294208087,S3-838175643,US,S3,2,1.0000,1.0000
S1-294208087,S3-435404096,US,S3,3,1.0000,0.9998
S1-294279431,S3-752374712,India,S3,1,0.9500,0.9835
S1-294279431,S2-913056558,India,S2,2,0.7971,0.9960
S1-294308756,S3-663819419,US,S3,1,0.7667,0.3078
S1-294403745,S3-731516400,US,S3,1,1.0000,0.9999
S1-294403745,S2-107188139,US,S2,3,0.7333,0.9977
S1-294403745,S3-916181020,US,S3,4,0.6795,1.0000
S1-294420184,S3-631060951,US,S3,1,0.7548,0.9927
S1-294420184,S2-570794509,US,S2,2,0.6154,0.9997
S1-294453315,S3-83735039,US,S3,1,1.0000,0.9998
S1-294453315,S2-747129024,US,S2,2,0.8222,0.9982
S1-294555740,S2-906237198,US,S2,1,1.0000,1.0000
S1-294555740,S2-646225843,US,S2,3,0.6000,0.9561
S1-294567928,S3-83134093,India,S3,1,0.7667,0.9993
S1-294567928,S3-523627456,India,S3,2,0.7667,0.9940
S1-294567928,S2-915797110,India,S2,3,0.7667,0.9992
S1-294607898,S3-104021464,India,S3,1,0.8897,0.9997
S1-294607898,S2-735821034,India,S2,2,0.8667,0.9997
S1-294607898,S3-566346954,India,S3,3,0.8010,1.0000
S1-294607898,S3-772593875,India,S3,7,0.6818,0.9990
S1-294692606,S3-458711637,US,S3,1,1.0000,0.9999
S1-294692606,S2-917723214,US,S2,2,0.9211,0.9999
S1-294692606,S2-991197915,US,S2,14,0.7667,0.7948
S1-2946934,S3-432468948,India,S3,1,1.0000,1.0000
S1-2946934,S3-643663370,India,S3,66,0.6833,0.9999
S1-294697179,S3-926399768,India,S3,2,1.0000,0.9955
S1-294697179,S3-360037783,India,S3,4,1.0000,0.9995
S1-294697179,S2-937666007,India,S2,5,1.0000,0.9997
S1-294713753,S3-902479149,US,S3,1,1.0000,0.9997
S1-294713753,S2-955909458,US,S2,2,0.7284,0.9984
S1-294747545,S2-873030482,US,S2,1,1.0000,1.0000
S1-294747545,S2-791700424,US,S2,2,0.8952,0.9995
S1-294747545,S2-17581406,US,S2,3,0.8544,0.9996
S1-294747545,S3-339798285,US,S3,4,0.7754,0.9963
S1-294747545,S3-722484294,US,S3,5,0.6858,0.9978
S1-294840519,S3-791590492,India,S3,2,0.7471,0.9996
S1-294840519,S2-348234262,India,S2,3,0.7262,0.9989
S1-294919983,S3-193091233,India,S3,45,0.7667,0.8383
S1-295031792,S3-899016347,US,S3,1,1.0000,0.9999
S1-295031792,S3-225604444,US,S3,2,1.0000,0.9993
S1-295031792,S3-180503228,US,S3,3,0.8778,0.9992
S1-295092136,S3-527848856,India,S3,1,1.0000,0.9996
S1-295092136,S3-114112399,India,S3,2,1.0000,0.9997
S1-295092136,S2-299501869,India,S2,3,1.0000,0.9990
S1-295092136,S2-543000846,India,S2,77,0.7133,0.9925
S1-295092136,S2-394985263,India,S2,78,0.7133,0.9776
S1-295092943,S3-412255403,India,S3,1,1.0000,0.9996
S1-295092943,S2-624966803,India,S2,2,0.9333,1.0000
S1-295092943,S2-185658297,India,S2,3,0.9333,0.9774
S1-295092943,S3-637167686,India,S3,4,0.7992,0.9955
S1-295124337,S3-669864081,US,S3,1,1.0000,1.0000
S1-295124337,S2-180601894,US,S2,2,1.0000,1.0000
S1-295124337,S2-179900972,US,S2,3,0.8407,0.9995
S1-295124337,S3-849797794,US,S3,4,0.7667,0.6874
S1-295124337,S3-178672533,US,S3,5,0.6410,0.9986
S1-295139456,S2-315031691,India,S2,1,1.0000,1.0000
S1-295139456,S3-725210344,India,S3,2,0.9131,0.9997
S1-295139456,S2-171301415,India,S2,3,0.9131,0.9998
S1-295139456,S3-767198363,India,S3,4,0.8212,0.9995
S1-295139456,S3-233298878,India,S3,5,0.7904,0.9962
S1-29514724,S3-901980689,India,S3,1,0.8436,0.9981
S1-29514724,S2-229838270,India,S2,3,0.7155,0.9990
S1-295202505,S3-230082208,US,S3,1,1.0000,0.9927
S1-295202505,S2-164979647,US,S2,6,0.7667,0.9970
S1-295212193,S3-585909865,India,S3,1,0.8471,0.9885
S1-295212193,S2-533128556,India,S2,2,0.7667,0.9367
S1-295212193,S3-549263330,India,S3,3,0.7491,0.9809
S1-295270502,S3-198425451,US,S3,1,1.0000,1.0000
S1-295270502,S3-681767022,US,S3,2,0.8719,0.9999
S1-295293506,S3-543254520,US,S3,1,1.0000,1.0000
S1-295293506,S2-876933462,US,S2,2,0.7970,0.9975
S1-295343475,S3-32338777,India,S3,1,1.0000,1.0000
S1-295343475,S3-680076743,India,S3,2,0.7742,0.9999
S1-295343475,S3-768438583,India,S3,3,0.7667,0.9255
S1-295343475,S3-367986971,India,S3,5,0.7576,0.9994
S1-295343475,S3-135581792,India,S3,6,0.7396,0.9987
S1-29537956,S3-140392174,India,S3,1,1.0000,1.0000
S1-29537956,S2-878913834,India,S2,2,0.8396,0.9993
S1-29537956,S3-111599116,India,S3,3,0.7812,0.9919
S1-29537956,S2-864427838,India,S2,5,0.6237,0.9974
S1-295417600,S3-958912027,US,S3,1,1.0000,1.0000
S1-295417600,S3-562800958,US,S3,2,1.0000,0.9994
S1-295417600,S3-520501073,US,S3,3,1.0000,0.9994
S1-295417600,S3-479124939,US,S3,4,1.0000,0.9998
S1-295466764,S2-976039529,US,S2,1,0.9000,0.9867
S1-295466764,S2-637049896,US,S2,2,0.9000,0.9555
S1-295466764,S2-204592195,US,S2,3,0.9000,0.9867
S1-295466764,S2-941702210,US,S2,5,0.6692,0.9935
S1-295491445,S2-767163344,US,S2,1,1.0000,1.0000
S1-295491445,S3-905988280,US,S3,2,0.7048,0.9974
S1-295691143,S3-71341010,US,S3,1,1.0000,0.9997
S1-295691143,S3-670772908,US,S3,2,1.0000,0.9999
S1-295691143,S3-526960448,US,S3,3,1.0000,1.0000
S1-295691143,S2-614855926,US,S2,4,1.0000,0.9997
S1-295691143,S3-421135563,US,S3,309,0.7126,0.9989
S1-295692279,S2-551580386,US,S2,1,1.0000,1.0000
S1-295692279,S2-399314137,US,S2,2,0.8333,0.9980
S1-295692279,S3-565872387,US,S3,3,0.8083,0.9976
S1-295692279,S2-58963209,US,S2,4,0.8083,0.9993
S1-295692279,S2-227332720,US,S2,5,0.7243,0.9988
S1-295780227,S3-893621706,India,S3,1,1.0000,0.9956
S1-295780227,S2-446685795,India,S2,11,0.7370,0.9818
S1-295820620,S3-340486431,US,S3,1,1.0000,0.9993
S1-295820620,S2-361771503,US,S2,2,1.0000,0.9998
S1-295820620,S2-171872668,US,S2,3,1.0000,0.9998
S1-295820620,S3-355460627,US,S3,4,0.6667,0.9963
S1-295820620,S3-862147821,US,S3,5,0.5965,0.9861
S1-295825719,S3-525284850,India,S3,20,0.7667,0.6670
S1-295825719,S3-477088757,India,S3,81,0.7589,0.9991
S1-295825719,S3-632121964,India,S3,240,0.5057,0.9919
S1-295849508,S3-662675871,India,S3,1,1.0000,0.9992
S1-295849508,S3-279623834,India,S3,2,1.0000,0.9992
S1-295899485,S2-62325338,India,S2,53,0.6527,0.9947
S1-295899485,S3-634416105,India,S3,57,0.5926,0.9678
S1-29591383,S3-681007409,India,S3,1,1.0000,0.9972
S1-29591383,S2-24706929,India,S2,2,0.9500,1.0000
S1-29591383,S2-422389063,India,S2,3,0.8000,0.9961
S1-29591383,S3-617173362,India,S3,4,0.7992,0.9907
S1-295943482,S3-362570637,India,S3,4,1.0000,0.9642
S1-295994797,S3-695133935,US,S3,1,0.9310,0.9997
S1-295994797,S3-609188226,US,S3,2,0.8032,0.9999
S1-295994797,S3-380190088,US,S3,4,0.6803,0.9841
S1-2960714,S2-951061958,India,S2,1,0.9000,0.9998
S1-2960714,S3-16662736,India,S3,2,0.8667,0.9977
S1-2960714,S3-251401532,India,S3,3,0.7286,0.9278
S1-2960714,S2-821603081,India,S2,4,0.5641,0.9187
S1-296081810,S2-149901414,US,S2,4,0.7667,0.3759
S1-296115294,S3-808090942,India,S3,1,1.0000,1.0000
S1-296115294,S3-28469214,India,S3,2,1.0000,1.0000
S1-296168401,S3-884279254,India,S3,1,1.0000,1.0000
S1-296168401,S3-230250016,India,S3,46,0.7667,0.9182
S1-296168401,S3-192927687,India,S3,53,0.7667,0.4196
S1-296204791,S3-596633580,US,S3,1,1.0000,0.9998
S1-296365665,S3-412144117,US,S3,1,1.0000,1.0000
S1-296365665,S2-58383596,US,S2,2,1.0000,0.9997
S1-296365665,S3-38493814,US,S3,83,0.7533,0.9972
S1-296365665,S3-247774602,US,S3,84,0.6146,0.9714
S1-296365665,S3-578408971,US,S3,85,0.6061,0.9851
S1-296443460,S2-331455806,US,S2,1,0.9000,0.9969
S1-296443460,S2-919219617,US,S2,2,0.7000,0.9968
S1-296443460,S2-38137969,US,S2,3,0.7000,0.9959
S1-296443460,S3-8370352,US,S3,4,0.5571,0.9866
S1-29652226,S2-720973291,India,S2,1,1.0000,0.9999
S1-29652226,S2-490104729,India,S2,2,1.0000,1.0000
S1-29652226,S3-988418345,India,S3,3,0.8460,0.9973
S1-29652226,S3-624196484,India,S3,8,0.8048,1.0000
S1-296553524,S3-821073909,US,S3,15,0.7667,0.9984
S1-296553524,S2-722271689,US,S2,198,0.7451,0.9843
S1-296557266,S3-470187770,India,S3,76,0.7143,0.9991
S1-296557266,S3-4137826,India,S3,77,0.7111,0.9981
S1-296598254,S3-959480134,US,S3,1,0.9000,0.9969
S1-296598254,S2-211231505,US,S2,2,0.5606,0.9915
S1-296610527,S3-487891337,US,S3,1,1.0000,1.0000
S1-296610527,S3-482570658,US,S3,2,1.0000,1.0000
S1-296610527,S3-128207907,US,S3,3,0.8273,0.9994
S1-296610527,S2-740190941,US,S2,5,0.7471,0.9971
S1-296629688,S3-295853444,India,S3,1,0.8667,0.7461
S1-296657050,S3-736803869,US,S3,1,1.0000,1.0000
S1-296657050,S3-539084728,US,S3,2,0.9167,0.9992
S1-296657050,S2-563991577,US,S2,3,0.9000,1.0000
S1-296657050,S3-88771219,US,S3,4,0.8200,1.0000
S1-29668944,S3-626206099,US,S3,1,1.0000,1.0000
S1-29668944,S3-608128832,US,S3,2,1.0000,0.9989
S1-29668944,S2-990802380,US,S2,3,0.9500,1.0000
S1-29668944,S3-577326008,US,S3,5,0.7667,0.7814
S1-296745460,S3-10469663,India,S3,4,0.8333,0.9984
S1-296806460,S3-147445342,US,S3,1,1.0000,0.9996
S1-296806460,S3-255185877,US,S3,2,0.8480,0.9987
S1-296838890,S3-366716159,India,S3,1,0.8667,0.6045
S1-296895749,S3-821540187,US,S3,1,1.0000,0.9992
S1-296895749,S3-670382841,US,S3,2,1.0000,0.9992
S1-296895749,S3-475017468,US,S3,3,1.0000,0.9996
S1-296895749,S2-926352046,US,S2,416,0.7667,0.9996
S1-296895749,S3-142465444,US,S3,824,0.6926,0.9990
S1-296962539,S2-610981477,US,S2,1,0.8131,0.9990
S1-296962539,S2-614242267,US,S2,2,0.7741,0.9977
S1-296962539,S2-165406601,US,S2,3,0.7741,0.9983
S1-296984533,S2-754313777,India,S2,1,0.7738,0.9836
S1-296984533,S2-708996119,India,S2,1264,0.4333,0.4755
S1-297066241,S2-239490728,India,S2,1,1.0000,0.9998
S1-297066241,S2-361196328,India,S2,2,0.7513,0.9948
S1-297177316,S3-113650388,US,S3,1,1.0000,1.0000
S1-297177316,S2-948510740,US,S2,2,1.0000,0.9999
S1-297177316,S3-607487783,US,S3,3,0.8156,0.9991
S1-297177316,S3-670956504,US,S3,4,0.7321,0.9948
S1-297208441,S3-738571243,US,S3,1,0.8440,0.9983
S1-297222153,S3-676628584,US,S3,1,0.9000,0.9960
S1-297222153,S3-159108663,US,S3,2,0.8085,0.9994
S1-297222153,S3-48797647,US,S3,4,0.6747,0.9999
S1-297232750,S3-316909219,India,S3,1,1.0000,0.9984
S1-297232750,S2-542297330,India,S2,2,1.0000,0.9958
S1-297232750,S3-825785297,India,S3,4,0.7436,0.9986
S1-297234009,S3-473428016,US,S3,1,1.0000,1.0000
S1-297252371,S3-548379282,India,S3,1,1.0000,1.0000
S1-297254767,S2-608000356,US,S2,1,1.0000,1.0000
S1-297254767,S2-216356488,US,S2,2,1.0000,0.9995
S1-297254767,S3-916099827,US,S3,3,0.7667,0.9999
S1-297254767,S3-381579280,US,S3,46,0.7619,0.9776
S1-297254767,S3-4768323,US,S3,47,0.5641,0.9438
S1-297263543,S3-177535564,US,S3,1,1.0000,0.9988
S1-297263543,S2-806926340,US,S2,2,1.0000,0.9995
S1-297263543,S2-718787421,US,S2,4,0.7667,0.9996
S1-297361119,S3-374806380,US,S3,29,0.7667,0.9938
S1-297361119,S3-548211297,US,S3,72,0.7111,0.9984
S1-297361119,S2-292531376,US,S2,120,0.6029,0.9974
S1-297361119,S2-441838822,US,S2,171,0.5889,0.9961
S1-29736762,S3-446413121,India,S3,2,1.0000,0.9980
S1-29736762,S3-119779355,India,S3,3,1.0000,1.0000
S1-297381380,S3-699282486,US,S3,1,1.0000,1.0000
S1-297381380,S2-708204841,US,S2,2,1.0000,0.9997
S1-297381380,S2-175508801,US,S2,3,1.0000,0.9992
S1-297381380,S2-150923086,US,S2,4,0.8985,0.9997
S1-297381380,S3-769425537,US,S3,5,0.8436,0.9990
S1-297381380,S3-809356917,US,S3,6,0.7667,0.7948
S1-297381380,S2-235341407,US,S2,7,0.7071,0.9986
S1-297433951,S3-584727806,US,S3,1,1.0000,1.0000
S1-297433951,S2-648733680,US,S2,2,1.0000,1.0000
S1-297433951,S2-329464085,US,S2,3,0.7471,0.9984
S1-297442179,S3-999633812,US,S3,1,0.8667,0.9995
S1-297442179,S3-797084716,US,S3,2,0.8667,0.9995
S1-297442179,S2-63962177,US,S2,3,0.6667,0.9970
S1-297444502,S2-538274268,US,S2,1,1.0000,1.0000
S1-297444502,S3-578511695,US,S3,2,0.7667,0.9986
S1-297444502,S2-218329273,US,S2,3,0.7667,0.9998
S1-297515754,S3-231259716,US,S3,1,1.0000,0.9997
S1-297515754,S3-821881886,US,S3,2,0.9000,0.9857
S1-297515754,S2-171393819,US,S2,3,0.9000,0.9969
S1-297515754,S3-810547201,US,S3,4,0.7667,0.9986
S1-297515754,S3-176984149,US,S3,14,0.6920,0.9998
S1-29755396,S2-529221257,US,S2,1,0.9000,0.9999
S1-29755396,S2-683856453,US,S2,6,0.6321,0.9984
S1-29755396,S2-516088686,US,S2,8,0.5667,0.9890
S1-297623643,S2-520774740,US,S2,7,0.7667,0.9988
S1-297665872,S3-899530519,US,S3,1,1.0000,0.9999
S1-297665872,S2-497642114,US,S2,2,0.9014,0.9997
S1-297682143,S3-878754827,US,S3,1,0.8984,0.9997
S1-297682143,S3-774147171,US,S3,2,0.7833,0.9987
S1-297682143,S3-533023980,US,S3,3,0.7667,0.6447
S1-297682143,S2-852648457,US,S2,4,0.7362,0.9974
S1-297688015,S3-597021753,US,S3,1,0.8667,0.9998
S1-297688015,S2-715642800,US,S2,125,0.6812,0.9975
S1-297688015,S3-630217772,US,S3,127,0.6348,0.8610
S1-297734991,S3-823789563,India,S3,1,1.0000,0.9989
S1-297734991,S3-393558114,India,S3,3,0.6389,0.9946
S1-297795211,S3-685613358,US,S3,1,1.0000,1.0000
S1-297795211,S2-86314682,US,S2,2,1.0000,1.0000
S1-297795211,S2-753357696,US,S2,3,1.0000,0.9995
S1-297795211,S2-512465263,US,S2,5,0.7059,0.9990
S1-297840825,S3-103332988,India,S3,1,0.7667,0.9993
S1-297858103,S3-130496299,India,S3,8,0.9000,0.9954
S1-297858103,S3-322175594,India,S3,1045,0.7061,0.9788
S1-297878581,S3-121097566,India,S3,1,1.0000,0.9996
S1-297878581,S2-405572629,India,S2,2,0.8500,0.7553
S1-297878581,S3-183120241,India,S3,3,0.8179,0.9935
S1-297878581,S2-235132708,India,S2,4,0.6485,0.8504
S1-297885051,S2-771855451,US,S2,1,1.0000,1.0000
S1-297885051,S2-480533826,US,S2,86,0.7667,0.5275
S1-297914861,S3-926294296,US,S3,12,0.7667,0.3179
S1-297914861,S3-799941412,US,S3,24,0.7667,0.3921
S1-297914861,S3-215953172,US,S3,76,0.7667,0.3921
S1-297965233,S2-879106681,India,S2,1,1.0000,0.9996
S1-297965233,S2-670843706,India,S2,2,1.0000,1.0000
S1-298045058,S3-633095735,India,S3,1,1.0000,1.0000
S1-298045058,S3-953178745,India,S3,450,0.5667,0.9859
S1-298077050,S3-93564707,India,S3,1,1.0000,1.0000
S1-298077050,S3-870734077,India,S3,2,1.0000,0.9990
S1-298077050,S3-508543553,India,S3,3,1.0000,0.9991
S1-298077050,S2-752304011,India,S2,4,0.8500,0.9985
S1-298077050,S2-146839126,India,S2,5,0.8500,0.4534
S1-298077050,S3-208891669,India,S3,7,0.7490,0.9988
S1-298092221,S3-844239570,US,S3,1,1.0000,0.9997
S1-298092221,S2-305510450,US,S2,2,1.0000,0.9999
S1-298092221,S2-137342387,US,S2,3,1.0000,1.0000
S1-298092221,S3-543498152,US,S3,5,0.8667,0.6790
S1-298139638,S3-505156724,India,S3,1,1.0000,0.9998
S1-298139638,S2-775804855,India,S2,2,1.0000,0.9994
S1-298139638,S2-270857866,India,S2,9,0.7658,0.9997
S1-298144272,S3-32073648,US,S3,1,1.0000,1.0000
S1-298144272,S2-936387636,US,S2,2,0.9000,0.9982
S1-298144272,S2-581519285,US,S2,3,0.9000,0.9985
S1-29816150,S3-83582700,India,S3,1,0.9000,0.9971
S1-29816150,S2-673258728,India,S2,2,0.7667,0.6178
S1-298224611,S3-116647172,India,S3,1,0.8667,0.6010
S1-298225944,S2-471763841,US,S2,1,1.0000,1.0000
S1-298225944,S3-129766538,US,S3,2,0.9140,0.9997
S1-298225944,S3-794077883,US,S3,3,0.8083,0.9990
S1-298235166,S3-144608361,India,S3,1,1.0000,0.9989
S1-298328243,S3-206811654,India,S3,82,0.6658,0.9987
S1-298410692,S3-86966233,India,S3,1,1.0000,1.0000
S1-298410692,S3-206794151,India,S3,2,0.8752,0.9973
S1-298446385,S3-738944737,US,S3,1,1.0000,0.9997
S1-298446385,S3-493523690,US,S3,2,0.8500,0.9962
S1-298446385,S3-892675167,US,S3,3,0.7667,0.3368
S1-298446385,S2-14129744,US,S2,7,0.7667,0.9986
S1-298497018,S2-105286886,US,S2,1,0.8619,0.9996
S1-298497018,S2-980062374,US,S2,2,0.8273,0.9986
S1-298497018,S3-663634932,US,S3,6,0.7667,0.3092
S1-298577850,S3-564329752,India,S3,1,0.8262,0.9964
S1-298601864,S3-113234880,India,S3,1,1.0000,1.0000
S1-298601864,S2-388057485,India,S2,2,1.0000,0.9998
S1-298601864,S2-507893343,India,S2,3,0.7822,0.9995
S1-298689788,S2-366048598,US,S2,1,1.0000,1.0000
S1-298689788,S3-788978568,US,S3,2,0.8619,0.9997
S1-298689788,S3-709379883,US,S3,3,0.8619,0.9998
S1-298689788,S3-574094580,US,S3,4,0.8619,0.9997
S1-298689788,S2-813465220,US,S2,5,0.8619,0.9998
S1-298689788,S2-124147962,US,S2,6,0.8212,0.9964
S1-298689788,S2-220348288,US,S2,7,0.7952,0.9988
S1-298689788,S3-169888721,US,S3,8,0.7822,0.9990
S1-298689788,S3-75467987,US,S3,9,0.7370,0.9981
S1-298694242,S3-804887006,US,S3,1,1.0000,1.0000
S1-298694242,S3-788453827,US,S3,2,1.0000,0.9993
S1-298694242,S3-848297268,US,S3,3,0.8018,0.9988
S1-298701436,S2-969608632,US,S2,1,0.9000,0.9950
S1-298701436,S3-416187939,US,S3,2,0.8204,0.9997
S1-298701436,S3-150729197,US,S3,3,0.7667,0.5420
S1-298701436,S2-475200239,US,S2,4,0.7667,0.7714
S1-298701436,S2-352714407,US,S2,6,0.5533,0.9543
S1-298734251,S3-910050307,US,S3,1,1.0000,1.0000
S1-298734251,S2-183434177,US,S2,2,1.0000,1.0000
S1-298734251,S2-105454186,US,S2,3,0.8833,0.9990
S1-298734251,S3-535302005,US,S3,5,0.7658,0.9960
S1-298734251,S2-593082330,US,S2,6,0.7500,0.9728
S1-298777284,S2-967692374,US,S2,1,1.0000,1.0000
S1-298777284,S2-628240212,US,S2,2,1.0000,1.0000
S1-298777284,S3-64769032,US,S3,3,0.8667,0.6744
S1-298777284,S3-552521644,US,S3,4,0.8667,0.6744
S1-298777284,S3-807615511,US,S3,5,0.7062,0.9486
S1-298777284,S3-15288512,US,S3,6,0.7062,0.9340
S1-298805644,S2-134624196,US,S2,1,1.0000,1.0000
S1-298805644,S3-262031727,US,S3,4,0.7667,0.9995
S1-298927041,S2-546033320,US,S2,1,1.0000,0.9970
S1-298927041,S3-367036739,US,S3,2,0.7833,0.9973
S1-298927041,S2-409742161,US,S2,3,0.7833,0.9969
S1-298927041,S3-221134152,US,S3,4,0.7667,0.9956
S1-298927041,S3-15231274,US,S3,5,0.7407,0.9988
S1-298930984,S2-640105782,India,S2,1,0.7795,0.9996
S1-29896780,S3-973299751,US,S3,1,1.0000,0.9996
S1-299059802,S3-731517710,US,S3,1,1.0000,0.9998
S1-299059802,S3-601698593,US,S3,2,1.0000,1.0000
S1-299059802,S2-98009301,US,S2,3,1.0000,0.9997
S1-299059802,S2-221756891,US,S2,4,1.0000,1.0000
S1-299059802,S2-305139800,US,S2,2056,0.7667,0.7165
S1-299086395,S2-236759958,US,S2,1,1.0000,0.9998
S1-299086395,S2-627632644,US,S2,2,0.8333,0.9996
S1-299278951,S3-341408366,US,S3,1,1.0000,0.9996
S1-299278951,S2-630606180,US,S2,2,0.6877,0.9897
S1-299278951,S2-336785088,US,S2,3,0.6569,0.9960
S1-299332807,S3-929766255,India,S3,1,1.0000,0.9882
S1-299332807,S3-800212809,India,S3,10,0.7667,0.9966
S1-299337376,S3-170332598,India,S3,1,1.0000,0.9966
S1-299337376,S2-899683331,India,S2,2,1.0000,1.0000
S1-299337376,S2-941394183,India,S2,5,0.7667,0.9178
S1-299419676,S2-728436484,India,S2,1,1.0000,0.9919
S1-299419676,S3-978834340,India,S3,3,0.7515,0.9987
S1-299421288,S3-604684596,US,S3,1,1.0000,0.9997
S1-299421288,S3-42762147,US,S3,2,1.0000,0.9994
S1-299421288,S2-685202835,US,S2,3,1.0000,0.9997
S1-299421288,S2-475978774,US,S2,4,1.0000,0.9997
S1-299526249,S3-217392840,India,S3,1,0.9500,0.9900
S1-299526249,S3-863158160,India,S3,3,0.8640,0.9954
S1-299526249,S2-316040362,India,S2,4,0.8474,0.9992
S1-299526249,S2-884717958,India,S2,5,0.7933,0.9995
S1-299531832,S3-977792546,India,S3,1,1.0000,0.9985
S1-299531832,S3-962761215,India,S3,2,1.0000,1.0000
S1-299531832,S3-759849932,India,S3,3,1.0000,0.9995
S1-299531832,S3-164052845,India,S3,4,1.0000,1.0000
S1-299531832,S2-159868046,India,S2,5,0.9000,0.9998
S1-299531832,S2-2856378,India,S2,7,0.7667,0.7109
S1-299531832,S2-371393200,India,S2,11,0.5036,0.8004
S1-29954617,S2-937074716,US,S2,1,1.0000,1.0000
S1-29954617,S2-893083310,US,S2,2,1.0000,0.9997
S1-29954617,S3-76219845,US,S3,34,0.7364,0.9974
S1-299557880,S3-725992348,US,S3,19,0.8667,0.0597
S1-299557880,S2-162127569,US,S2,93,0.8667,0.9991
S1-299558221,S3-627380217,India,S3,1,1.0000,0.9999
S1-299558221,S2-564356535,India,S2,2,0.9000,0.9999
S1-299615564,S3-567524649,US,S3,1,1.0000,1.0000
S1-299615564,S2-254695736,US,S2,2,1.0000,0.9997
S1-299615564,S3-223556307,US,S3,3,0.9231,0.9998
S1-299615564,S3-341656768,US,S3,5,0.6469,0.9900
S1-299651515,S2-804205913,US,S2,1,1.0000,1.0000
S1-299651515,S2-531707803,US,S2,2,1.0000,0.9997
S1-299651515,S2-931224262,US,S2,3,0.9000,0.9999
S1-299651515,S3-196528322,US,S3,4,0.8231,0.9987
S1-299651515,S3-470077130,US,S3,5,0.7681,0.9975
S1-299651515,S3-187188371,US,S3,6,0.7667,0.5919
S1-299651515,S3-616314915,US,S3,7,0.7233,0.9965
S1-299662226,S2-405717075,India,S2,1,0.9500,0.9999
S1-299685918,S3-861920653,India,S3,1,0.9600,0.9682
S1-299685918,S3-278954191,India,S3,35,0.6964,0.9484
S1-299685918,S3-66555814,India,S3,37,0.6359,0.2757
S1-299707979,S3-758320143,US,S3,1,1.0000,1.0000
S1-299707979,S2-225255084,US,S2,2,1.0000,1.0000
S1-299707979,S3-841015653,US,S3,64,0.7667,0.3055
S1-299707979,S3-634744686,US,S3,172,0.7667,0.9972
S1-299833319,S3-914284655,US,S3,1,1.0000,0.9997
S1-299833319,S3-611579705,US,S3,12,0.7667,0.5182
S1-299833319,S2-920308098,US,S2,37,0.7576,0.9966
S1-299897571,S3-456267117,India,S3,1,1.0000,1.0000
S1-299897571,S2-693561332,India,S2,2,1.0000,0.9997
S1-299944653,S2-15580610,US,S2,1,1.0000,1.0000
S1-299944653,S3-497614166,US,S3,2,0.9282,0.9994
S1-299944653,S2-764549498,US,S2,3,0.8760,0.9996
S1-299944653,S3-522860436,US,S3,4,0.7667,0.9973
S1-299994300,S2-704018399,India,S2,1,1.0000,0.9999
S1-299994300,S3-784173031,India,S3,2,0.7083,0.9871
S1-299994300,S3-123839202,India,S3,3,0.7083,0.9860
S1-300004555,S2-550399692,US,S2,1,0.8556,0.9999
S1-300004555,S2-510779409,US,S2,7,0.5702,0.9922
S1-300004555,S2-409422974,US,S2,8,0.5379,0.9538
S1-300047326,S3-116144098,US,S3,1,1.0000,1.0000
S1-300047326,S2-981221382,US,S2,2,1.0000,0.9996
S1-300047326,S2-670558363,US,S2,3,1.0000,0.9997
S1-300047326,S2-234495994,US,S2,4,1.0000,0.9997
S1-300047326,S3-222637230,US,S3,2746,0.6296,0.9923
S1-30005065,S3-431501532,India,S3,1,1.0000,0.9971
S1-30005065,S2-32676887,India,S2,3,0.9000,0.9999
S1-30005065,S3-508554775,India,S3,4,0.7944,0.8756
S1-300106543,S3-851774010,US,S3,1,1.0000,0.9998
S1-300106543,S2-465643153,US,S2,2,0.8692,0.9998
S1-300202200,S3-182254388,India,S3,1,1.0000,0.9978
S1-300202200,S2-622476277,India,S2,2,1.0000,1.0000
S1-300202200,S2-573365894,India,S2,3,0.7500,0.9820
S1-300308497,S3-871326699,US,S3,1,1.0000,0.9999
S1-300308497,S3-241107028,US,S3,2,1.0000,0.9998
S1-300308497,S2-524545739,US,S2,3,0.9000,0.9991
S1-300308497,S3-288516564,US,S3,5,0.7889,0.9998
S1-300308497,S3-951912277,US,S3,6,0.7667,0.3206
S1-300376473,S3-534299883,US,S3,1,1.0000,0.9998
S1-300376473,S3-2494230,US,S3,2,1.0000,1.0000
S1-300376473,S2-539836795,US,S2,3,1.0000,1.0000
S1-30042129,S2-419890194,US,S2,1,0.9000,1.0000
S1-30042129,S3-953091738,US,S3,3,0.7183,0.9983
S1-300486029,S2-109695354,US,S2,1,1.0000,1.0000
S1-300486029,S2-693605023,US,S2,2,0.8480,0.9996
S1-300510841,S3-8170626,US,S3,1,1.0000,0.9997
S1-300510841,S2-300365671,US,S2,2,1.0000,0.9996
S1-300510841,S2-367433647,US,S2,3,0.8067,0.9991
S1-300527827,S3-933141298,India,S3,1,1.0000,0.9984
S1-300527827,S2-240516717,India,S2,2,0.9000,0.9999
S1-300527827,S2-993588483,India,S2,5,0.5992,0.9743
S1-300532680,S2-153867847,US,S2,1,1.0000,1.0000
S1-300536916,S3-469132296,India,S3,1,1.0000,0.9999
S1-300536916,S3-180661418,India,S3,2,1.0000,0.9996
S1-300536916,S2-667787408,India,S2,3,1.0000,1.0000
S1-300536916,S2-126783177,India,S2,4,0.8576,0.9993
S1-300536916,S3-107032162,India,S3,5,0.7923,0.9988
S1-300562384,S3-832000835,US,S3,1,0.8131,0.9967
S1-300562384,S2-899524575,US,S2,16,0.7667,0.9988
S1-300562384,S2-511661577,US,S2,23,0.6798,0.9986
S1-300714164,S2-98562326,India,S2,1,1.0000,0.9995
S1-300719220,S2-944323849,India,S2,3,0.8556,0.9999
S1-300719220,S2-725402270,India,S2,4,0.7724,0.9992
S1-300719220,S2-380824665,India,S2,15,0.7333,0.9984
S1-300719220,S3-110068813,India,S3,16,0.7056,0.8471
S1-300785206,S2-735509651,India,S2,1,1.0000,0.9995
S1-300785206,S3-14556885,India,S3,2,0.9000,0.9998
S1-300866184,S3-355126483,US,S3,1,0.7833,0.9991
S1-300866184,S3-763107266,US,S3,2,0.7377,0.9952
S1-300866184,S3-463496416,US,S3,3,0.7377,0.9927
S1-300966303,S3-622865837,US,S3,1,1.0000,1.0000
S1-300966303,S2-400039497,US,S2,2,1.0000,0.9997
S1-300983672,S3-903329195,US,S3,1,1.0000,0.9995
S1-300983672,S3-632580006,US,S3,240,0.6905,0.9985
S1-300983672,S3-317736466,US,S3,241,0.6905,0.9986
S1-300983672,S3-217352611,US,S3,242,0.6905,0.9985
S1-300983672,S2-100945438,US,S2,243,0.6905,0.9993
S1-300983672,S2-380034491,US,S2,244,0.6733,0.9991
S1-301032098,S3-130467828,US,S3,1,0.8316,0.9995
S1-301032098,S2-336805694,US,S2,3,0.7179,0.9914
S1-301053347,S2-485499039,US,S2,1,1.0000,0.9997
S1-301053347,S2-164923734,US,S2,2,1.0000,1.0000
S1-301053347,S2-988435320,US,S2,5,0.7500,0.9986
S1-301169403,S2-248092572,US,S2,1,1.0000,1.0000
S1-301169403,S2-115787489,US,S2,15,0.7167,0.9983
S1-301202372,S2-839127372,US,S2,1,1.0000,1.0000
S1-301202372,S2-675194008,US,S2,2,1.0000,0.9993
S1-301202372,S3-171962068,US,S3,3,0.7667,0.9987
S1-301202372,S2-217590354,US,S2,5,0.6733,0.9991
S1-301246416,S2-109484767,US,S2,1,0.8784,0.9996
S1-301444694,S2-792934121,US,S2,1,0.8647,0.9987
S1-301444694,S2-503773984,US,S2,2,0.8014,0.9993
S1-301444694,S2-727135982,US,S2,6,0.7667,0.9869
S1-301460823,S2-353641413,India,S2,1,0.6667,0.3765
S1-301460823,S2-161207069,India,S2,2,0.6667,0.9995
S1-301460823,S3-958052531,India,S3,6,0.5667,0.9958
S1-301460823,S3-61881691,India,S3,17,0.5667,0.4065
S1-301460823,S2-44004755,India,S2,51,0.5667,0.8126
S1-301500682,S3-887357293,US,S3,1,1.0000,0.9999
S1-301500682,S2-41154743,US,S2,2,0.8204,0.9993
S1-301500682,S2-113988435,US,S2,7,0.7351,0.9992
S1-30160335,S2-871768734,India,S2,1,1.0000,0.9790
S1-30160335,S3-476321693,India,S3,39,0.8500,0.4135
S1-30160335,S2-438874752,India,S2,1837,0.6256,0.9991
S1-30160335,S3-631548772,India,S3,1960,0.5186,0.1249
S1-301623295,S3-201180406,India,S3,1,1.0000,1.0000
S1-301623295,S2-657724015,India,S2,2,0.9000,0.9894
S1-301623295,S2-721205164,India,S2,3,0.6583,0.9751
S1-301623295,S3-427439092,India,S3,4,0.6556,0.9999
S1-301628180,S3-746986197,India,S3,1,0.8843,0.9994
S1-301628180,S3-256879273,India,S3,2,0.7933,0.9975
S1-301633967,S3-18756143,India,S3,1,0.9000,0.9975
S1-301633967,S2-742827580,India,S2,29,0.7667,0.9507
S1-301731568,S2-549492738,US,S2,1,0.9000,0.9989
S1-301731568,S2-695248638,US,S2,8,0.6306,0.9886
S1-301731568,S3-647373088,US,S3,9,0.5667,0.8673
S1-301759150,S2-771958090,US,S2,1,1.0000,1.0000
S1-301759150,S3-617182017,US,S3,5,0.7238,0.9992
S1-301776997,S3-967792702,India,S3,1,1.0000,1.0000
S1-301776997,S3-371335559,India,S3,4,1.0000,0.9997
S1-301776997,S3-116679211,India,S3,7,1.0000,0.9991
S1-301776997,S2-5829955,India,S2,22,0.7863,0.9982
S1-301812477,S2-620957619,US,S2,1,0.8647,0.9998
S1-301812477,S2-480757342,US,S2,2,0.8415,0.9981
S1-301812477,S3-99695093,US,S3,3,0.8246,0.9988
S1-301812477,S3-11958153,US,S3,4,0.7333,0.9932
S1-301992644,S2-274720388,India,S2,1,1.0000,0.9997
S1-302176047,S2-638460162,India,S2,51,0.7530,0.9737
S1-302197104,S3-431334098,US,S3,1,1.0000,1.0000
S1-302197104,S2-88564626,US,S2,2,0.8048,0.9975
S1-302266224,S3-732162208,US,S3,1,1.0000,1.0000
S1-302266224,S2-278269475,US,S2,2,0.8556,0.9996
S1-302276222,S3-310822002,US,S3,1,1.0000,0.9997
S1-302276222,S2-944173653,US,S2,2,1.0000,0.9992
S1-302296470,S3-882734122,India,S3,1,1.0000,0.9993
S1-302296470,S2-751443805,India,S2,2,1.0000,0.9997
S1-302296470,S3-82377267,India,S3,3,0.8500,0.9634
S1-302305692,S2-101242835,India,S2,1,1.0000,0.9997
S1-302305692,S2-426132749,India,S2,3,0.8054,0.9925
S1-302385226,S3-635156855,India,S3,2,0.8667,0.9993
S1-302549247,S3-742546109,US,S3,1,1.0000,1.0000
S1-302549247,S2-891838230,US,S2,2,0.7667,0.5307
S1-302577127,S2-604722540,India,S2,215,0.5772,0.9965
S1-302581754,S2-288431710,India,S2,1,1.0000,0.9973
S1-302581754,S2-249321654,India,S2,2,1.0000,0.9973
S1-302581754,S2-177924530,India,S2,3,1.0000,0.9999
S1-302581754,S3-534242519,India,S3,11,0.7667,0.9255
S1-302617476,S3-958054975,India,S3,1,0.8667,0.8299
S1-302617476,S3-189299694,India,S3,2,0.8667,0.6324
S1-302617476,S3-131266391,India,S3,3,0.8667,0.9991
S1-302656739,S2-290933582,US,S2,1,0.9242,0.9998
S1-302656739,S3-39100201,US,S3,2,0.8212,0.9991
S1-302656739,S3-616969683,US,S3,3,0.7970,0.9981
S1-302656739,S2-237568215,US,S2,4,0.7970,0.9974
S1-302656739,S3-526439519,US,S3,5,0.7667,0.7308
S1-302665842,S2-125623467,India,S2,1,1.0000,0.9996
S1-302665842,S3-86564658,India,S3,2,0.7726,0.9999
S1-302665842,S3-353032316,India,S3,3,0.7667,0.9381
S1-302665842,S2-18350693,India,S2,4,0.7667,0.7650
S1-302665842,S3-427650284,India,S3,25,0.4897,0.9445
S1-302694199,S2-747896811,US,S2,1,1.0000,1.0000
S1-302694199,S3-362169347,US,S3,53,0.7667,0.9991
S1-302694199,S2-23307444,US,S2,136,0.7667,0.5275
S1-302694199,S3-73244299,US,S3,150,0.7364,0.9976
S1-302711343,S3-419870476,US,S3,1,1.0000,1.0000
S1-302711343,S3-291494018,US,S3,2,1.0000,1.0000
S1-302711343,S2-949562160,US,S2,3,1.0000,1.0000
S1-302711343,S2-852152058,US,S2,4,1.0000,1.0000
S1-30279,S3-937197791,US,S3,1,1.0000,1.0000
S1-30279,S3-547041084,US,S3,2,1.0000,1.0000
S1-30279,S3-425415185,US,S3,3,1.0000,0.9998
S1-30279,S2-852564579,US,S2,4,0.8985,0.9996
S1-302838103,S3-965189593,India,S3,1,1.0000,1.0000
S1-302838103,S3-4824618,India,S3,2,1.0000,1.0000
S1-302838103,S2-43639926,India,S2,3,1.0000,0.9985
S1-302907929,S3-404370159,India,S3,1,1.0000,0.9990
S1-302907929,S3-678196575,India,S3,2,0.8396,0.9994
S1-302907929,S2-416670928,India,S2,3,0.7812,0.9956
S1-302935588,S3-766480954,US,S3,1,1.0000,0.9997
S1-302935588,S2-929798159,US,S2,2,1.0000,1.0000
S1-302935588,S2-535355599,US,S2,3,1.0000,1.0000
S1-302935588,S2-34581954,US,S2,4,1.0000,0.9997
S1-302935588,S2-251670587,US,S2,5,0.8480,0.9993
S1-302945930,S3-919127314,US,S3,1,1.0000,1.0000
S1-302945930,S3-876960653,US,S3,2,1.0000,0.9996
S1-302945930,S3-750852677,US,S3,3,1.0000,0.9999
S1-302945930,S2-219334389,US,S2,4,1.0000,0.9993
S1-302945930,S3-811779701,US,S3,7,0.6061,0.9947
S1-302945930,S2-602323519,US,S2,8,0.5458,0.9882
S1-302981876,S3-435463726,India,S3,1,0.8667,0.9797
S1-302981876,S2-428079627,India,S2,2,0.8667,0.9997
S1-303007388,S2-885401418,US,S2,1,1.0000,0.9991
S1-303007388,S2-386085782,US,S2,2,0.9310,0.9995
S1-303007388,S3-600194425,US,S3,3,0.8415,0.9990
S1-303019973,S3-933267221,US,S3,1,1.0000,1.0000
S1-303019973,S2-396519190,US,S2,2,1.0000,0.9997
S1-303019973,S3-710592481,US,S3,3,0.8576,0.9991
S1-303019973,S3-524346244,US,S3,5,0.6789,0.9978
S1-303019973,S2-371977349,US,S2,6,0.6458,0.9984
S1-303132528,S3-428870592,US,S3,1,0.7667,0.9900
S1-303132528,S3-384580234,US,S3,2,0.7667,0.8097
S1-303132528,S2-938277555,US,S2,3,0.6619,0.9991
S1-303136694,S3-725102597,US,S3,1,1.0000,1.0000
S1-303179754,S3-980430077,India,S3,1,1.0000,0.9999
S1-303179754,S2-960963482,India,S2,2,1.0000,0.9998
S1-303179754,S3-657109771,India,S3,3,0.8471,0.9989
S1-303181225,S2-262821139,US,S2,1,1.0000,0.9999
S1-303181225,S3-626199629,US,S3,2,0.6179,0.9421
S1-303213089,S3-68913908,India,S3,1,1.0000,0.9987
S1-303213089,S2-247240698,India,S2,2,0.7548,0.9992
S1-303261577,S2-597997255,US,S2,1,1.0000,0.9996
S1-303261577,S3-555415331,US,S3,2,0.8362,0.9998
S1-303261577,S3-558315946,US,S3,3,0.8256,0.9987
S1-303293627,S3-703123156,US,S3,1,1.0000,0.9986
S1-303293627,S3-302852453,US,S3,2,1.0000,1.0000
S1-303293627,S2-776766058,US,S2,3,1.0000,0.9997
S1-303293627,S2-376071164,US,S2,4,1.0000,1.0000
S1-303333748,S3-807070115,India,S3,1,1.0000,0.9999
S1-303333748,S2-522652280,India,S2,9,0.7667,0.7109
S1-303333748,S2-174800917,India,S2,14,0.7652,0.9514
S1-303360917,S3-814557554,India,S3,1,1.0000,1.0000
S1-303371528,S3-905637277,India,S3,1,1.0000,0.9977
S1-303371528,S3-59556266,India,S3,4,0.6103,0.9564
S1-303628757,S3-599809197,US,S3,1,1.0000,1.0000
S1-303628757,S2-707834115,US,S2,2,0.7667,0.9980
S1-303628757,S3-826640142,US,S3,3,0.7342,0.9952
S1-303631194,S2-824649036,US,S2,1,1.0000,0.9996
S1-303631194,S3-896857994,US,S3,2,0.9000,0.9999
S1-303697988,S3-997751147,US,S3,1,1.0000,1.0000
S1-303697988,S3-753662246,US,S3,2,1.0000,1.0000
S1-303697988,S2-404062085,US,S2,3,0.7667,0.9993
S1-303697988,S3-843062770,US,S3,4,0.7136,0.9987
S1-303758462,S2-317828562,US,S2,1,1.0000,0.9997
S1-303758462,S2-632932030,US,S2,8,0.6833,0.9983
S1-303813550,S3-186869367,US,S3,1,1.0000,1.0000
S1-303813550,S3-455216426,US,S3,2,0.9000,0.9899
S1-303813550,S2-752748939,US,S2,3,0.9000,1.0000
S1-303813550,S2-585087667,US,S2,4,0.9000,0.9999
S1-303813550,S2-459069469,US,S2,5,0.9000,0.9979
S1-303813550,S2-68782515,US,S2,13,0.7059,0.9968
S1-303813550,S3-736262362,US,S3,14,0.6833,0.9958
S1-303835196,S3-694098177,US,S3,1,1.0000,0.9997
S1-303835196,S2-915186827,US,S2,2,1.0000,1.0000
S1-303995655,S2-85397985,US,S2,1,1.0000,0.9997
S1-303995655,S2-143244417,US,S2,2,1.0000,0.9997
S1-303995655,S2-750957715,US,S2,3,0.8228,0.9999
S1-303995655,S3-548638223,US,S3,7,0.7667,0.6332
S1-304081779,S3-648362197,US,S3,1,1.0000,1.0000
S1-304081779,S3-234031304,US,S3,2,0.8849,0.9993
S1-304081779,S3-536331844,US,S3,3,0.8255,0.9978
S1-304081779,S2-301331178,US,S2,4,0.7667,0.9998
S1-304081779,S2-468402631,US,S2,5,0.7287,0.9984
S1-304111868,S3-370438452,India,S3,1,1.0000,0.9997
S1-304111868,S2-948595978,India,S2,2,1.0000,0.9954
S1-304111868,S2-511099496,India,S2,3,1.0000,0.8614
S1-304111868,S2-242890129,India,S2,4,1.0000,1.0000
S1-304130977,S3-102807964,US,S3,1,1.0000,1.0000
S1-304130977,S3-81994382,US,S3,2,0.9131,0.9992
S1-304136345,S2-510117076,US,S2,1,1.0000,0.9999
S1-304136345,S3-821022543,US,S3,2,0.9000,0.9999
S1-304136345,S2-414733414,US,S2,3,0.8363,0.9984
S1-304136345,S3-741646444,US,S3,19,0.7415,0.9783
S1-304136345,S3-58556814,US,S3,26,0.6583,0.9973
S1-304177520,S2-898324957,US,S2,1,0.9148,0.9998
S1-304177520,S3-411530612,US,S3,2,0.7061,0.9991
S1-304179821,S3-280819282,US,S3,1,0.8149,0.9960
S1-304179821,S3-487923171,US,S3,2,0.7211,0.9951
S1-304179821,S2-596449999,US,S2,3,0.7083,0.9956
S1-304197401,S3-483777300,US,S3,2,0.7576,0.9994
S1-304197401,S3-628114821,US,S3,3,0.6333,0.9963
S1-304251672,S2-942637070,US,S2,1,1.0000,1.0000
S1-304251672,S3-939630525,US,S3,2,0.6795,0.9990
S1-30426600,S3-381228851,US,S3,1,0.8719,0.9997
S1-30426600,S3-521223174,US,S3,2,0.8379,0.9987
S1-30426600,S2-326171142,US,S2,3,0.7719,0.9981
S1-30426600,S2-118254358,US,S2,4,0.7667,0.9820
S1-30426600,S3-594608748,US,S3,5,0.7644,0.9982
S1-304333626,S2-213259838,India,S2,1,0.9000,0.9815
S1-304333626,S2-178775956,India,S2,2,0.8090,0.9963
S1-304333626,S3-807119392,India,S3,3,0.7667,0.9992
S1-304333626,S3-73624019,India,S3,4,0.7667,0.9995
S1-304333626,S3-465521039,India,S3,5,0.7667,0.9988
S1-304333626,S3-101905184,India,S3,7,0.6756,0.9974
S1-304337128,S2-973744358,US,S2,1,0.9198,0.9995
S1-304353122,S3-875690420,India,S3,1,1.0000,1.0000
S1-304395975,S3-628026483,US,S3,1,1.0000,1.0000
S1-304395975,S2-547309963,US,S2,2,1.0000,0.9997
S1-304395975,S2-159391022,US,S2,4,0.7351,0.9972
S1-304537476,S3-446991998,US,S3,1,0.9000,0.9999
S1-304537476,S2-390278540,US,S2,2,0.9000,0.9981
S1-304589138,S2-73724351,US,S2,1,0.9000,1.0000
S1-304589138,S2-702501050,US,S2,2,0.9000,0.9964
S1-304589138,S3-550347744,US,S3,3,0.8349,0.9986
S1-304589138,S2-218700689,US,S2,4,0.6325,0.9982
S1-304608450,S3-957583659,US,S3,1,1.0000,0.9999
S1-304608450,S3-251048340,US,S3,2,0.7734,0.9987
S1-304728801,S3-683054260,India,S3,1,1.0000,0.9978
S1-304728801,S2-521059833,India,S2,2,0.7377,0.9794
S1-304952671,S3-220430999,India,S3,1,1.0000,1.0000
S1-304952671,S2-970032924,India,S2,2,1.0000,0.9997
S1-304952671,S2-146823467,India,S2,3,0.8451,0.9989
S1-304952671,S2-672850771,India,S2,4,0.7833,0.9982
S1-304954247,S3-534269718,India,S3,1,1.0000,0.9992
S1-304954247,S2-873792596,India,S2,2,0.9714,0.9883
S1-304954247,S2-5368854,India,S2,3,0.9714,0.9883
S1-304954247,S2-408317270,India,S2,4,0.9714,0.9796
S1-304954247,S2-229054569,India,S2,5,0.9714,0.9796
S1-304954247,S3-141122103,India,S3,7,0.8667,0.9769
S1-304954247,S3-278427006,India,S3,21,0.7491,0.9974
S1-304954247,S3-86740649,India,S3,22,0.6333,0.9878
S1-305029268,S3-613328280,India,S3,3,0.8667,0.9990
S1-305029268,S2-776308944,India,S2,63,0.7667,0.5996
S1-305064700,S3-521904318,US,S3,1,0.8179,0.9966
S1-305064700,S2-655007115,US,S2,2,0.8179,0.9971
S1-305064700,S2-461815106,US,S2,6,0.6410,0.9878
S1-305141224,S2-225346416,US,S2,1,1.0000,0.9996
S1-305141224,S3-413814635,US,S3,6,0.7667,0.7507
S1-305141224,S3-188877376,US,S3,8,0.7667,0.3015
S1-305141224,S2-359299659,US,S2,13,0.7667,0.8256
S1-305141224,S2-778176236,US,S2,15,0.6467,0.9962
S1-305209950,S2-268774906,US,S2,1,1.0000,0.9996
S1-305209950,S3-15210146,US,S3,2,0.7970,0.9991
S1-305234383,S2-423966948,India,S2,1,1.0000,0.9998
S1-305234383,S3-685390323,India,S3,2,0.7667,0.5793
S1-305234383,S3-114455130,India,S3,4,0.7667,0.3334
S1-305234383,S2-672940457,India,S2,7,0.7667,0.8735
S1-305330324,S3-888349824,India,S3,1,0.7667,0.9989
S1-305330324,S3-508755816,India,S3,2,0.7667,1.0000
S1-305330324,S2-180296226,India,S2,3,0.7667,0.9998
S1-305431850,S3-606406312,US,S3,1,0.7905,0.9950
S1-305431850,S2-244770971,US,S2,2,0.7667,0.2491
S1-305482,S2-973477915,US,S2,183,0.7667,0.8715
S1-305482,S2-668888112,US,S2,248,0.7667,0.5420
S1-305482,S2-530854948,US,S2,380,0.6000,0.9955
S1-305503669,S3-973978625,US,S3,1,0.7667,0.9970
S1-305503669,S3-872211708,US,S3,2,0.7667,0.9946
S1-305503669,S2-469970041,US,S2,4,0.7179,0.9984
S1-305503669,S2-833923186,US,S2,5,0.6795,0.9986
S1-305509546,S2-616563548,India,S2,1,1.0000,0.9928
S1-305509546,S2-315256735,India,S2,2,1.0000,1.0000
S1-305509546,S2-446918877,India,S2,3,0.8471,0.9993
S1-305509546,S3-654056633,India,S3,4,0.6410,0.9918
S1-30560112,S3-985929947,US,S3,1,1.0000,0.9983
S1-30560112,S3-567028794,US,S3,2,1.0000,0.9710
S1-30560112,S3-879865353,US,S3,4,0.8576,0.9973
S1-30560112,S2-508987061,US,S2,6,0.7667,0.3710
S1-30560112,S2-151559636,US,S2,9,0.7667,0.9993
S1-305691739,S3-280559357,India,S3,1,1.0000,0.9983
S1-305691739,S2-509301546,India,S2,2,1.0000,0.9991
S1-305691739,S2-283383327,India,S2,3,1.0000,0.9991
S1-305691739,S2-732773637,India,S2,4,0.8724,0.9978
S1-305691739,S3-675774038,India,S3,5,0.7733,0.9993
S1-305691739,S2-539110509,India,S2,8,0.7544,0.9987
S1-305691739,S3-793444772,India,S3,9,0.7281,0.9983
S1-305691739,S3-362651448,India,S3,11,0.5410,0.9494
S1-305694389,S3-987738369,US,S3,1,1.0000,0.9997
S1-305694389,S2-269630293,US,S2,2,0.8867,0.9998
S1-305694389,S2-636063945,US,S2,23,0.6936,0.9989
S1-305694389,S2-838334215,US,S2,28,0.5667,0.9937
S1-305729188,S3-854562672,India,S3,1,1.0000,0.9998
S1-305729188,S3-100459855,India,S3,66,0.7667,0.2532
S1-305729188,S2-61112765,India,S2,78,0.7667,0.2532
S1-305729188,S3-38918622,India,S3,106,0.7389,0.9998
S1-305745624,S2-361755911,India,S2,1,0.8667,0.7905
S1-305745624,S3-78071490,India,S3,2,0.8647,0.9998
S1-305745624,S3-28963512,India,S3,3,0.8407,0.9975
S1-305976603,S3-457438073,India,S3,22,0.6548,0.9984
S1-306034027,S2-648660337,India,S2,1,1.0000,0.9996
S1-306034027,S2-6369245,India,S2,2,0.8037,0.9987
S1-306034027,S3-995798947,India,S3,3,0.7037,0.9896
S1-306034027,S3-639559149,India,S3,4,0.5833,0.9996
S1-306067385,S3-229592114,US,S3,1,1.0000,1.0000
S1-306067385,S3-124792259,US,S3,2,1.0000,1.0000
S1-306067385,S3-544201616,US,S3,3,0.7949,0.9963
S1-306067385,S2-232973796,US,S2,6,0.6794,0.9968
S1-306110961,S2-364267516,US,S2,1,1.0000,0.9998
S1-306110961,S3-97564711,US,S3,2,0.9000,0.9999
S1-306110961,S2-166650663,US,S2,3,0.6000,0.9676
S1-306118156,S3-650108394,India,S3,1,1.0000,1.0000
S1-306118156,S2-612612088,India,S2,4,0.6437,0.9988
S1-306156209,S3-880922232,India,S3,63,0.6933,0.9949
S1-306156209,S2-326606575,India,S2,68,0.6250,0.9991
S1-306156209,S2-889099783,India,S2,107,0.5476,0.9890
S1-306183616,S3-555558172,US,S3,1,0.8583,0.9985
S1-306183616,S3-61659957,US,S3,2,0.8396,0.9991
S1-306183616,S3-405534598,US,S3,3,0.7667,0.9989
S1-306183616,S2-424444385,US,S2,4,0.7667,0.9995
S1-306183616,S3-526468737,US,S3,5,0.7614,0.9987
S1-306198266,S3-557244716,India,S3,1,0.9000,0.9985
S1-306205657,S3-389890732,India,S3,1,1.0000,0.9997
S1-306281296,S2-707213362,US,S2,1,0.9000,1.0000
S1-306281296,S2-656340623,US,S2,2,0.9000,1.0000
S1-306281296,S2-472466898,US,S2,3,0.9000,0.9989
S1-306291606,S2-237272005,India,S2,1,0.8667,0.6021
S1-306345946,S3-160166836,US,S3,1,0.9000,0.9930
S1-306345946,S2-414544870,US,S2,3,0.8109,0.9971
S1-306345946,S3-737952056,US,S3,4,0.7551,0.9990
S1-306345946,S2-841235350,US,S2,5,0.6390,0.9950
S1-306408959,S3-902402753,US,S3,1,1.0000,0.9999
S1-306408959,S2-924490888,US,S2,2,1.0000,1.0000
S1-306451989,S2-116481160,India,S2,1,1.0000,1.0000
S1-306451989,S2-837089985,India,S2,10,0.7801,0.9977
S1-306578394,S2-198688,US,S2,1,0.7583,0.9999
S1-306578394,S3-274523380,US,S3,2,0.6548,0.9986
S1-306679085,S2-913092947,US,S2,1,1.0000,0.9996
S1-306679085,S3-219519612,US,S3,2,0.8727,0.9988
S1-306679085,S2-301618893,US,S2,3,0.8727,0.9973
S1-306679085,S3-676138066,US,S3,4,0.8266,0.9998
S1-306679085,S2-644325866,US,S2,5,0.8062,0.9973
S1-306733824,S2-351928655,US,S2,1,1.0000,0.9998
S1-306733824,S2-105927863,US,S2,2,1.0000,1.0000
S1-306733824,S3-563927523,US,S3,5,0.7667,0.5275
S1-306733890,S2-367951942,India,S2,1,1.0000,1.0000
S1-306741036,S2-32503014,US,S2,1,1.0000,1.0000
S1-306741036,S3-991601415,US,S3,2,0.7970,0.9997
S1-306741036,S3-555741721,US,S3,3,0.7725,0.9992
S1-30675561,S3-836655457,US,S3,1,1.0000,1.0000
S1-30675561,S3-27635204,US,S3,2,1.0000,0.9999
S1-30675561,S3-559801566,US,S3,3,0.7088,0.9983
S1-306763756,S3-172535613,US,S3,1,1.0000,0.9996
S1-306763756,S2-951140720,US,S2,2,1.0000,0.9998
S1-306763756,S2-627713525,US,S2,3,1.0000,0.9997
S1-306763756,S2-33152050,US,S2,4,1.0000,0.9997
S1-306763756,S3-207387952,US,S3,5,0.8333,0.9973
S1-306763756,S3-918818981,US,S3,6,0.8236,0.9978
S1-306763756,S2-601498959,US,S2,7,0.8143,0.9955
S1-306763756,S3-857547464,US,S3,14,0.7410,0.9982
S1-30678987,S2-654417557,US,S2,1,1.0000,1.0000
S1-30678987,S3-947282447,US,S3,2,0.9000,0.9968
S1-30678987,S3-469376779,US,S3,3,0.6649,0.2113
S1-306838644,S2-929464105,US,S2,57,0.7667,0.5273
S1-306838644,S3-212489134,US,S3,105,0.6847,0.9934
S1-306856692,S2-200176335,US,S2,1,0.7967,0.9987
S1-306856692,S3-741360034,US,S3,2,0.7667,0.9913
S1-306856692,S3-293861065,US,S3,9,0.7220,1.0000
S1-306901210,S3-827875599,India,S3,1,1.0000,1.0000
S1-306901210,S3-602187241,India,S3,2,1.0000,0.9998
S1-306901210,S3-549240264,India,S3,3,0.7926,0.9994
S1-306901210,S3-992427081,India,S3,4,0.7667,0.9988
S1-306925209,S3-462014022,India,S3,1,1.0000,0.9949
S1-306925209,S2-670495973,India,S2,2,1.0000,0.9970
S1-306927570,S3-101802931,US,S3,1,0.8667,0.9021
S1-306927570,S2-834399138,US,S2,2,0.8135,0.9988
S1-306927570,S2-170006850,US,S2,3,0.8018,0.9988
S1-306927570,S2-496233997,US,S2,16,0.7667,0.5855
S1-306927570,S3-607297539,US,S3,28,0.6163,0.9890
S1-30693166,S3-322960855,US,S3,1,1.0000,1.0000
S1-30693166,S3-166405163,US,S3,2,1.0000,1.0000
S1-30693166,S2-335084695,US,S2,3,0.9205,0.9998
S1-30693166,S3-250863758,US,S3,4,0.7692,0.9994
S1-307140046,S3-997832529,US,S3,1,1.0000,1.0000
S1-307140046,S3-114459375,US,S3,2,1.0000,0.9999
S1-307140046,S3-501589259,US,S3,3,0.9078,0.9997
S1-307140046,S3-524076633,US,S3,4,0.8216,0.9999
S1-307297335,S3-291122571,US,S3,1,1.0000,1.0000
S1-307439606,S3-890297654,US,S3,1,0.9000,0.9997
S1-307439606,S2-591807145,US,S2,2,0.9000,0.9992
S1-307439606,S3-848890,US,S3,4,0.7111,0.9974
S1-307453699,S2-922897384,India,S2,1132,0.6889,0.6171
S1-307527686,S3-732666661,India,S3,1,0.9333,0.9999
S1-307527686,S3-467540540,India,S3,2,0.9333,0.9999
S1-307527686,S3-263874399,India,S3,3,0.9333,0.9881
S1-307527686,S2-40387908,India,S2,10,0.7667,0.8114
S1-307527686,S2-467024409,India,S2,11,0.7190,0.9930
S1-307527686,S2-119205395,India,S2,12,0.7190,0.9905
S1-307527686,S3-320676503,India,S3,15,0.6524,0.9485
S1-307564615,S3-898959502,US,S3,1,1.0000,1.0000
S1-307564615,S2-633397763,US,S2,2,1.0000,1.0000
S1-307564615,S2-383367678,US,S2,3,1.0000,0.9999
S1-307564615,S3-6522674,US,S3,4,0.8281,1.0000
S1-307625236,S2-791499899,US,S2,1,0.8176,0.9767
S1-307625236,S3-888663887,US,S3,2,0.7667,0.4336
S1-307625236,S3-793511178,US,S3,3,0.7667,0.4336
S1-307625236,S2-490375116,US,S2,5,0.7667,0.9993
S1-30762988,S3-405344743,US,S3,1,1.0000,1.0000
S1-30762988,S3-255699824,US,S3,2,1.0000,1.0000
S1-30762988,S3-118266568,US,S3,3,1.0000,0.9999
S1-30762988,S2-826145399,US,S2,4,1.0000,0.9998
S1-30762988,S2-316578815,US,S2,5,1.0000,1.0000
S1-30762988,S3-758476975,US,S3,113,0.7390,0.9995
S1-30762988,S3-645531385,US,S3,114,0.7143,0.9982
S1-307690572,S2-113742630,India,S2,1,0.8061,0.9871
S1-307705401,S3-922078800,US,S3,1,1.0000,1.0000
S1-307705401,S3-10476083,US,S3,2,1.0000,1.0000
S1-307705401,S2-995897783,US,S2,3,1.0000,1.0000
S1-307705401,S2-146970313,US,S2,828,0.7667,0.9997
S1-307754039,S3-811049205,US,S3,1,0.7905,0.9999
S1-307754039,S2-16626082,US,S2,2,0.7667,0.9996
S1-307772698,S2-947337991,US,S2,1,1.0000,1.0000
S1-307772698,S3-583340549,US,S3,2,0.8667,0.9960
S1-307772698,S3-529072702,US,S3,3,0.8667,0.8301
S1-307772698,S3-341019532,US,S3,7,0.6410,0.9947
S1-307817509,S2-944619744,US,S2,1,0.8246,0.9993
S1-307817509,S3-718625026,US,S3,2,0.8179,0.9992
S1-307817509,S2-604472624,US,S2,3,0.7667,0.9985
S1-307817509,S3-208589803,US,S3,4,0.7667,0.5275
S1-307837236,S2-142815818,US,S2,1,1.0000,0.9998
S1-307837236,S3-583911256,US,S3,206,0.7576,0.9989
S1-307901392,S2-773412828,US,S2,1,1.0000,1.0000
S1-307901392,S2-453212020,US,S2,2,1.0000,1.0000
S1-307901392,S2-765940172,US,S2,3,0.7491,0.9972
S1-307901392,S3-496634283,US,S3,4,0.7333,0.9979
S1-307901392,S3-183114033,US,S3,5,0.7333,0.9985
S1-307901392,S3-604705984,US,S3,6,0.7228,0.9999
S1-30798823,S2-789227566,US,S2,1,1.0000,1.0000
S1-30798823,S2-676726914,US,S2,2,1.0000,1.0000
S1-30798823,S3-365364581,US,S3,6,0.7667,0.8097
S1-30801419,S3-554170122,US,S3,1,1.0000,1.0000
S1-308021622,S2-374884584,US,S2,1,1.0000,1.0000
S1-308021622,S2-231155689,US,S2,2,1.0000,1.0000
S1-308021622,S3-546329354,US,S3,3,0.8667,0.9992
S1-308021622,S3-204227543,US,S3,6,0.7468,0.8919
S1-308118243,S2-195835939,India,S2,1,1.0000,1.0000
S1-308118243,S3-136277246,India,S3,2,0.7702,0.9905
S1-308118243,S2-866247717,India,S2,4,0.7667,0.8040
S1-308122040,S2-36011767,US,S2,1,1.0000,1.0000
S1-308122040,S3-498313259,US,S3,120,0.7451,0.9643
S1-308122040,S3-832176746,US,S3,121,0.6833,0.9999
S1-308208740,S3-917528554,India,S3,1,1.0000,1.0000
S1-308208740,S3-707907488,India,S3,2,1.0000,1.0000
S1-308208740,S3-385121013,India,S3,11,0.6667,0.9966
S1-308211300,S3-491978218,India,S3,1,1.0000,0.9986
S1-308211300,S2-618159237,India,S2,70,0.6965,1.0000
S1-308501523,S3-312105535,US,S3,1,0.8867,0.9998
S1-308501523,S3-134155593,US,S3,2,0.8862,0.9997
S1-308501523,S2-373337711,US,S2,3,0.7792,0.9987
S1-308501523,S3-871280562,US,S3,4,0.7667,0.2115
S1-308509199,S2-400955456,US,S2,1,1.0000,1.0000
S1-308527541,S3-448232309,India,S3,1,0.9333,0.9999
S1-308527541,S2-905893289,India,S2,60,0.5950,0.9466
S1-30864263,S3-40115824,India,S3,1,1.0000,1.0000
S1-30864263,S2-466620465,India,S2,2,0.9200,0.8898
S1-30864263,S2-157004829,India,S2,3,0.9200,0.9997
S1-308654631,S2-29341261,US,S2,1,0.9000,0.9991
S1-308654631,S3-128337547,US,S3,2,0.8960,0.9998
S1-308656537,S3-448332370,US,S3,1,1.0000,1.0000
S1-308656537,S3-306565780,US,S3,2,1.0000,0.9999
S1-308656537,S2-741634256,US,S2,3,0.8667,0.9844
S1-308656537,S2-284565661,US,S2,10,0.6654,0.9677
S1-308671585,S3-928797548,India,S3,2,1.0000,0.9999
S1-308718069,S3-393823785,US,S3,1,0.8603,0.9998
S1-308718069,S3-896957181,US,S3,2,0.8515,0.9988
S1-308718069,S2-905993682,US,S2,3,0.7879,0.9989
S1-308724948,S3-362490409,India,S3,1,0.7667,0.5748
S1-308724948,S2-866632218,India,S2,2,0.7667,0.6166
S1-308724948,S2-144317496,India,S2,3,0.7667,0.9991
S1-308770886,S2-335580907,India,S2,1,1.0000,0.8245
S1-308770886,S2-252266980,India,S2,2,1.0000,1.0000
S1-308869207,S2-740372928,US,S2,1,0.8471,0.9996
S1-308869207,S3-887242981,US,S3,2,0.8245,0.9975
S1-308869207,S3-675226502,US,S3,3,0.8171,0.9991
S1-308869207,S2-149666114,US,S2,5,0.7471,0.9994
S1-308871064,S2-681525509,US,S2,1,1.0000,0.9997
S1-308871064,S2-447015388,US,S2,2,1.0000,0.9998
S1-308871064,S3-66740522,US,S3,3,0.7564,0.9999
S1-308883258,S3-609543365,India,S3,1,1.0000,1.0000
S1-308898117,S3-767130724,US,S3,8,0.7126,0.9994
S1-30894516,S2-783595951,US,S2,1,0.8667,0.9996
S1-30894516,S2-272420452,US,S2,2,0.8117,0.9982
S1-309136058,S3-801585539,US,S3,1,1.0000,1.0000
S1-309136058,S2-560016502,US,S2,2,1.0000,1.0000
S1-309136058,S3-555179193,US,S3,3,0.8480,0.9994
S1-309136058,S2-285754919,US,S2,4,0.8480,0.9994
S1-309136058,S2-271817063,US,S2,5,0.7950,0.9996
S1-30915826,S2-644967298,US,S2,1,1.0000,0.9995
S1-309164558,S3-301406842,US,S3,1,1.0000,0.9999
S1-309249467,S3-534932039,US,S3,1,1.0000,0.9999
S1-309249467,S3-244757325,US,S3,2,1.0000,1.0000
S1-309249467,S2-430835120,US,S2,3,0.8491,0.9997
S1-309257550,S2-66687113,US,S2,1,1.0000,0.9999
S1-309328737,S3-924238275,India,S3,1,1.0000,0.9998
S1-309385831,S2-303229409,India,S2,1,0.7667,0.9994
S1-309385831,S2-169542121,India,S2,2,0.7667,0.9994
S1-309385831,S3-340230707,India,S3,3,0.6333,0.9685
S1-309385831,S3-181699090,India,S3,4,0.6333,0.9859
S1-30939509,S3-736277990,US,S3,1,1.0000,0.9980
S1-30939509,S3-130214530,US,S3,2,1.0000,1.0000
S1-30939509,S2-839714985,US,S2,3,0.8111,0.9980
S1-30939509,S3-416263124,US,S3,13,0.7667,0.5275
S1-309406332,S2-310121373,India,S2,1,0.8667,0.9986
S1-309412236,S2-46593626,India,S2,3,0.8576,0.9997
S1-309412236,S3-755057248,India,S3,14,0.8018,0.9887
S1-309412236,S3-220729500,India,S3,73,0.7429,0.9982
S1-309458641,S3-102323623,US,S3,1,1.0000,1.0000
S1-309458641,S2-858757833,US,S2,2,1.0000,0.9998
S1-309458641,S2-447584619,US,S2,3,1.0000,1.0000
S1-309458641,S3-202881984,US,S3,4,0.7667,0.6965
S1-309458641,S2-714217994,US,S2,6,0.7667,0.7834
S1-309501869,S3-87445854,India,S3,1,1.0000,0.9985
S1-309501869,S3-452321400,India,S3,2,1.0000,0.9985
S1-309501869,S2-235900702,India,S2,3,0.8000,0.9968
S1-309504492,S3-409781622,US,S3,1,1.0000,0.9999
S1-309504492,S2-456587212,US,S2,2,1.0000,1.0000
S1-309504492,S3-659258501,US,S3,3,0.7667,1.0000
S1-309518671,S3-811087973,US,S3,1,1.0000,1.0000
S1-309518671,S2-411464582,US,S2,2,1.0000,0.9997
S1-309518671,S3-111784094,US,S3,3,0.7960,0.9984
S1-309518671,S2-926685453,US,S2,4,0.7892,0.9986
S1-30957671,S2-105761303,India,S2,1,1.0000,0.9987
S1-30957671,S3-767940676,India,S3,2,0.8667,0.9993
S1-30957671,S3-799360185,India,S3,6,0.6721,0.7896
S1-30957671,S3-189263313,India,S3,22,0.5800,0.2913
S1-30957671,S3-170109665,India,S3,23,0.5800,0.2913
S1-30957671,S3-354141122,India,S3,38,0.5429,0.6741
S1-309611441,S3-520551430,US,S3,1,1.0000,1.0000
S1-309611441,S2-523810344,US,S2,2,0.9000,0.9956
S1-309627630,S2-912316397,US,S2,1,0.9000,1.0000
S1-309627630,S2-364379906,US,S2,2,0.9000,1.0000
S1-309627630,S3-571056724,US,S3,3,0.8126,0.9999
S1-309659512,S3-342042308,US,S3,1,0.8681,0.9997
S1-309659512,S2-245482317,US,S2,2,0.7667,0.9136
S1-309814011,S2-570488934,US,S2,871,0.7667,0.9846
S1-309836815,S2-789050151,US,S2,1,1.0000,1.0000
S1-309836815,S2-779244039,US,S2,2,1.0000,0.9996
S1-309836815,S3-395313056,US,S3,4,0.7417,0.9931
S1-309836815,S2-49993285,US,S2,5,0.7175,0.9926
S1-30985227,S2-177270136,US,S2,1,1.0000,1.0000
S1-30985227,S2-914912208,US,S2,14,0.7667,0.3128
S1-309953485,S3-900905717,US,S3,1,1.0000,1.0000
S1-309953485,S2-644831284,US,S2,2,1.0000,0.9999
S1-309961055,S3-789898039,US,S3,1,1.0000,0.9999
S1-309961055,S3-946687908,US,S3,2,0.9067,0.9998
S1-309961055,S2-605128239,US,S2,3,0.9000,0.9963
S1-310114710,S2-781992579,India,S2,1,1.0000,1.0000
S1-310114710,S2-761275171,India,S2,2,1.0000,0.9997
S1-310114710,S2-2255861,India,S2,3,1.0000,0.9997
S1-310114710,S3-751306030,India,S3,7,0.7667,0.7149
S1-310275214,S3-880638609,India,S3,1,0.8667,0.7346
S1-310275214,S2-866619184,India,S2,3,0.7667,0.4718
S1-310315770,S2-939649639,India,S2,1,1.0000,0.9991
S1-310315770,S2-186713517,India,S2,2,1.0000,0.9991
S1-310315770,S3-934734650,India,S3,3,0.9500,0.9889
S1-310315770,S3-571091203,India,S3,4,0.9500,0.9889
S1-310315770,S2-402725278,India,S2,11,0.7667,0.9014
S1-310322708,S2-225851285,India,S2,4,0.7222,0.9998
S1-310322708,S3-696856191,India,S3,5,0.7117,0.9829
S1-310322708,S3-718395762,India,S3,6,0.4048,0.6095
S1-310398828,S3-600651022,US,S3,1,1.0000,1.0000
S1-310398828,S2-87126994,US,S2,2,1.0000,1.0000
S1-310398828,S2-308474080,US,S2,3,1.0000,1.0000
S1-310398828,S3-655751241,US,S3,146,0.7222,0.9948
S1-310423648,S3-84745831,US,S3,1,1.0000,1.0000
S1-310423648,S2-696524034,US,S2,2,1.0000,0.9998
S1-310423648,S2-646525184,US,S2,3,1.0000,1.0000
S1-310423648,S2-962390847,US,S2,607,0.7667,0.5275
S1-310423648,S3-907019707,US,S3,1167,0.7250,0.9999
S1-310423648,S2-857089151,US,S2,1168,0.6882,0.9986
S1-310463948,S2-699376340,India,S2,1,0.8667,0.9988
S1-310463948,S2-127797727,India,S2,2,0.8667,0.9999
S1-310579490,S3-401568623,US,S3,1,1.0000,1.0000
S1-310579490,S3-222676613,US,S3,2,0.8195,0.9994
S1-310579490,S2-338743271,US,S2,3,0.8090,0.9986
S1-310579490,S3-530802753,US,S3,4,0.8054,0.9984
S1-310579490,S2-826930267,US,S2,5,0.7818,0.9992
S1-310661395,S2-170705914,US,S2,2,0.7667,0.9957
S1-310661395,S3-506027263,US,S3,3,0.5889,0.9998
S1-31073748,S3-75744608,India,S3,1,1.0000,0.9974
S1-310772954,S2-579179788,US,S2,1,0.8667,0.9402
S1-310772954,S3-220430609,US,S3,2,0.8179,0.9982
S1-310772954,S3-303479151,US,S3,70,0.7667,0.9989
S1-310779620,S3-914168892,US,S3,1,1.0000,0.9995
S1-310779620,S2-734998569,US,S2,2,1.0000,0.9997
S1-310779620,S3-616326081,US,S3,3,0.7889,0.9995
S1-310825073,S3-7172423,US,S3,1,1.0000,0.9995
S1-310825073,S2-950113924,US,S2,2,0.9000,0.9893
S1-310825073,S3-587024628,US,S3,3,0.8519,0.9993
S1-310825073,S3-734011459,US,S3,140,0.6692,0.9985
S1-31084579,S2-540299705,India,S2,1,1.0000,0.9987
S1-31084579,S3-273304231,India,S3,2,0.9000,0.9951
S1-31084579,S3-312338366,India,S3,3,0.7933,1.0000
S1-31084579,S3-107814570,India,S3,19,0.6847,0.9931
S1-31084579,S2-948549038,India,S2,74,0.6491,0.9952
S1-31084579,S2-783318426,India,S2,2048,0.4714,0.4012
S1-311030527,S2-997705948,India,S2,13,0.6439,0.9996
S1-311045753,S3-593392525,India,S3,1,0.9333,0.9999
S1-311045753,S3-514117348,India,S3,2,0.9333,0.9230
S1-311045753,S2-870713084,India,S2,3,0.8667,0.9991
S1-311045753,S2-276248182,India,S2,4,0.8667,0.4412
S1-311045753,S3-804017053,India,S3,22,0.6892,0.9527
S1-31112392,S2-249606298,US,S2,1,0.7037,0.9956
S1-311137828,S3-166078320,US,S3,1,1.0000,0.9993
S1-311137828,S2-839460634,US,S2,2,1.0000,0.9995
S1-311137828,S2-381031566,US,S2,3,0.9000,0.9999
S1-311164344,S3-107603640,India,S3,1,1.0000,1.0000
S1-311164344,S2-168119992,India,S2,2,1.0000,1.0000
S1-311164344,S3-842931211,India,S3,3,0.8117,0.9557
S1-311164344,S3-224831580,India,S3,4,0.8117,0.9771
S1-311164344,S2-645650956,India,S2,5,0.8117,0.9954
S1-311164344,S3-113923072,India,S3,6,0.7444,0.9971
S1-311195011,S3-627566852,US,S3,1,1.0000,1.0000
S1-311195011,S2-276204774,US,S2,2,1.0000,0.9997
S1-311289533,S3-214081454,US,S3,1,1.0000,0.9998
S1-311289533,S3-400657440,US,S3,6,0.6928,0.9895
S1-311289533,S2-94166272,US,S2,7,0.6333,0.9530
S1-311303535,S3-223684717,US,S3,1,1.0000,1.0000
S1-311303535,S2-975653353,US,S2,2,1.0000,1.0000
S1-311303535,S2-679845710,US,S2,49,0.6357,0.9861
S1-311305210,S3-965121116,US,S3,1,1.0000,1.0000
S1-311305210,S2-12874755,US,S2,2,1.0000,1.0000
S1-311305210,S3-178501502,US,S3,3,0.9000,1.0000
S1-311305210,S3-563084509,US,S3,16,0.6364,0.9998
S1-311342857,S3-535394389,US,S3,1,0.9131,0.9998
S1-311342857,S3-361548098,US,S3,2,0.9000,0.9999
S1-311342857,S2-193071800,US,S2,3,0.7760,0.9978
S1-311342857,S2-768135610,US,S2,4,0.7667,0.8306
S1-311342857,S3-798016551,US,S3,5,0.7485,0.9978
S1-311417517,S3-779296457,US,S3,1,1.0000,0.9998
S1-311417517,S2-868203046,US,S2,2,1.0000,0.9998
S1-311417517,S2-303922071,US,S2,3,1.0000,0.9998
S1-311417517,S2-60473705,US,S2,4,0.8708,0.9997
S1-311417517,S2-584133630,US,S2,11,0.7476,0.9985
S1-311417517,S3-832050069,US,S3,12,0.6710,0.9972
S1-311520943,S2-466799036,US,S2,1,1.0000,0.9997
S1-311520943,S3-399637677,US,S3,2,0.7667,0.9790
S1-311520943,S3-330042323,US,S3,3,0.7667,0.4324
S1-311568337,S2-96449652,India,S2,3,0.7667,0.7427
S1-311568337,S3-43812502,India,S3,4,0.6852,0.3318
S1-31159774,S2-780388304,India,S2,2,0.9000,1.0000
S1-31159774,S3-751993226,India,S3,5,0.7992,0.9891
S1-31159774,S3-475284112,India,S3,6,0.7992,0.9958
S1-31163795,S2-240186736,India,S2,1,1.0000,0.9991
S1-31163795,S2-45737780,India,S2,1293,0.6942,0.9998
S1-311728134,S3-783387759,US,S3,1,1.0000,1.0000
S1-311728134,S2-914708451,US,S2,2,0.8527,0.9993
S1-311728134,S3-723307651,US,S3,3,0.8000,0.9981
S1-311793609,S3-599888740,US,S3,2,0.9000,0.9999
S1-311793609,S3-254173479,US,S3,5,0.9000,0.9911
S1-311793609,S3-932515151,US,S3,3287,0.5667,0.9933
S1-311793609,S2-502067237,US,S2,3386,0.5237,0.9597
S1-311908689,S3-615749250,India,S3,1,1.0000,0.9973
S1-311908689,S3-173237385,India,S3,3,0.7752,0.9767
S1-311946666,S2-154589606,India,S2,7,0.8667,0.9641
S1-312014654,S2-357548507,US,S2,1,1.0000,1.0000
S1-312014654,S2-87036713,US,S2,5,0.7548,0.9996
S1-312014654,S2-593564505,US,S2,6,0.7500,0.9478
S1-312014654,S3-442121467,US,S3,7,0.6658,0.9737
S1-312074179,S2-821956566,India,S2,1,0.8667,0.4773
S1-312124889,S3-346718371,India,S3,1,1.0000,0.9989
S1-312124889,S3-100703292,India,S3,104,0.6154,0.9940
S1-312257429,S3-514515561,India,S3,1,1.0000,1.0000
S1-312257429,S2-812593791,India,S2,2,1.0000,1.0000
S1-312257429,S3-234272481,India,S3,3,0.8724,0.9996
S1-312257429,S3-620329573,India,S3,4,0.7667,0.9055
S1-312266820,S2-563404391,India,S2,1,0.9333,0.9834
S1-312266820,S3-897468416,India,S3,281,0.5174,0.9903
S1-312397489,S2-975147067,US,S2,1,1.0000,0.9995
S1-312397489,S2-197985003,US,S2,2,1.0000,1.0000
S1-312397489,S3-917856268,US,S3,46,0.6970,0.9986
S1-312397489,S2-555275410,US,S2,47,0.6667,0.9978
S1-31246067,S3-318355958,India,S3,1,0.9333,0.8942
S1-312461506,S2-596644907,US,S2,1,0.9333,1.0000
S1-312461506,S3-852572682,US,S3,4,0.7395,0.9953
S1-312461506,S2-828031656,US,S2,6,0.5825,0.9987
S1-312461687,S3-311872798,India,S3,1,1.0000,0.9992
S1-312461687,S2-553422855,India,S2,2,1.0000,1.0000
S1-312461687,S2-127979866,India,S2,3,0.8480,0.9997
S1-312497256,S2-902234780,US,S2,1,1.0000,1.0000
S1-312517435,S2-818187284,US,S2,1,1.0000,0.9558
S1-312517435,S3-224239609,US,S3,2,0.7667,0.2964
S1-312568202,S3-502833947,US,S3,1,1.0000,0.9990
S1-312568202,S3-422683465,US,S3,2,1.0000,0.9990
S1-312568202,S2-699718081,US,S2,3,1.0000,0.9994
S1-312572904,S3-549447564,India,S3,1,1.0000,0.9963
S1-312572904,S3-365370283,India,S3,2,1.0000,1.0000
S1-312572904,S3-409652506,India,S3,3,0.9000,0.9967
S1-31267008,S3-953522660,US,S3,1,1.0000,1.0000
S1-31267008,S3-344686070,US,S3,2,1.0000,0.9997
S1-31267008,S2-669572237,US,S2,3,1.0000,0.9992
S1-312702095,S3-920367862,India,S3,1,0.8667,0.9992
S1-312702095,S3-501168350,India,S3,2,0.8667,0.8735
S1-312702095,S2-780480670,India,S2,3,0.7667,0.9990
S1-312702095,S2-269039974,India,S2,4,0.7667,0.7701
S1-312716856,S3-109059058,US,S3,1,1.0000,0.9999
S1-312716856,S2-910196978,US,S2,2,1.0000,1.0000
S1-312716856,S3-745987812,US,S3,5,0.8083,0.9974
S1-312769163,S2-481025384,US,S2,1,0.9354,0.9998
S1-312769163,S2-806732133,US,S2,2,0.8365,0.9994
S1-312769163,S3-889920935,US,S3,4,0.7458,0.9988
S1-312780642,S3-522205801,US,S3,1,0.7804,0.9993
S1-312780642,S3-411850493,US,S3,2,0.7667,0.8520
S1-312780642,S2-196837516,US,S2,3,0.7548,0.9803
S1-31285012,S3-8675148,US,S3,1,1.0000,0.9995
S1-31285012,S3-824174358,US,S3,2,0.9000,0.9999
S1-31285012,S3-11556946,US,S3,3,0.8500,0.9994
S1-31285012,S2-422237020,US,S2,7,0.7387,0.9916
S1-312850734,S2-367677373,US,S2,1,1.0000,1.0000
S1-312850734,S3-443925568,US,S3,34,0.6185,0.9997
S1-312885830,S3-83326568,US,S3,1,1.0000,1.0000
S1-312885830,S2-170088709,US,S2,2,0.7667,0.9956
S1-312888455,S2-802435427,India,S2,1,1.0000,0.9998
S1-312888455,S3-282828247,India,S3,2,0.9500,0.9978
S1-312892438,S3-931727148,India,S3,1,1.0000,0.9994
S1-312892438,S2-743816978,India,S2,5,0.5667,0.9807
S1-312931249,S2-752904918,US,S2,1,1.0000,0.9995
S1-312931249,S2-876896018,US,S2,2,0.8436,0.9978
S1-312931249,S2-369932988,US,S2,7,0.6306,0.9931
S1-312936967,S3-436511175,India,S3,1,1.0000,0.9991
S1-312936967,S2-672992140,India,S2,2,1.0000,0.9997
S1-312936967,S2-428252781,India,S2,10,0.8255,0.9943
S1-312936967,S3-728244033,India,S3,20,0.7667,0.7351
S1-312974514,S2-596168912,US,S2,1,0.8083,0.9981
S1-312974514,S3-355230802,US,S3,2,0.7758,0.9987
S1-31307700,S3-940142366,US,S3,1,1.0000,1.0000
S1-31307700,S2-644079461,US,S2,2,0.9000,0.9951
S1-31307700,S2-367017230,US,S2,3,0.7667,0.5182
S1-31307700,S2-109225312,US,S2,4,0.7667,0.9016
S1-31307700,S3-696640643,US,S3,5,0.7333,0.9998
S1-313078690,S3-86419543,US,S3,1,1.0000,0.9998
S1-313078690,S2-128276884,US,S2,2,0.8619,0.9998
S1-313078690,S2-510858774,US,S2,3,0.8083,0.9973
S1-313084712,S3-146111668,US,S3,1,1.0000,1.0000
S1-313084712,S2-559390396,US,S2,2,0.7667,0.9997
S1-313084712,S3-93478532,US,S3,3,0.5641,0.9868
S1-31309470,S3-589745212,US,S3,1,1.0000,0.9995
S1-31309470,S2-548145567,US,S2,3,0.7667,0.7834
S1-313165194,S3-274417896,India,S3,1,0.6469,0.9610
S1-313165194,S2-867923067,India,S2,2,0.6083,0.9450
S1-313165194,S2-807966836,India,S2,5,0.5847,0.9703
S1-313165194,S2-199621127,India,S2,37,0.5016,0.8641
S1-313197456,S3-140927366,India,S3,1,1.0000,0.9979
S1-313197456,S2-405975926,India,S2,2,1.0000,1.0000
S1-313203456,S3-794408228,US,S3,1,1.0000,1.0000
S1-313203456,S2-416014987,US,S2,11,0.7667,0.9875
S1-313203456,S2-209691954,US,S2,13,0.7667,0.4753
S1-313243380,S2-338940927,US,S2,1,1.0000,0.9998
S1-313243380,S3-175925965,US,S3,2,0.7917,0.9949
S1-313343447,S2-920616196,India,S2,1,0.9600,0.9984
S1-313362624,S3-269734723,US,S3,1,0.9014,0.9997
S1-313362624,S2-924630051,US,S2,2,0.8135,0.9991
S1-313362624,S2-749308109,US,S2,3,0.8135,0.9982
S1-313368429,S2-781491413,India,S2,1,1.0000,0.9993
S1-313368429,S2-364336507,India,S2,2,1.0000,1.0000
S1-313368429,S2-29383658,India,S2,3,1.0000,0.9998
S1-313371748,S3-743259102,US,S3,1,1.0000,0.9999
S1-313371748,S3-425951463,US,S3,2,1.0000,0.9999
S1-313371748,S2-519226422,US,S2,3,1.0000,0.9999
S1-313371748,S2-435820802,US,S2,4,1.0000,1.0000
S1-313371748,S3-958285289,US,S3,5,0.8530,0.9998
S1-313371748,S2-265873192,US,S2,6,0.8530,0.9988
S1-313371748,S3-11557748,US,S3,7,0.8449,0.9998
S1-31338710,S2-862678920,India,S2,1,0.8556,0.9997
S1-31338710,S3-926734729,India,S3,129,0.6128,0.9992
S1-31347602,S2-669362438,US,S2,1,1.0000,0.9981
S1-31347602,S2-122484193,US,S2,2,1.0000,0.9994
S1-31347602,S3-769108755,US,S3,3,0.7667,0.9994
S1-31347602,S2-667332559,US,S2,4,0.7667,0.7768
S1-31347602,S3-848137153,US,S3,5,0.7222,0.9920
S1-313521458,S3-877196511,India,S3,1,1.0000,1.0000
S1-313521458,S3-816040853,India,S3,2,1.0000,1.0000
S1-313521458,S2-708337551,India,S2,3,0.8515,0.9962
S1-313521458,S2-655863453,India,S2,4,0.7833,0.9976
S1-313521458,S2-498476561,India,S2,5,0.6867,0.9389
S1-313547895,S3-446276175,India,S3,1,0.9000,0.9100
S1-313547895,S2-91983644,India,S2,11,0.7471,0.9898
S1-313547895,S3-880897611,India,S3,12,0.6667,0.9434
S1-313547895,S3-457467649,India,S3,18,0.5833,0.9098
S1-313602762,S3-729495735,India,S3,1,0.9333,0.9688
S1-313602762,S3-354686423,India,S3,2,0.9333,0.9999
S1-313602762,S2-166976601,India,S2,4,0.8619,0.9999
S1-313602762,S2-999556616,India,S2,5,0.8576,0.9999
S1-313602762,S3-274384762,India,S3,6,0.8505,0.9996
S1-313602762,S2-759785598,India,S2,7,0.6458,0.9985
S1-313791221,S3-352747069,US,S3,1,1.0000,0.9891
S1-313791221,S2-494896316,US,S2,2,1.0000,1.0000
S1-313791221,S2-326082305,US,S2,3,0.8333,0.9992
S1-313791221,S2-961493836,US,S2,4,0.7901,0.9992
S1-313865037,S2-844642198,US,S2,1,0.8401,0.9996
S1-313894601,S3-436333006,US,S3,1,1.0000,1.0000
S1-313894601,S3-420221646,US,S3,2,1.0000,1.0000
S1-313894601,S2-158714420,US,S2,3,0.8971,0.9998
S1-313894601,S3-469383611,US,S3,4,0.8143,0.9999
S1-313894601,S3-761610979,US,S3,5,0.7667,0.6447
S1-313908928,S3-915906866,India,S3,1,1.0000,1.0000
S1-313908928,S3-670892632,India,S3,2,1.0000,1.0000
S1-313908928,S2-731005985,India,S2,3,1.0000,0.9998
S1-313908928,S2-156488041,India,S2,4,0.8387,0.9996
S1-313908928,S3-491226279,India,S3,5,0.7396,0.9971
S1-313923907,S3-565449482,US,S3,1,0.8243,0.9997
S1-313923907,S3-971055817,US,S3,2,0.7950,0.9997
S1-313969599,S3-88312523,US,S3,1,0.8365,0.9998
S1-313969599,S2-220008304,US,S2,160,0.7667,0.2783
S1-3139740,S3-219944754,US,S3,1,1.0000,1.0000
S1-3139740,S2-381873893,US,S2,2,0.8833,0.9994
S1-3139740,S2-335857237,US,S2,3,0.8111,0.9984
S1-31397550,S2-637986784,US,S2,1,0.7667,0.9997
S1-31397550,S3-171533207,US,S3,2,0.5000,0.9572
S1-314013274,S3-610613115,India,S3,1,1.0000,0.9977
S1-314013274,S3-301440864,India,S3,2,1.0000,0.9977
S1-314013274,S2-382378707,India,S2,120,0.5476,0.8984
S1-314067105,S2-990023051,US,S2,1,0.7667,0.7760
S1-314067105,S3-990207544,US,S3,2,0.7333,0.9086
S1-314067105,S3-229497481,US,S3,3,0.6667,0.9138
S1-314067105,S2-202881267,US,S2,4,0.4667,0.9701
S1-31412746,S2-357560779,US,S2,1,0.8952,0.9997
S1-31412746,S3-444531775,US,S3,2,0.7667,0.3188
S1-314243750,S3-450500433,US,S3,1,1.0000,1.0000
S1-314243750,S2-229604805,US,S2,2,0.8877,0.9997
S1-314263384,S3-162572709,US,S3,1,1.0000,1.0000
S1-314263384,S2-248233544,US,S2,2,0.8544,0.9996
S1-314294728,S3-309138606,India,S3,1,0.8667,0.9454
S1-314294728,S2-119086191,India,S2,2,0.8667,1.0000
S1-31431023,S3-985386058,US,S3,1,0.9014,0.9996
S1-31431023,S2-790511102,US,S2,9,0.7667,0.9857
S1-31431023,S2-863226456,US,S2,11,0.7179,0.9928
S1-314345585,S2-780454676,India,S2,1,1.0000,0.9999
S1-314345585,S3-724425915,India,S3,51,0.6762,0.9925
S1-314430010,S3-82989916,India,S3,1,1.0000,0.9972
S1-314430010,S3-809687985,India,S3,2,1.0000,0.9980
S1-314430010,S3-59494388,India,S3,3,1.0000,0.9963
S1-314430010,S2-245133876,India,S2,4,0.9000,0.9999
S1-314430010,S3-110373815,India,S3,5,0.7667,0.8735
S1-314491326,S3-786210065,US,S3,1,1.0000,1.0000
S1-314491326,S2-740531871,US,S2,266,0.7527,0.9990
S1-314491326,S2-579867091,US,S2,267,0.7471,0.9112
S1-314617853,S3-288996872,India,S3,1,0.6667,0.9995
S1-314638271,S2-484715964,US,S2,1,1.0000,1.0000
S1-314638271,S2-634736749,US,S2,2,0.9222,0.9999
S1-314638271,S3-686631555,US,S3,4,0.7667,0.9945
S1-314638271,S3-307231538,US,S3,6,0.7667,0.9971
S1-314661494,S3-348646768,US,S3,1,0.9000,0.9997
S1-314661494,S3-581043186,US,S3,2,0.7312,0.9999
S1-314661494,S2-13432563,US,S2,4,0.5333,0.9859
S1-314696052,S3-955248736,US,S3,1,0.7877,0.9995
S1-314696052,S3-796259742,US,S3,2,0.7805,0.9979
S1-314696052,S3-953917024,US,S3,3,0.7741,0.9977
S1-314696052,S2-495224705,US,S2,33,0.6649,0.9977
S1-314769118,S3-314351173,India,S3,1,1.0000,0.9986
S1-314769118,S2-701175849,India,S2,2,0.6702,0.9998
S1-31477405,S3-410800363,US,S3,5,0.7667,0.4240
S1-314795695,S3-280731091,India,S3,1129,0.5256,0.9766
S1-314915315,S3-45099724,India,S3,1,1.0000,1.0000
S1-314915315,S3-371954267,India,S3,2,1.0000,0.9961
S1-31491598,S3-245542300,US,S3,6,0.7667,0.9952
S1-31491598,S2-43567293,US,S2,12,0.7667,0.9993
S1-31491598,S3-616575916,US,S3,16,0.7468,0.7877
S1-314956076,S3-246149536,India,S3,1,1.0000,1.0000
S1-314956076,S2-209697477,India,S2,2,0.8667,0.9999
S1-315016734,S2-265725985,India,S2,1,1.0000,0.9955
S1-315044925,S3-393700321,US,S3,1,0.9000,0.9998
S1-315044925,S2-746124182,US,S2,2,0.8322,0.9989
S1-315078719,S3-226809250,India,S3,2,0.7863,0.9970
S1-315091745,S3-297639643,India,S3,2,0.7451,0.9910
S1-315143846,S3-484645922,US,S3,1,1.0000,1.0000
S1-315143846,S2-661020837,US,S2,3,1.0000,1.0000
S1-315199308,S2-572673056,India,S2,1,1.0000,0.9999
S1-315252453,S3-694597574,India,S3,1,1.0000,0.9995
S1-315252453,S2-119911942,India,S2,2,0.7667,0.9210
S1-315253243,S3-663764636,India,S3,1,1.0000,0.9974
S1-315253243,S2-439776921,India,S2,2,1.0000,0.9999
S1-315254358,S2-686247259,US,S2,1,0.9000,0.9991
S1-315254358,S2-969453369,US,S2,85,0.7667,0.6240
S1-315262694,S3-147735655,US,S3,1,1.0000,0.9995
S1-315262694,S3-228529537,US,S3,9,0.7667,0.9765
S1-315262694,S2-589920892,US,S2,16,0.7667,0.9990
S1-315262694,S3-414533434,US,S3,23,0.7083,0.9683
S1-315436735,S3-67291965,US,S3,1,1.0000,0.9999
S1-315436735,S3-427879005,US,S3,2,1.0000,1.0000
S1-315437716,S3-478836150,US,S3,1,1.0000,0.9996
S1-315437716,S3-417988491,US,S3,2,1.0000,0.9999
S1-315447300,S3-939381905,India,S3,1,1.0000,0.9999
S1-315450525,S2-386572787,India,S2,1,0.9000,0.9999
S1-315450525,S2-260132667,India,S2,2,0.9000,0.8578
S1-315450525,S3-44470768,India,S3,15,0.4946,0.9882
S1-315517505,S2-554325868,US,S2,1,1.0000,1.0000
S1-315517505,S3-149986972,US,S3,18,0.7667,0.2491
S1-315517505,S2-67481250,US,S2,26,0.7667,0.2491
S1-315517505,S3-45235590,US,S3,37,0.6942,0.9985
S1-315517505,S3-805436556,US,S3,38,0.6733,0.9095
S1-315534908,S3-380309595,India,S3,1,1.0000,0.9987
S1-315534908,S2-667161400,India,S2,2,0.9000,0.9938
S1-315534908,S2-525692323,India,S2,3,0.9000,0.9938
S1-315534908,S3-781190432,India,S3,4,0.8048,0.9995
S1-315534908,S3-554776507,India,S3,51,0.4333,0.6823
S1-315565395,S2-27756423,US,S2,1,1.0000,0.9997
S1-315660420,S3-650533001,India,S3,53,0.7471,0.9960
S1-315660420,S3-754279241,India,S3,54,0.7262,0.9739
S1-315703564,S3-557982070,US,S3,1,0.9000,0.9832
S1-315734792,S3-28653669,India,S3,25,0.6667,0.9936
S1-315734792,S3-730177739,India,S3,27,0.6275,0.9744
S1-315734792,S3-400727567,India,S3,28,0.5714,0.9704
S1-315773812,S2-569579662,India,S2,61,0.7262,0.9920
S1-315773812,S3-739227106,India,S3,64,0.6611,0.2352
S1-315871621,S3-527338467,India,S3,1,0.9000,0.9932
S1-315871621,S3-85879341,India,S3,2,0.7667,0.8735
S1-315871621,S2-287366627,India,S2,3,0.7667,0.8735
S1-315913747,S2-568276326,India,S2,4,0.7667,0.9996
S1-315913747,S2-29850531,India,S2,5,0.7667,0.7024
S1-315913747,S3-749736322,India,S3,136,0.5965,0.9241
S1-315917265,S3-740434720,India,S3,1,1.0000,1.0000
S1-315917265,S3-381833347,India,S3,2,0.9000,0.9997
S1-315967835,S3-356892095,US,S3,1,0.8619,0.9995
S1-316081092,S2-617158451,US,S2,1,1.0000,0.9995
S1-316081092,S3-272802967,US,S3,2,0.8801,0.9991
S1-316081092,S2-402033317,US,S2,3,0.8801,0.9989
S1-316117693,S3-368196245,US,S3,1,1.0000,1.0000
S1-316117693,S3-834601917,US,S3,2,0.7667,0.9984
S1-316171420,S3-607599065,India,S3,1,1.0000,0.9973
S1-316171420,S3-568569821,India,S3,2,1.0000,1.0000
S1-316171420,S3-493586284,India,S3,3,1.0000,0.9999
S1-316171420,S2-287188921,India,S2,4,1.0000,0.9999
S1-316175405,S3-863870468,India,S3,1,1.0000,0.9999
S1-316175405,S3-48464736,India,S3,2,1.0000,1.0000
S1-316175405,S2-833449886,India,S2,3,1.0000,1.0000
S1-316175405,S2-29844224,India,S2,4,1.0000,0.9994
S1-316190956,S2-238514783,US,S2,1,0.9000,0.9999
S1-316190956,S3-704810233,US,S3,3,0.7782,0.9999
S1-316245753,S3-676963890,US,S3,1,1.0000,1.0000
S1-316245753,S2-3369738,US,S2,2,0.9394,0.9996
S1-316245753,S2-98994224,US,S2,3,0.8500,0.9989
S1-316245753,S3-942020592,US,S3,5,0.6833,0.9643
S1-31636967,S3-881105534,US,S3,1,0.8143,0.9998
S1-31636967,S2-76164551,US,S2,10,0.7307,0.9991
S1-316410993,S3-867892552,India,S3,1,1.0000,0.9987
S1-316410993,S2-46438581,India,S2,2,1.0000,0.9999
S1-316410993,S2-723813526,India,S2,3,0.8273,0.9996
S1-316410993,S3-612556097,India,S3,4,0.7944,0.9882
S1-316410993,S2-584434897,India,S2,5,0.7847,0.9908
S1-316410993,S3-791078611,India,S3,6,0.7288,1.0000
S1-316410993,S3-130573110,India,S3,7,0.5914,0.9699
S1-316410993,S3-422235995,India,S3,8,0.5495,0.9204
S1-316548003,S2-430710569,US,S2,3,0.7333,0.9936
S1-316548003,S2-587790932,US,S2,4,0.5863,0.9968
S1-316588946,S2-988142549,India,S2,1,0.7667,0.8566
S1-316684267,S2-653471148,US,S2,1,1.0000,0.9996
S1-316684267,S3-903177828,US,S3,2,0.9254,0.9999
S1-316684267,S3-789665355,US,S3,3,0.8407,0.9992
S1-316684267,S3-458508313,US,S3,4,0.8407,0.9992
S1-316728557,S3-285745548,US,S3,1,1.0000,1.0000
S1-316728557,S2-375576056,US,S2,2,1.0000,1.0000
S1-316728557,S2-242039397,US,S2,3,1.0000,0.9998
S1-316746903,S3-219087940,US,S3,1,1.0000,1.0000
S1-316746903,S2-390363202,US,S2,2,1.0000,0.9997
S1-316746903,S2-242204262,US,S2,3,1.0000,1.0000
S1-316795088,S3-108316380,US,S3,1,1.0000,0.9996
S1-316867004,S2-737578117,India,S2,1,1.0000,0.9998
S1-316892102,S2-900313829,US,S2,1,0.7667,0.6953
S1-316892102,S3-600327274,US,S3,3,0.7458,0.9998
S1-316892102,S3-275230418,US,S3,4,0.5980,0.9933
S1-317097484,S3-877456064,India,S3,1,0.8667,0.7785
S1-317097484,S3-466625237,India,S3,2,0.8667,0.7785
S1-317097484,S2-999792436,India,S2,3,0.8667,0.6223
S1-317097484,S2-49292284,India,S2,4,0.8667,0.9987
S1-317134848,S3-552645047,US,S3,1,1.0000,1.0000
S1-317134848,S2-609268405,US,S2,2,1.0000,0.9999
S1-317134848,S3-26948446,US,S3,3,0.8589,0.9995
S1-317134848,S2-312002060,US,S2,4,0.8519,0.9993
S1-317143533,S3-445747016,US,S3,1,0.8179,0.9989
S1-317143533,S2-609613191,US,S2,137,0.6429,0.9964
S1-317162193,S3-808550505,India,S3,1,1.0000,0.9992
S1-317162193,S3-417386418,India,S3,2,1.0000,0.9994
S1-317162193,S3-316472051,India,S3,3,1.0000,0.9999
S1-317224741,S3-787636122,US,S3,1,1.0000,1.0000
S1-317224741,S2-432554798,US,S2,2,1.0000,0.9998
S1-317224741,S2-906441361,US,S2,3,0.8985,0.9994
S1-317224741,S3-699093375,US,S3,4,0.8708,0.9994
S1-317224741,S3-769460569,US,S3,5,0.8018,0.9999
S1-317224741,S2-967227443,US,S2,280,0.7667,0.9150
S1-317224741,S3-614873985,US,S3,572,0.7652,0.8623
S1-317231907,S3-404485503,US,S3,1,1.0000,0.9996
S1-317231907,S2-877204402,US,S2,2,1.0000,0.9988
S1-317231907,S3-24064185,US,S3,3,0.7179,0.7569
S1-317247284,S3-341814682,US,S3,311,0.7667,0.7775
S1-317247284,S2-939358830,US,S2,445,0.7667,0.9390
S1-317247284,S3-844783650,US,S3,805,0.6667,0.9943
S1-317292760,S2-371128578,US,S2,5,0.7573,0.9992
S1-317523614,S3-171694857,US,S3,1,1.0000,1.0000
S1-317523614,S2-782471709,US,S2,2,1.0000,1.0000
S1-317523614,S3-618142548,US,S3,3,0.7667,0.9896
S1-317523614,S2-643536915,US,S2,8,0.7667,0.9998
S1-317523883,S3-89565231,US,S3,1,1.0000,1.0000
S1-317523883,S2-905157872,US,S2,2,1.0000,1.0000
S1-317523883,S2-166794716,US,S2,3,0.9212,0.9982
S1-317523883,S2-149392687,US,S2,4,0.9212,0.9989
S1-317530739,S3-232325565,India,S3,1,1.0000,0.9994
S1-317530978,S3-338225205,US,S3,1,1.0000,1.0000
S1-317530978,S2-305810561,US,S2,2,0.8387,0.9987
S1-317639324,S2-123849715,US,S2,1,1.0000,0.9992
S1-317639324,S3-37527631,US,S3,2,0.9131,0.9998
S1-317639324,S3-397474324,US,S3,3,0.8163,0.9963
S1-317639324,S2-623247952,US,S2,4,0.7667,0.5719
S1-317698741,S2-673568703,US,S2,1,1.0000,0.9997
S1-317698741,S2-484883326,US,S2,2,1.0000,1.0000
S1-317698741,S3-972697848,US,S3,6,0.8471,0.9895
S1-317698741,S3-881992794,US,S3,552,0.7491,0.9994
S1-317754331,S3-965895332,India,S3,1,1.0000,1.0000
S1-317754331,S3-282753051,India,S3,2,1.0000,1.0000
S1-317754331,S2-390805617,India,S2,3,1.0000,0.9996
S1-317830253,S2-129288868,US,S2,2,0.7569,0.9978
S1-317830253,S3-457986504,US,S3,3,0.6357,0.9971
S1-317868719,S3-510545004,US,S3,1,1.0000,1.0000
S1-317868719,S2-786636373,US,S2,2,1.0000,0.9995
S1-317874978,S2-511031343,US,S2,1,1.0000,1.0000
S1-317874978,S2-22347959,US,S2,2,0.7667,0.9711
S1-317879692,S3-75225978,US,S3,1,0.9167,0.9999
S1-317879692,S3-769743768,US,S3,3,0.7667,0.8714
S1-317879692,S2-158358135,US,S2,4,0.6562,0.9955
S1-317933030,S3-49508615,India,S3,1,0.9000,0.9989
S1-317933030,S2-170085785,India,S2,3,0.4426,0.9573
S1-317948036,S3-780121099,US,S3,1,1.0000,1.0000
S1-317948036,S3-757282293,US,S3,2,1.0000,1.0000
S1-317948036,S3-745847454,US,S3,3,1.0000,1.0000
S1-317948036,S3-608521242,US,S3,4,0.9000,0.9999
S1-317948036,S2-181278773,US,S2,6,0.9000,0.9999
S1-317948036,S2-58539250,US,S2,777,0.6515,0.9769
S1-31811104,S3-667035438,India,S3,1,1.0000,0.9999
S1-31811104,S2-206753916,India,S2,2,1.0000,0.9995
S1-318200121,S3-704143166,India,S3,1,1.0000,0.9986
S1-318200121,S3-532745806,India,S3,2,1.0000,0.9999
S1-318200121,S2-145595576,India,S2,3,1.0000,0.9996
S1-318200121,S3-859980996,India,S3,5,0.7863,0.9990
S1-318200121,S2-860099674,India,S2,13,0.7667,0.3325
S1-318200121,S2-367771183,India,S2,30,0.7061,0.9925
S1-318210569,S3-628479528,India,S3,1,0.8432,0.9980
S1-318239332,S2-904849668,India,S2,1,1.0000,0.9997
S1-318239332,S3-104026127,India,S3,2,0.9000,0.9999
S1-318239332,S3-286383405,India,S3,601,0.5733,0.8210
S1-318318715,S2-153374003,India,S2,1,1.0000,0.9975
S1-318318715,S3-748641963,India,S3,3,0.6606,0.9938
S1-31833077,S2-176204807,India,S2,1,0.9000,0.9924
S1-31833077,S3-819355986,India,S3,2,0.8527,0.9992
S1-318336639,S2-765094187,India,S2,1,1.0000,0.9996
S1-318336639,S2-143484545,India,S2,2,1.0000,0.9996
S1-318336639,S3-261507338,India,S3,3,0.9222,0.9969
S1-318336639,S3-563959264,India,S3,4,0.8917,0.9981
S1-318392348,S3-841011432,US,S3,1,1.0000,0.9994
S1-318392348,S2-743436169,US,S2,2,0.9000,0.9990
S1-318392348,S2-225377639,US,S2,3,0.9000,1.0000
S1-31842668,S3-703273644,India,S3,1,1.0000,0.9986
S1-31842668,S2-811672715,India,S2,2,0.9000,0.9904
S1-31842668,S2-688287425,India,S2,3,0.9000,0.9940
S1-31842668,S3-497898909,India,S3,4,0.7619,0.9984
S1-31844356,S2-820687079,US,S2,13,0.7451,0.9723
S1-318474934,S3-841286007,US,S3,1,0.8667,0.9990
S1-318502260,S3-633904778,US,S3,1,1.0000,0.9997
S1-318502260,S3-58529436,US,S3,2,1.0000,1.0000
S1-318584933,S3-766629758,US,S3,1,1.0000,1.0000
S1-318584933,S2-697560711,US,S2,2,1.0000,0.9996
S1-318584933,S3-561530343,US,S3,33,0.7143,0.9927
S1-318613990,S2-409460153,India,S2,1,1.0000,1.0000
S1-318613990,S3-814257265,India,S3,1064,0.7092,0.9976
S1-318613990,S2-632659988,India,S2,1072,0.6686,0.9999
S1-318663449,S2-614636396,US,S2,1,0.9000,0.9991
S1-318663449,S3-537686496,US,S3,2,0.7917,0.9993
S1-318663449,S2-354214576,US,S2,3,0.7724,0.9990
S1-318692082,S3-475679524,US,S3,1,0.9000,1.0000
S1-318692082,S2-446615403,US,S2,2,0.8619,0.9996
S1-318692082,S2-827213012,US,S2,3,0.7801,0.9998
S1-318692082,S3-764877136,US,S3,4,0.6476,0.9960
S1-318692199,S3-690753268,US,S3,1,1.0000,1.0000
S1-318692199,S3-146199791,US,S3,2,1.0000,1.0000
S1-318692199,S2-49169204,US,S2,3,0.7801,0.9932
S1-318692199,S3-591988970,US,S3,4,0.6190,0.9986
S1-318714955,S3-850000000,US,S3,1,1.0000,1.0000
S1-318714955,S2-83734880,US,S2,2,1.0000,0.9998
S1-318714955,S2-214573714,US,S2,3,1.0000,1.0000
S1-318714955,S3-755563332,US,S3,4,0.7533,0.9968
S1-318806515,S2-662021384,US,S2,1,1.0000,1.0000
S1-318806515,S3-349102239,US,S3,2,0.9212,0.9999
S1-318806515,S3-871044789,US,S3,3,0.9061,0.9984
S1-318806515,S2-947952825,US,S2,4,0.8849,0.9942
S1-318814103,S3-249960783,US,S3,1,1.0000,1.0000
S1-318857017,S3-970111558,US,S3,1,1.0000,1.0000
S1-318857017,S3-720358344,US,S3,2,1.0000,1.0000
S1-318857017,S3-597161007,US,S3,3,1.0000,1.0000
S1-318857017,S3-487219727,US,S3,4,1.0000,1.0000
S1-318857017,S2-862568423,US,S2,5,1.0000,0.9995
S1-318857017,S2-663510473,US,S2,6,1.0000,1.0000
S1-318857017,S3-811422631,US,S3,153,0.7395,0.9999
S1-318866202,S3-48184047,US,S3,1,0.8667,0.2850
S1-318901742,S3-239267373,US,S3,1,1.0000,0.9998
S1-318901742,S2-516784706,US,S2,2,1.0000,0.9998
S1-318901742,S2-536843457,US,S2,3,0.8376,0.9977
S1-318901742,S2-525320501,US,S2,4,0.7667,0.8071
S1-318922486,S3-197439945,India,S3,1,1.0000,0.9982
S1-318922486,S2-998767579,India,S2,2,1.0000,1.0000
S1-318922486,S3-245597662,India,S3,3,0.8692,0.9988
S1-318922486,S2-194235297,India,S2,4,0.7667,0.9997
S1-318982016,S3-935014180,US,S3,1,1.0000,1.0000
S1-318982016,S2-443760504,US,S2,2,1.0000,0.9999
S1-318982016,S2-401202521,US,S2,3,1.0000,0.9999
S1-318982016,S2-251435683,US,S2,4,1.0000,0.9999
S1-318982016,S3-928431779,US,S3,5,0.8014,0.9987
S1-318982016,S3-281853232,US,S3,6,0.8014,0.9981
S1-319041207,S3-341432098,US,S3,1,1.0000,1.0000
S1-319041207,S3-101013136,US,S3,2,1.0000,0.9998
S1-319041207,S2-126532683,US,S2,3,1.0000,0.9997
S1-319041207,S2-280675224,US,S2,4,0.8195,0.9997
S1-319041207,S2-590629281,US,S2,6,0.7000,0.9974
S1-319041207,S3-774796445,US,S3,7,0.6833,0.9999
S1-319142224,S3-468435269,US,S3,1,1.0000,1.0000
S1-319142224,S3-462353349,US,S3,2,1.0000,0.9998
S1-319142224,S2-894364735,US,S2,3,1.0000,1.0000
S1-319142224,S2-748925852,US,S2,4,1.0000,0.9998
S1-319234061,S3-794808040,US,S3,1,0.7667,0.9951
S1-319234061,S3-107955005,US,S3,2,0.7417,0.9986
S1-319234061,S3-715135849,US,S3,3,0.6306,0.9999
S1-319274939,S3-822940806,India,S3,1,0.9000,0.9801
S1-319274939,S2-888355598,India,S2,948,0.6905,0.9996
S1-319284925,S3-258630396,US,S3,1,1.0000,1.0000
S1-319284925,S2-182741026,US,S2,2,0.9000,0.9999
S1-319284925,S2-516247033,US,S2,15,0.6905,0.9736
S1-319321315,S3-728572935,India,S3,1,0.8667,0.6326
S1-319355963,S3-670524420,US,S3,1,1.0000,1.0000
S1-319355963,S2-926516444,US,S2,2,0.7667,0.9993
S1-319355963,S2-629255420,US,S2,3,0.7667,0.9993
S1-319356890,S2-496738788,India,S2,1,1.0000,0.9949
S1-319356890,S2-351764451,India,S2,2,1.0000,0.9967
S1-319356890,S3-209754828,India,S3,3,0.9333,0.9999
S1-319356890,S2-96648711,India,S2,6,0.7882,0.9962
S1-319356890,S3-615761294,India,S3,31,0.6238,0.8359
S1-319410196,S2-442756159,US,S2,1,0.8111,0.9981
S1-319590570,S3-443217450,US,S3,1,1.0000,1.0000
S1-319590570,S3-241746743,US,S3,2,1.0000,0.9997
S1-319590570,S3-189831072,US,S3,3,1.0000,1.0000
S1-319590570,S2-430752355,US,S2,4,1.0000,1.0000
S1-319590570,S3-778280687,US,S3,15,0.7333,0.9934
S1-319626843,S2-646956534,India,S2,77,0.7470,0.9260
S1-319767366,S3-965411473,India,S3,1,1.0000,1.0000
S1-319954407,S2-629683689,US,S2,1,0.8667,0.9994
S1-319954407,S2-374509661,US,S2,2,0.8667,0.8259
S1-319954407,S2-234033638,US,S2,3,0.8667,0.9996
S1-319954407,S3-143272896,US,S3,100,0.7569,0.9973
S1-320130604,S3-140902999,US,S3,2,0.7667,0.2139
S1-320130604,S2-30657121,US,S2,3,0.7491,0.9994
S1-320133868,S3-773881758,US,S3,1,1.0000,1.0000
S1-320133868,S3-437096908,US,S3,2,1.0000,1.0000
S1-320133868,S2-888099382,US,S2,3,1.0000,0.9997
S1-320133868,S3-935043047,US,S3,4,0.9000,0.9944
S1-320133868,S3-806999245,US,S3,20,0.7667,0.9988
S1-320133868,S3-321572191,US,S3,98,0.6833,0.9965
S1-320133868,S2-858057463,US,S2,99,0.6275,0.9956
S1-320133868,S2-695535337,US,S2,101,0.6061,0.9950
S1-320171822,S3-697524033,India,S3,1,1.0000,0.9955
S1-320171822,S3-414041292,India,S3,2,1.0000,0.9955
S1-320171822,S3-724848318,India,S3,64,0.7262,0.9985
S1-320194737,S3-933233899,US,S3,1,1.0000,0.9991
S1-320194737,S3-682718444,US,S3,2,1.0000,1.0000
S1-320194737,S2-803807880,US,S2,3,1.0000,0.9996
S1-320194737,S2-258749401,US,S2,4,1.0000,0.9997
S1-320194737,S3-722670927,US,S3,19,0.6000,0.9991
S1-320262591,S2-190139273,India,S2,13,0.7471,0.9689
S1-320262591,S3-921885190,India,S3,15,0.7111,0.9956
S1-320278260,S3-262582742,India,S3,1,0.9222,0.9995
S1-320278260,S3-672245666,India,S3,2,0.8179,0.9907
S1-320278260,S3-865446181,India,S3,3,0.7778,0.9963
S1-320329539,S3-798589293,India,S3,1,1.0000,1.0000
S1-320329539,S2-285614289,India,S2,2,0.9070,0.9997
S1-320329539,S2-13943565,India,S2,11,0.7667,0.2676
S1-320468008,S3-222443861,US,S3,1,1.0000,0.9991
S1-320468008,S2-739316431,US,S2,16,0.7133,0.9988
S1-320478432,S3-374355589,US,S3,11,0.7190,0.9997
S1-320566961,S3-225436164,India,S3,1,0.7580,0.9984
S1-320566961,S2-108369521,India,S2,3,0.6770,0.9856
S1-320584344,S2-121428693,US,S2,1,1.0000,0.9998
S1-320584344,S3-868794571,US,S3,2,0.9000,0.9944
S1-320584344,S2-954254871,US,S2,4,0.8243,0.9996
S1-320584344,S2-178669797,US,S2,5,0.8243,0.9995
S1-320584344,S2-170132467,US,S2,14,0.7667,0.7429
S1-320643285,S3-500532294,India,S3,1,1.0000,0.9999
S1-320643285,S2-754912903,India,S2,2,0.9000,0.8439
S1-320643285,S3-311783816,India,S3,3,0.7923,0.9941
S1-320643285,S3-579950849,India,S3,4,0.7377,0.9999
S1-320663035,S3-925256555,US,S3,1,1.0000,1.0000
S1-320663035,S3-392872034,US,S3,2,0.7748,0.9995
S1-320663035,S3-918610782,US,S3,32,0.7527,0.9993
S1-320668837,S3-313673801,US,S3,1,1.0000,0.9999
S1-320668837,S2-332019983,US,S2,2,0.9000,0.9894
S1-320668837,S2-874844320,US,S2,3,0.5905,0.9892
S1-320678648,S2-372991845,US,S2,1,0.9000,0.9985
S1-320678648,S2-113247722,US,S2,2,0.7149,0.9985
S1-320678648,S2-885448926,US,S2,3,0.6950,0.9980
S1-320702371,S3-154675552,US,S3,1,1.0000,0.9994
S1-320702371,S3-808546852,US,S3,2,0.9167,0.9986
S1-320702371,S2-90015625,US,S2,3,0.8257,0.9998
S1-320702371,S3-346415590,US,S3,4,0.8037,1.0000
S1-32076567,S2-453470854,US,S2,1,1.0000,0.9990
S1-32076567,S3-916298444,US,S3,2,0.9000,0.9999
S1-32076567,S2-701668114,US,S2,3,0.7863,0.9989
S1-32076567,S3-767196998,US,S3,817,0.6333,0.9999
S1-320806378,S3-353839323,US,S3,1,1.0000,1.0000
S1-320806378,S2-441760127,US,S2,2,1.0000,1.0000
S1-320806378,S2-214109987,US,S2,3,1.0000,1.0000
S1-320880098,S3-307158065,US,S3,1,1.0000,1.0000
S1-320880098,S2-82030073,US,S2,2,1.0000,1.0000
S1-320880098,S2-486056889,US,S2,3,0.7667,0.9982
S1-320880098,S3-9838141,US,S3,5,0.7667,0.5748
S1-320880098,S3-185660412,US,S3,88,0.7667,0.9972
S1-320883405,S3-225631260,US,S3,1,1.0000,1.0000
S1-320883405,S2-158445336,US,S2,2,1.0000,0.9998
S1-320883405,S2-149092529,US,S2,3,1.0000,0.9996
S1-320883405,S2-120985350,US,S2,4,0.9000,0.9980
S1-320883405,S3-803767138,US,S3,12,0.7471,0.9992
S1-320883405,S2-141039376,US,S2,13,0.6863,0.9974
S1-320922750,S2-698744487,India,S2,1,1.0000,1.0000
S1-320922750,S2-230382267,India,S2,2,0.8619,0.9995
S1-32103409,S3-378518888,US,S3,1,1.0000,0.9975
S1-32103409,S3-307078139,US,S3,2,1.0000,1.0000
S1-32103409,S2-798859070,US,S2,1850,0.7667,0.2602
S1-321210195,S3-901826928,US,S3,1,1.0000,1.0000
S1-321210195,S2-596759543,US,S2,2,1.0000,0.9997
S1-321210195,S2-264911888,US,S2,3,0.8795,0.9995
S1-321210195,S2-598823216,US,S2,4,0.8471,0.9992
S1-321266663,S3-381359499,India,S3,1,0.9000,0.7568
S1-321266663,S2-663272020,India,S2,3,0.7667,0.6329
S1-321266663,S3-684655663,India,S3,5,0.6992,0.7557
S1-321266663,S3-478573356,India,S3,6,0.6992,0.8945
S1-321266663,S2-735480035,India,S2,7,0.6364,0.9984
S1-321266663,S3-166935158,India,S3,145,0.4521,0.2372
S1-321277389,S3-981987050,India,S3,1,1.0000,0.9930
S1-321307425,S3-951286689,US,S3,1,0.7792,0.9974
S1-321307425,S2-585966602,US,S2,4,0.7667,0.6229
S1-321363078,S2-257966109,India,S2,1,1.0000,0.9862
S1-321363078,S3-982498778,India,S3,2,0.9333,0.9999
S1-321392989,S3-114549056,US,S3,1,1.0000,0.9997
S1-321392989,S2-390216577,US,S2,2,0.9227,0.9996
S1-321392989,S2-956854680,US,S2,3,0.8823,0.9993
S1-32143384,S3-52751413,US,S3,1,1.0000,1.0000
S1-32143384,S3-376211874,US,S3,2,1.0000,0.9998
S1-32143384,S3-539100654,US,S3,3,0.8849,0.9982
S1-32143384,S3-202852667,US,S3,4,0.8243,0.9998
S1-32143384,S2-848950964,US,S2,5,0.8243,0.9993
S1-321547755,S3-51088239,US,S3,1,0.8480,0.9993
S1-321547755,S2-849731551,US,S2,3,0.7480,0.9973
S1-321595244,S2-155749765,US,S2,1,0.7667,0.3775
S1-321595244,S3-167493465,US,S3,2,0.7576,0.9994
S1-321633337,S3-737804696,US,S3,1,1.0000,1.0000
S1-321633337,S2-947691038,US,S2,2,0.8480,0.9996
S1-321633337,S3-695178339,US,S3,3,0.8204,0.9987
S1-321633337,S3-19246936,US,S3,4,0.8204,0.9986
S1-321751953,S3-561070419,India,S3,1,1.0000,0.9992
S1-321751953,S3-424895196,India,S3,2,1.0000,1.0000
S1-321751953,S2-922507175,India,S2,3,1.0000,0.9997
S1-321751953,S2-748412914,India,S2,4,0.8211,0.9995
S1-321751953,S3-303430909,India,S3,5,0.7724,0.9992
S1-321751953,S3-989004565,India,S3,6,0.7667,0.9999
S1-321751953,S2-745535514,India,S2,10,0.5897,0.9907
S1-321837992,S2-131095341,US,S2,1,1.0000,1.0000
S1-321837992,S3-389767167,US,S3,3,0.7667,0.9995
S1-321923971,S3-916903209,US,S3,1,1.0000,0.9998
S1-321923971,S3-278639770,US,S3,2,1.0000,1.0000
S1-321923971,S2-322233458,US,S2,3,1.0000,0.9996
S1-321934121,S3-49450635,US,S3,1,1.0000,0.9993
S1-321934121,S3-248611096,US,S3,2,1.0000,0.9993
S1-321934121,S2-105211312,US,S2,3,1.0000,0.9996
S1-321975708,S3-979178383,US,S3,1,1.0000,1.0000
S1-322015898,S3-766655571,India,S3,1,1.0000,0.9996
S1-322015898,S3-584461743,India,S3,2,1.0000,1.0000
S1-322015898,S2-345751899,India,S2,3,1.0000,0.9997
S1-322103296,S3-267532552,US,S3,1,1.0000,0.9999
S1-322103296,S3-241118067,US,S3,2,1.0000,0.9998
S1-322103296,S2-314905572,US,S2,3,0.8407,0.9963
S1-322103296,S2-672221812,US,S2,4,0.8302,0.9999
S1-322103296,S2-93274653,US,S2,5,0.8197,0.9980
S1-322103296,S2-978427491,US,S2,6,0.7370,0.9984
S1-322138512,S3-600330704,India,S3,1,0.9500,0.9929
S1-322138512,S2-623975187,India,S2,2,0.9500,0.9991
S1-322138512,S3-635253100,India,S3,3,0.9000,0.9998
S1-322138512,S3-213517397,India,S3,4,0.7985,0.9884
S1-322141295,S3-711373429,India,S3,1,1.0000,0.9984
S1-322141295,S3-678350038,India,S3,2,1.0000,0.9990
S1-322141295,S3-490333615,India,S3,3,1.0000,0.9998
S1-322141295,S2-994332799,India,S2,4,1.0000,1.0000
S1-322265377,S2-113678875,US,S2,1,0.8576,0.9992
S1-322265377,S3-552206178,US,S3,2,0.7576,0.9963
S1-322265377,S3-677448385,US,S3,3,0.7451,0.9958
S1-322337089,S3-153569546,India,S3,1,1.0000,0.9997
S1-322337089,S2-526137851,India,S2,2,1.0000,0.9997
S1-322342379,S3-357996285,India,S3,1,1.0000,0.9992
S1-322342379,S2-941433625,India,S2,2,1.0000,0.9986
S1-322342379,S3-185580956,India,S3,16,0.7667,0.2823
S1-322591122,S2-927368722,US,S2,1,1.0000,0.9998
S1-322591122,S3-967827949,US,S3,2,0.8823,0.9983
S1-322604802,S3-850518443,US,S3,1,1.0000,0.9996
S1-322604802,S2-810922605,US,S2,2,1.0000,0.9998
S1-322604802,S3-407298664,US,S3,3,0.8284,1.0000
S1-322657727,S2-110103651,India,S2,1,1.0000,0.9997
S1-322657727,S3-779274217,India,S3,3,0.7985,0.9994
S1-322664117,S3-641894465,US,S3,1,1.0000,0.9992
S1-322664117,S2-748950206,US,S2,2,1.0000,1.0000
S1-322664117,S2-98792482,US,S2,3,0.9182,0.9999
S1-322665095,S3-868895384,India,S3,1,0.9667,0.9879
S1-322665095,S2-654929185,India,S2,2,0.8519,0.9999
S1-322665095,S2-555990078,India,S2,20,0.6790,0.9977
S1-322716698,S3-391355725,US,S3,1,1.0000,1.0000
S1-322716698,S2-909714764,US,S2,2,1.0000,1.0000
S1-322716698,S3-479049347,US,S3,3,0.8333,0.9998
S1-322716698,S2-148019704,US,S2,10,0.7527,0.9978
S1-322726133,S3-17047614,US,S3,1,0.9000,0.9998
S1-322726133,S3-337602260,US,S3,2,0.7985,0.9996
S1-322810673,S3-766899749,US,S3,1,1.0000,0.9964
S1-322810673,S2-905161378,US,S2,2,1.0000,1.0000
S1-322810673,S2-282753228,US,S2,3,1.0000,0.9823
S1-32284919,S3-996371836,US,S3,1,0.8667,0.8366
S1-32284919,S3-66755822,US,S3,2,0.8667,0.9996
S1-32284919,S3-414757485,US,S3,3,0.8667,0.9979
S1-32284919,S2-891986030,US,S2,41,0.5923,0.9965
S1-32284919,S2-814455248,US,S2,237,0.4495,0.9845
S1-322870651,S3-930239960,India,S3,15,0.7667,0.6193
S1-322930860,S3-730622457,US,S3,1,0.7667,0.9972
S1-322930860,S2-830206039,US,S2,2,0.7667,0.9989
S1-322951657,S2-671051294,US,S2,1,1.0000,0.9996
S1-322951657,S2-997680444,US,S2,2,0.8801,0.9997
S1-322951657,S3-37481334,US,S3,3,0.7569,0.9987
S1-323052295,S3-228093388,India,S3,1,1.0000,0.9909
S1-323052295,S2-881272764,India,S2,2,1.0000,0.9954
S1-323052295,S2-772212626,India,S2,4,0.8471,0.9885
S1-323052295,S3-672378820,India,S3,48,0.7569,0.9920
S1-323098384,S2-324642957,US,S2,1,0.9149,0.9998
S1-323098384,S3-684651804,US,S3,2,0.8410,0.9998
S1-323098384,S2-774801888,US,S2,3,0.7732,0.9991
S1-323098384,S2-550301945,US,S2,5,0.7357,0.9992
S1-323231925,S2-557869345,India,S2,1,0.8667,0.9999
S1-323257356,S2-960478775,India,S2,1,0.8667,0.9995
S1-323257356,S2-274316568,India,S2,2,0.8000,0.9771
S1-323257356,S3-741075192,India,S3,4,0.7190,0.9837
S1-323257356,S2-370217090,India,S2,5,0.5391,0.9197
S1-323257356,S2-731919271,India,S2,6,0.5051,0.8773
S1-323272357,S3-894151950,US,S3,61,0.6641,0.9940
S1-323272357,S3-907562905,US,S3,62,0.6556,0.9948
S1-323312474,S3-467444063,US,S3,1,1.0000,1.0000
S1-323312474,S2-884959182,US,S2,2,1.0000,0.9992
S1-323312474,S2-472816960,US,S2,3,1.0000,0.9998
S1-323312474,S2-181816484,US,S2,4,0.8111,0.9997
S1-323325143,S2-799745102,India,S2,1,1.0000,1.0000
S1-323325143,S3-264661477,India,S3,2,0.8619,0.9986
S1-323325143,S2-171202066,India,S2,72,0.6725,0.9965
S1-323528161,S3-733273529,US,S3,1,0.8287,0.9985
S1-323528161,S2-129507357,US,S2,2,0.8287,0.9971
S1-323528161,S2-57956996,US,S2,3,0.8278,0.9986
S1-323528161,S3-488939068,US,S3,4,0.7267,0.9955
S1-323553135,S3-186401840,India,S3,43,0.7143,0.9984
S1-323737434,S3-655925790,India,S3,1,0.8667,0.4577
S1-323737434,S3-390401344,India,S3,2,0.8667,0.7914
S1-323737434,S2-917822353,India,S2,3,0.8667,0.9998
S1-323769977,S2-861982413,US,S2,1,1.0000,1.0000
S1-323769977,S3-436784641,US,S3,2,0.7762,0.9977
S1-323769977,S3-695728960,US,S3,3,0.7667,0.7768
S1-323769977,S3-634777464,US,S3,4,0.7667,0.5714
S1-323808444,S2-59187940,US,S2,1,0.8619,0.9993
S1-323808444,S2-523659177,US,S2,2,0.8333,0.9984
S1-323836670,S3-813085367,India,S3,1,1.0000,1.0000
S1-323836670,S3-161876483,India,S3,2,1.0000,0.9972
S1-323836670,S2-392456141,India,S2,3,1.0000,0.9988
S1-323872887,S3-803461757,India,S3,1,0.8143,0.9948
S1-323872887,S2-901846369,India,S2,2,0.7667,0.7650
S1-323883301,S3-786438396,India,S3,1,0.9000,0.9998
S1-323883301,S2-292703649,India,S2,45,0.7667,0.8902
S1-323883301,S2-569742944,India,S2,53,0.7154,0.7571
S1-323958676,S3-664700295,India,S3,1,1.0000,0.9931
S1-323958676,S2-879472932,India,S2,2,0.8333,0.9193
S1-323958676,S3-190742214,India,S3,3,0.8037,0.9762
S1-324141201,S3-493906112,US,S3,4,0.9000,0.9808
S1-324141201,S2-829781601,US,S2,5,0.7933,0.9973
S1-324156105,S2-570215244,US,S2,1,1.0000,1.0000
S1-324156105,S3-332654014,US,S3,3,0.7944,0.9984
S1-324222399,S2-715021932,US,S2,1,1.0000,1.0000
S1-324222399,S2-895742794,US,S2,2,0.8692,0.9997
S1-324222399,S3-736360740,US,S3,4,0.6324,0.9160
S1-324274934,S3-36466473,US,S3,1,1.0000,1.0000
S1-324274934,S2-782402439,US,S2,2,1.0000,1.0000
S1-324274934,S3-408935297,US,S3,4,0.7667,0.9991
S1-324323398,S3-146433249,India,S3,1,0.8667,0.9591
S1-324323398,S2-530603108,India,S2,2,0.8667,0.9145
S1-324345591,S3-590830761,India,S3,1,0.8667,0.9718
S1-324345591,S3-296223607,India,S3,2,0.8667,0.6732
S1-324345591,S2-893407597,India,S2,3,0.8667,0.9902
S1-324390489,S3-26693237,US,S3,1,0.7933,0.9632
S1-324390489,S2-243438430,US,S2,2,0.7255,0.9986
S1-324390489,S3-728046205,US,S3,3,0.6400,0.9884
S1-324390489,S3-299635586,US,S3,4,0.5918,0.8913
S1-324441364,S3-915358240,US,S3,1,1.0000,1.0000
S1-324441364,S2-854240250,US,S2,2,1.0000,1.0000
S1-324441364,S2-17056911,US,S2,3,1.0000,1.0000
S1-324441364,S3-786435019,US,S3,806,0.6476,0.9999
S1-324458783,S3-655599687,US,S3,1,1.0000,0.9985
S1-324458783,S2-861114162,US,S2,2,0.9000,0.9990
S1-324458783,S2-517991564,US,S2,3,0.9000,1.0000
S1-324458783,S3-697243286,US,S3,4,0.6847,0.9824
S1-3244900,S2-55845483,India,S2,70,0.7619,0.9705
S1-324535766,S3-831373195,US,S3,1,0.8667,0.9919
S1-324582460,S3-793818398,US,S3,1,1.0000,1.0000
S1-324582460,S3-507666016,US,S3,2,0.8823,0.9999
S1-324582460,S2-801887976,US,S2,3,0.8823,0.9996
S1-324582460,S3-475749467,US,S3,10,0.7083,0.9983
S1-324595550,S2-756890612,India,S2,1,1.0000,0.9977
S1-324595550,S2-116981112,India,S2,2,1.0000,0.9936
S1-324595550,S3-9997630,India,S3,4,0.8857,0.9986
S1-324629834,S3-429701405,US,S3,1,1.0000,1.0000
S1-324629834,S2-525206386,US,S2,2,0.7081,0.9987
S1-324634551,S3-871670879,India,S3,1,0.9000,0.9999
S1-324634551,S3-753372469,India,S3,2,0.9000,1.0000
S1-324650686,S3-51017109,India,S3,1,0.9000,0.9998
S1-324650686,S2-31830464,India,S2,2,0.9000,0.9999
S1-324650686,S2-692629703,India,S2,3,0.7667,0.9634
S1-32466529,S3-900095488,US,S3,1,0.9000,0.9817
S1-32466529,S3-704730997,US,S3,2,0.9000,0.9887
S1-324670605,S3-160403797,India,S3,1,1.0000,0.9992
S1-324670605,S2-861215281,India,S2,2,0.9333,0.9295
S1-324670605,S3-23075564,India,S3,5,0.6914,0.9954
S1-324670605,S2-151456485,India,S2,87,0.6247,0.9661
S1-324812386,S3-669832192,India,S3,1,0.9000,0.9980
S1-324812386,S3-601257142,India,S3,2,0.9000,1.0000
S1-324812386,S3-924401264,India,S3,3,0.8255,0.9988
S1-324812386,S2-835707949,India,S2,10,0.7000,0.9982
S1-324835615,S2-785872091,US,S2,1,0.9000,1.0000
S1-324835615,S3-312437685,US,S3,2,0.7407,0.9991
S1-324837688,S3-895326661,US,S3,1,1.0000,1.0000
S1-324837688,S3-488915254,US,S3,2,1.0000,1.0000
S1-324837688,S2-615229377,US,S2,3,1.0000,1.0000
S1-324837688,S3-883750930,US,S3,4,0.8500,0.9976
S1-324837688,S2-670092793,US,S2,5,0.8333,0.9999
S1-324837688,S2-495987698,US,S2,105,0.7437,0.9998
S1-324895475,S2-718411948,US,S2,1,1.0000,0.9997
S1-324895475,S3-736773467,US,S3,3,0.6985,0.9983
S1-324895475,S3-265872497,US,S3,4,0.6944,0.9940
S1-32489635,S3-667096090,India,S3,4,0.7599,0.9999
S1-325033297,S3-826000662,US,S3,1,1.0000,0.9999
S1-325033297,S3-22736516,US,S3,2,1.0000,1.0000
S1-325033297,S3-811241299,US,S3,3,0.6649,0.9998
S1-325050800,S3-855042802,India,S3,1,1.0000,0.9961
S1-325050800,S3-337760937,India,S3,2,1.0000,0.9986
S1-325050800,S2-629567483,India,S2,3,1.0000,1.0000
S1-325068470,S3-294340702,India,S3,1,0.8784,0.9999
S1-325068470,S2-501881751,India,S2,2,0.8658,0.9987
S1-325082440,S3-33571257,US,S3,1,1.0000,0.9999
S1-325082440,S3-921218758,US,S3,2,0.9000,0.9998
S1-325082440,S2-619114028,US,S2,3,0.9000,0.9999
S1-325082440,S3-631020298,US,S3,4,0.7262,0.9971
S1-325082440,S3-304711171,US,S3,5,0.4500,0.4379
S1-325115991,S3-635943140,US,S3,1,1.0000,0.9994
S1-325115991,S2-794698020,US,S2,2,1.0000,1.0000
S1-325115991,S2-777028752,US,S2,3,1.0000,0.9993
S1-325115991,S2-474250406,US,S2,4,1.0000,0.9942
S1-325115991,S2-941723274,US,S2,5,0.8596,0.9963
S1-325115991,S3-100633905,US,S3,6,0.8195,0.9982
S1-325115991,S2-23840790,US,S2,7,0.8195,0.9993
S1-325115991,S3-194005761,US,S3,8,0.8065,1.0000
S1-325155435,S2-904479480,US,S2,1,1.0000,0.9998
S1-325155435,S3-881041445,US,S3,2,0.8387,0.9982
S1-325155435,S2-518843156,US,S2,3,0.7667,0.9995
S1-325156513,S2-28220300,US,S2,1,1.0000,0.9996
S1-325156513,S3-940620725,US,S3,2,0.9000,0.9999
S1-325156513,S3-850171648,US,S3,3,0.7667,0.7342
S1-325156513,S3-397725175,US,S3,11,0.7525,0.9999
S1-325156513,S2-202750952,US,S2,12,0.6559,0.9983
S1-325203838,S3-55382835,India,S3,1,1.0000,0.9990
S1-325257588,S3-917955233,US,S3,1,1.0000,0.9977
S1-325257588,S2-963588822,US,S2,2,0.8667,0.9998
S1-325257588,S2-137946094,US,S2,3,0.8667,0.9487
S1-325257588,S2-305728915,US,S2,4,0.7839,0.9975
S1-325257588,S3-12830970,US,S3,9,0.7250,0.9999
S1-325262359,S3-207583994,US,S3,281,0.7667,0.7419
S1-325262359,S2-492814384,US,S2,532,0.7667,0.5250
S1-325262359,S3-890472479,US,S3,673,0.6833,0.9992
S1-325274264,S3-999778531,US,S3,1,1.0000,1.0000
S1-325274264,S3-27527499,US,S3,2,1.0000,1.0000
S1-325274264,S2-574689426,US,S2,3,1.0000,0.9998
S1-325274264,S3-152422672,US,S3,4,0.8212,0.9992
S1-325324472,S3-457931084,India,S3,1,0.8667,0.9597
S1-325324472,S3-126882481,India,S3,2,0.8667,0.9992
S1-325330265,S2-747498566,US,S2,1,0.8697,0.9997
S1-325330265,S2-550687681,US,S2,2,0.7833,0.9961
S1-325330265,S2-70556231,US,S2,3,0.7667,0.9982
S1-325330265,S3-4345105,US,S3,4,0.6843,0.9674
S1-325409422,S3-546822728,India,S3,1,1.0000,0.9988
S1-325409422,S2-822356363,India,S2,2,1.0000,0.9999
S1-325409422,S2-11354823,India,S2,25,0.6296,0.9910
S1-325414717,S2-840606888,India,S2,1,1.0000,0.9990
S1-325481433,S2-401470113,US,S2,1,0.9000,0.9999
S1-325577450,S2-867494699,US,S2,1,0.8854,0.9998
S1-325642812,S3-366107934,India,S3,1,1.0000,0.9993
S1-32568545,S3-454000702,US,S3,1,0.8667,0.9992
S1-32568545,S2-861926352,US,S2,8,0.5833,0.8706
S1-325779202,S2-792642255,India,S2,1,1.0000,0.9986
S1-325779202,S3-856895192,India,S3,2,0.9000,0.9739
S1-325860625,S2-102486560,US,S2,1,1.0000,0.9997
S1-325886926,S2-663906218,US,S2,2,0.7667,0.7851
S1-325886926,S3-992084332,US,S3,4,0.6708,0.9984
S1-325914115,S3-388851750,India,S3,1,0.9667,0.9956
S1-325914115,S3-11352638,India,S3,2,0.9667,0.9870
S1-325971184,S2-162483289,India,S2,1,0.7812,0.9997
S1-325971184,S3-801310836,India,S3,2,0.7667,0.9921
S1-325996085,S3-903848081,US,S3,1,1.0000,0.9997
S1-325996085,S3-608497008,US,S3,2,1.0000,1.0000
S1-325996085,S3-950132376,US,S3,6,0.7396,0.9947
S1-325996085,S3-175292703,US,S3,7,0.7026,1.0000
S1-326097828,S2-300232127,India,S2,1,0.9161,0.9993
S1-326097828,S3-462562145,India,S3,52,0.7262,0.9976
S1-326166558,S3-567848861,India,S3,1,1.0000,1.0000
S1-326166558,S2-553249723,India,S2,2,1.0000,1.0000
S1-326166558,S2-756074187,India,S2,3,0.8333,0.9998
S1-326166558,S3-505042524,India,S3,4,0.7527,0.9998
S1-326303617,S3-580913010,US,S3,1,1.0000,1.0000
S1-326303617,S3-493820644,US,S3,2,1.0000,1.0000
S1-326303617,S2-615750306,US,S2,3,1.0000,1.0000
S1-326303617,S2-739260806,US,S2,5,0.7417,0.9965
S1-32632810,S2-164911954,India,S2,2,1.0000,0.9980
S1-32632810,S2-402834445,India,S2,3,0.7083,0.9972
S1-32632810,S2-640541318,India,S2,4,0.6942,0.9898
S1-326354939,S2-46373819,US,S2,1,1.0000,0.9997
S1-326354939,S2-449443341,US,S2,2,1.0000,0.9998
S1-326354939,S3-782431503,US,S3,3,0.8843,0.9998
S1-326354939,S2-373316264,US,S2,4,0.8083,0.9987
S1-326354939,S2-600827280,US,S2,6,0.6333,0.9863
S1-326355413,S2-504330994,US,S2,1,0.8193,0.9996
S1-326355413,S2-209278648,US,S2,593,0.7667,0.5519
S1-326455266,S2-839862363,US,S2,1,1.0000,0.9999
S1-326455266,S2-313104308,US,S2,2,0.9238,0.9997
S1-326455266,S2-372325510,US,S2,3,0.9095,0.9995
S1-326455266,S2-705358121,US,S2,4,0.7842,0.9995
S1-326522181,S2-666107624,India,S2,1,1.0000,0.9988
S1-326522181,S2-195396902,India,S2,2,1.0000,0.9988
S1-326522181,S2-515925378,India,S2,3,0.7333,0.9982
S1-326522181,S3-440898501,India,S3,4,0.6778,0.9952
S1-326522181,S3-653310701,India,S3,7,0.6364,0.9632
S1-32657654,S3-627008276,India,S3,1,1.0000,0.9998
S1-32657654,S2-687400361,India,S2,2,0.9000,0.9999
S1-32657654,S3-978018043,India,S3,10,0.6439,0.9989
S1-326600413,S3-476572535,India,S3,1,0.7667,0.9973
S1-326600413,S3-431243755,India,S3,2,0.7667,0.9996
S1-326600413,S2-385478346,India,S2,3,0.7667,0.9984
S1-326619590,S3-394749351,India,S3,1,1.0000,0.9998
S1-326619590,S2-592975789,India,S2,2,1.0000,0.9998
S1-326619590,S3-872275132,India,S3,46,0.7333,0.9937
S1-326627045,S3-994334858,US,S3,1,1.0000,0.9996
S1-326627045,S3-651044608,US,S3,2,1.0000,1.0000
S1-326627045,S2-24624126,US,S2,3,1.0000,0.9996
S1-326627045,S2-114301654,US,S2,4,0.8480,0.9981
S1-326627045,S2-583979327,US,S2,5,0.7667,0.8374
S1-326627045,S2-291364086,US,S2,6,0.7667,0.5182
S1-326682178,S3-801158057,India,S3,1,1.0000,0.9985
S1-326682178,S3-348357148,India,S3,2,1.0000,0.9985
S1-326682178,S3-137097626,India,S3,3,1.0000,0.9985
S1-326682178,S3-330650080,India,S3,15,0.7667,0.9975
S1-326682178,S2-48733890,India,S2,120,0.7667,0.2601
S1-326682178,S2-334495381,India,S2,132,0.7667,0.2601
S1-326689837,S3-119008073,India,S3,1,1.0000,0.9999
S1-326689837,S3-251683524,India,S3,1131,0.6439,0.9986
S1-326689837,S3-744342891,India,S3,1132,0.6152,0.9583
S1-32670897,S2-432445059,US,S2,1,0.4946,0.4593
S1-326730214,S2-601918022,India,S2,1,0.9000,0.9998
S1-326730214,S2-737116600,India,S2,85,0.6333,0.9527
S1-326848237,S3-267449712,US,S3,1,1.0000,0.9993
S1-326848237,S2-555006114,US,S2,343,0.6833,0.9995
S1-32712115,S2-973045317,US,S2,1,0.8667,0.6545
S1-32712115,S2-41530526,US,S2,2,0.8667,0.6903
S1-32712115,S2-958880816,US,S2,107,0.7667,0.5420
S1-327137545,S3-939649351,India,S3,1,1.0000,0.9951
S1-327137545,S2-10998293,India,S2,2,0.8692,0.9994
S1-327217532,S3-564238522,India,S3,1,1.0000,0.9991
S1-327217532,S2-532098704,India,S2,2,0.7407,0.9960
S1-327291115,S3-694068783,India,S3,1,1.0000,0.9997
S1-327291115,S3-667246357,India,S3,2,1.0000,0.9995
S1-327291115,S2-560412482,India,S2,28,0.7092,0.9925
S1-327324046,S2-862307977,US,S2,1,1.0000,0.9993
S1-327324046,S2-667476593,US,S2,2,1.0000,0.9992
S1-327324046,S3-503192875,US,S3,76,0.6256,0.9957
S1-327391340,S2-38124634,India,S2,1,0.9000,0.5645
S1-327391340,S2-218219987,India,S2,2,0.9000,0.5645
S1-327425253,S2-668893486,US,S2,1,1.0000,1.0000
S1-327425253,S3-223481552,US,S3,2,0.8052,0.9994
S1-327478828,S2-285751915,India,S2,3,0.8262,0.9998
S1-327478828,S3-855722396,India,S3,4,0.7667,0.9934
S1-327561216,S3-39627386,India,S3,1,1.0000,1.0000
S1-327561216,S2-381083313,India,S2,2,0.9500,1.0000
S1-327561216,S2-652180638,India,S2,14,0.5760,0.9631
S1-327635348,S2-958950474,India,S2,1,1.0000,0.9996
S1-327635348,S2-2147346,India,S2,2,1.0000,1.0000
S1-327635348,S3-962719504,India,S3,1151,0.5308,0.7604
S1-3276518,S3-846104279,India,S3,1,1.0000,0.9975
S1-3276518,S3-565779720,India,S3,2,1.0000,1.0000
S1-3276518,S2-268969160,India,S2,3,1.0000,1.0000
S1-3276518,S3-456193400,India,S3,6,0.6559,0.9979
S1-327688554,S3-91860839,India,S3,1,1.0000,0.9980
S1-327688554,S2-536912030,India,S2,2,1.0000,1.0000
S1-327696338,S2-85323707,India,S2,1,0.8667,0.9987
S1-327696338,S2-436696126,India,S2,2,0.8667,0.9989
S1-327696338,S2-430234331,India,S2,3,0.8667,0.6876
S1-32786413,S2-820405893,India,S2,1,1.0000,0.9997
S1-32786413,S3-170261202,India,S3,2,0.9000,0.9745
S1-327889835,S2-870279072,US,S2,1,1.0000,1.0000
S1-327889835,S3-580836692,US,S3,45,0.7667,0.9941
S1-327889835,S3-520451767,US,S3,55,0.7667,0.9967
S1-327889835,S2-457731612,US,S2,187,0.7092,0.9974
S1-327913340,S2-953270093,India,S2,1,1.0000,0.9984
S1-327913340,S2-567383450,India,S2,2,1.0000,0.9994
S1-327913340,S2-558527880,India,S2,3,1.0000,0.9994
S1-327913340,S2-98786728,India,S2,4,0.8048,0.9983
S1-327916766,S3-319276580,US,S3,1,1.0000,1.0000
S1-327916766,S2-169823314,US,S2,2,0.7667,0.5748
S1-327916766,S3-869813421,US,S3,3,0.7256,0.9944
S1-327997898,S2-137896822,India,S2,1,1.0000,0.9994
S1-328028099,S3-72200744,US,S3,1,1.0000,1.0000
S1-328028099,S3-43680868,US,S3,8,0.7481,0.9996
S1-328033342,S2-107978939,India,S2,1,0.8667,0.9999
S1-328042905,S2-574380829,India,S2,1,1.0000,0.9950
S1-328042905,S3-121621018,India,S3,2,0.8246,0.9994
S1-328042905,S3-822585951,India,S3,3,0.6515,0.9985
S1-32811389,S3-966431365,US,S3,1,1.0000,1.0000
S1-32811389,S2-846159577,US,S2,2,1.0000,1.0000
S1-32811389,S2-184166269,US,S2,3,1.0000,1.0000
S1-32811389,S3-70998563,US,S3,4,0.8952,0.9996
S1-32811389,S2-613489408,US,S2,7,0.8024,0.9934
S1-32811389,S3-925935679,US,S3,9,0.7667,0.8667
S1-328145224,S3-124078519,India,S3,1,1.0000,1.0000
S1-328145224,S2-931516271,India,S2,2,1.0000,0.9958
S1-328145224,S2-594374208,India,S2,3,1.0000,0.9958
S1-328252084,S3-706614886,India,S3,1,1.0000,0.9986
S1-328252084,S3-589798848,India,S3,2,1.0000,0.9997
S1-328252084,S2-699265845,India,S2,3,1.0000,1.0000
S1-328252084,S2-414859845,India,S2,11,0.7589,0.9981
S1-328252084,S3-468793366,India,S3,12,0.7061,0.9926
S1-328260243,S2-238733426,US,S2,1,1.0000,0.9998
S1-328260243,S2-130777017,US,S2,2,1.0000,0.9998
S1-328260243,S3-798268170,US,S3,5,0.7667,0.3808
S1-328260243,S3-46303078,US,S3,7,0.7667,0.9897
S1-328300697,S3-820793453,US,S3,1,0.8333,0.9986
S1-328553767,S3-329925350,India,S3,1,1.0000,0.9989
S1-328553767,S2-145157162,India,S2,2,0.9600,0.9947
S1-328603727,S3-943103865,US,S3,1,0.8910,0.9997
S1-328603727,S2-587155650,US,S2,2,0.8910,0.9997
S1-328603727,S2-523437930,US,S2,3,0.8415,0.9997
S1-328603727,S2-355124767,US,S2,4,0.7741,0.9995
S1-328624017,S3-635340287,US,S3,1,1.0000,1.0000
S1-328624017,S2-973647550,US,S2,2,1.0000,1.0000
S1-328624017,S3-165780184,US,S3,3,0.9000,0.9997
S1-328648168,S3-570254409,India,S3,1,0.7667,0.5954
S1-328659231,S2-416026161,India,S2,1,1.0000,0.9976
S1-328659231,S2-148736146,India,S2,2,1.0000,0.9977
S1-328659231,S3-736025561,India,S3,3,0.9333,0.9713
S1-328659231,S3-760828041,India,S3,4,0.8667,0.9989
S1-328694726,S2-629754102,US,S2,1,1.0000,1.0000
S1-328694726,S3-527391644,US,S3,2,0.8436,0.9994
S1-328694726,S3-449318638,US,S3,3,0.7985,0.9990
S1-328775798,S3-281961459,India,S3,1,1.0000,0.9986
S1-328805260,S3-936006523,India,S3,1,1.0000,0.9997
S1-328805260,S3-206899699,India,S3,2,1.0000,0.9994
S1-328805260,S3-477653196,India,S3,3,0.8246,0.9987
S1-328805260,S3-470910045,India,S3,4,0.7667,0.9985
S1-328841997,S3-930565996,India,S3,1,1.0000,0.9993
S1-328841997,S3-252372816,India,S3,2,1.0000,0.9994
S1-328841997,S2-972634002,India,S2,3,0.9000,1.0000
S1-328841997,S2-920589368,India,S2,122,0.6500,0.9917
S1-328908807,S3-927072637,US,S3,1,0.7667,0.9993
S1-328918133,S3-168552518,India,S3,2,1.0000,1.0000
S1-328918133,S2-814383951,India,S2,3,1.0000,0.9953
S1-328918133,S2-385945019,India,S2,4,1.0000,0.9999
S1-328918133,S2-146793484,India,S2,5,1.0000,0.9999
S1-328919213,S3-453095953,US,S3,1,1.0000,0.9996
S1-328919213,S2-405962515,US,S2,6,0.7667,0.3520
S1-328919213,S2-374064449,US,S2,7,0.7667,0.9974
S1-328919213,S3-767121411,US,S3,10,0.7548,0.9967
S1-328945463,S3-379548832,US,S3,1,1.0000,0.9996
S1-328945463,S2-366395973,US,S2,2,1.0000,1.0000
S1-328945463,S2-850025930,US,S2,3,0.6812,0.9977
S1-329112497,S3-762054708,US,S3,1,1.0000,0.9999
S1-329112497,S2-424305527,US,S2,2,0.9149,0.9996
S1-329112497,S2-206282224,US,S2,3,0.8849,0.9991
